name,lon,lat
종로2가사거리,126.987752,37.569806
창경궁.서울대학교병원,126.996521,37.579433
명륜3가.성대입구,126.998251,37.58258
종로2가.삼일교,126.987613,37.568579
혜화동로터리.여운형활동터,127.001744,37.586243
서대문역사거리,126.966893,37.566137
서울역사박물관.경희궁앞,126.97038,37.569135
서울역사박물관.경희궁앞,126.970759,37.569512
광화문역,126.976353,37.570142
광화문역,126.97788,37.57024
종로1가,126.981066,37.570148
종로1가,126.981628,37.570271
종로2가,126.98499,37.570172
종로2가,126.986535,37.570238
종로3가.탑골공원,126.989326,37.570209
종로3가.탑골공원,126.989988,37.570361
종로4가.종묘,126.994722,37.570507
종로4가.종묘,126.995396,37.570635
종로5가.광장시장,126.99906,37.570786
종로5가.광장시장,126.999604,37.57093
종로6가.동대문종합시장,127.004463,37.571011
종로6가.동대문종합시장,127.005714,37.571127
동대문역.흥인지문,127.013816,37.572448
동대문역.흥인지문,127.012419,37.572152
동묘앞.서울혜화경찰서,127.01861,37.573832
동묘앞.서울혜화경찰서,127.019553,37.574246
경기상고,126.969363,37.58755
신교동,126.970263,37.583296
경기상고,126.96977,37.587191
경복고교,126.97088,37.58516
청운중학교,126.972674,37.587811
자하문고개.윤동주문학관,126.967126,37.592187
자하문고개.윤동주문학관,126.967191,37.592335
청운중학교,126.972263,37.588422
경복고교,126.971404,37.585063
통인시장종로구보건소,126.97105,37.580326
통인시장종로구보건소,126.971385,37.580513
효자동,126.970621,37.583091
사직단.어린이도서관,126.967991,37.575136
경복궁역1번출구,126.971416,37.576161
경복궁역2번출구,126.972199,37.57704
경복궁역3번출구,126.972283,37.577671
경복궁,126.978747,37.575577
광화문역2번출구.KT광화문지사,126.977416,37.572321
영추문,126.973982,37.57893
광화문역6번출구,126.976407,37.570045
서울역사박물관.강북삼성병원,126.971248,37.570023
새문안교회,126.972839,37.570337
광화문역7번출구,126.975837,37.570365
세종문화회관,126.976998,37.573649
서울경찰청.경복궁역,126.971484,37.575745
사직단,126.968189,37.574855
광화문역6번출구.광화문빌딩,126.976864,37.569504
덕성여중고,126.981972,37.575769
안국역.서울공예박물관,126.983996,37.57607
국민은행세검정지점,126.960888,37.604663
세검정초등학교,126.96122,37.602502
세검정.상명대,126.958292,37.600477
상명대입구.석파랑,126.95857,37.599413
하림각,126.961707,37.598133
자하문터널입구.석파정,126.963643,37.595594
부암동주민센터.무계원,126.964222,37.592767
부암동주민센터.무계원,126.965142,37.592786
자하문터널입구.석파정,126.963978,37.595558
하림각,126.962215,37.598148
상명대입구.세검정교회,126.959241,37.599616
세검정.세검정성당,126.959156,37.600647
세검정초등학교,126.961433,37.602268
국민은행세검정지점,126.961193,37.604846
승가사입구,126.956306,37.611584
구기동현대빌라,126.956458,37.610036
구기터널.삼성출판박물관,126.95621,37.60861
구기터널.삼성출판박물관,126.956417,37.608305
구기동,126.95853,37.606964
구기동,126.959102,37.607009
승가사입구,126.956482,37.61148
갑을씨티텔앞,126.963535,37.604371
평창파출소,126.966043,37.605322
평창동주민센터,126.969566,37.606607
일성아파트,126.972924,37.608872
롯데아파트,126.976316,37.61039
롯데아파트,126.976652,37.610248
벽산평창힐스아파트,126.972797,37.60819
예능교회,126.97,37.606517
서울예술고등학교.평창동주민센터,126.967628,37.605779
화정박물관,126.96481,37.604504
삼성강북병원.경교장,126.9686,37.568146
독립문역.서대문형무소역사관,126.959322,37.573395
금화초등학교.서울시교육청,126.964705,37.568059
서대문역사거리.적십자병원,126.967588,37.567108
독립문,126.96143,37.571343
창덕궁.우리소리박물관,126.988539,37.577541
서린동.SK서린빌딩,126.980095,37.569264
청계1가.장통교,126.984927,37.568684
청계2가.수표교,126.990817,37.568445
청계4가.세운교,126.996562,37.568925
청계5가.광장시장,126.999797,37.569451
원남동,126.997338,37.574533
창덕궁.우리소리박물관,126.988954,37.577273
안국역6번출구.인사동문화의거리,126.984134,37.575799
조계사.종로경찰서,126.983156,37.572522
조계사.종로경찰서,126.982826,37.572486
안국동사거리,126.98272,37.574611
효제동.김상옥의거터,127.00223,37.5745
종로5가.효제초등학교,127.002144,37.572879
창덕궁.돈화문국악당,126.991235,37.577433
종로5가역6번출구,127.002183,37.57056
청계5가.마전교,127.002849,37.569835
동대문,127.008413,37.571726
충신동,127.006279,37.574022
충신동,127.006343,37.57446
연지공원앞.현대그룹빌딩,127.000807,37.57591
방송통신대.이화장,127.002437,37.578043
혜화역2번출구.마로니에공원,127.002277,37.581119
혜화역3번출구.서울대병원입구,127.001848,37.580956
방송통신대.이화장,127.001978,37.577789
연지공원앞.현대그룹빌딩,127.000695,37.576119
창경궁.서울대학교병원,126.996872,37.578828
이화동(이화장),127.003271,37.575937
혜화동로터리,127.000688,37.58558
명륜동2가.성균관대입구,126.999341,37.583417
혜화역.서울연극센터(장면총리가옥),127.001461,37.584031
혜화역.동성중고(장면총리가옥),127.001556,37.584533
종로구민회관.창신동두산아파트,127.015556,37.574093
동묘앞역6번출구,127.015601,37.571685
동묘앞역5번출구,127.015945,37.571922
청계2가교차로,126.987878,37.568481
창신3동주민센터,127.015178,37.578413
숭인1동주민센터.창신역4번출구,127.015456,37.578628
동묘앞역.롯데캐슬천지인,127.015802,37.57418
신설동역오거리,127.022841,37.575695
동묘앞역2번출구,127.017523,37.573643
구기동현대빌라,126.956622,37.609682
광장시장,126.997744,37.569496
서울특별시재향군인회관,126.997479,37.572581
서울역사박물관,126.972132,37.5699
청계3가.관수교,126.993779,37.568689
청계6가.버들다리,127.008038,37.56993
청계7가.맑은내다리,127.013097,37.570042
청계8가.영도교,127.018126,37.570895
원남동사거리,126.998112,37.575762
숭인2동주민센터,127.020437,37.574272
조계사,126.983161,37.5728
세종문화회관,126.977017,37.573366
이화동(이화장),127.002955,37.576257
상명대정문,126.955143,37.601417
이북오도청,126.955973,37.612723
경복궁역(효자로입구),126.974302,37.57671
상명대입구.세검정교회,126.959792,37.599444
상명대입구.석파랑,126.958194,37.599572
종로중부새마을금고,127.006591,37.572417
신설동역오거리.서울풍물시장,127.023195,37.574255
청계2가.삼일교,126.986989,37.568345
청계8가.황학교,127.022787,37.572131
평창동삼성아파트,126.978798,37.61118
안국역5번출구,126.985537,37.576333
안국역.서울공예박물관,126.984887,37.576414
창덕궁,126.989003,37.577228
남인사마당,126.987429,37.571319
평창파출소,126.966817,37.605681
삼청공원,126.981647,37.588228
수성동계곡,126.964468,37.582081
명륜3가종점,126.992864,37.590948
명륜새마을금고,126.99679,37.587785
서대문역3번출구,126.966394,37.566337
낙산공원,127.008722,37.580404
인사미술공간.세탁소,126.989367,37.581411
화정박물관,126.964884,37.604801
금융연수원,126.981658,37.58664
박노수미술관,126.966603,37.580997
샘미용실.종로구청소년상담복지센터,126.993223,37.59031
서울국제고등학교,126.99729,37.589072
화정박물관,126.965201,37.604981
적십자병원후문앞,126.965445,37.567347
서울성곽.성대후문,126.989569,37.589366
빨래터.고희동미술관,126.989063,37.582987
세검초등학교,126.961491,37.604252
삼청동주민센터,126.981907,37.584264
통인시장,126.968496,37.580442
양현관,126.993604,37.589791
국민생활관,126.998862,37.589746
오거리,126.962263,37.607062
경희궁자이2.3단지,126.964069,37.568787
창신쌍용2단지.한성대후문,127.012758,37.581265
통일부,126.985948,37.587595
원서고개,126.987809,37.583081
종로5가입구,126.997671,37.571793
삼청파출소,126.981251,37.581814
오거리.한옥마을입구,126.969609,37.579405
명륜시장.성대후문,126.995254,37.588511
혜화초등학교,126.999852,37.587253
청련사입구,126.962431,37.60798
영천시장,126.962739,37.570082
명신초.삼선푸르지오.힐스테이트,127.014556,37.582106
감사원,126.98529,37.586211
중앙중고,126.986965,37.583092
인왕빌딩,126.957744,37.607928
종로4가.종묘공원,126.99462,37.570689
국립민속박물관,126.979553,37.579255
광화문새마을금고,126.971147,37.579369
새마을금고,126.996518,37.587737
혜화우체국,127.000614,37.586038
언덕앞,126.963792,37.608954
경희궁자이4단지,126.962115,37.570702
종로센트레빌후문.e편한세상보문아파트,127.016186,37.581774
사우디대사관앞.북촌힐스,126.985031,37.584106
안국선원.삼거리,126.984994,37.582791
구기터널입구,126.956777,37.608205
종로3가역9번출구,126.992093,37.571088
경복궁,126.979338,37.57695
소나무집,126.96411,37.611277
독립문역3번출구,126.959745,37.572878
청룡사.보문파크뷰자이아파트,127.017007,37.580019
북촌한옥마을입구.정세권활동터,126.984942,37.5816
종로1.2.3.4가동주민센터,126.991131,37.574384
창덕궁,126.99062,37.576089
아름다운실버,126.965464,37.61201
독립문초등학교,126.960678,37.57387
종로센트레빌아파트,127.015693,37.580353
가회동주민센터,126.984954,37.579973
구기빌라,126.95798,37.606269
원남로터리,126.997511,37.576237
보현산신각,126.965779,37.613483
린덴바움숲유치원,126.961804,37.574669
쌍용아파트입구.창신역,127.014945,37.579874
아름다운가게.정독도서관,126.985127,37.578948
산정빌라,126.957492,37.605152
이화사거리,127.002091,37.57651
박종화고택입구,126.967687,37.61431
무악현대아파트후문,126.961941,37.576337
헌법재판소.안국역,126.985815,37.577387
청구빌라,126.956984,37.60461
서울대어린이병원응급실.갑상선센터,126.999503,37.578119
화인빌라,126.968539,37.612935
행촌주차장,126.962888,37.575273
창신초등학교,127.015389,37.576903
수운회관,126.986669,37.575219
상명대후문,126.957335,37.604026
힐탑,126.969021,37.611606
성결교신대원총회본부,126.963445,37.573976
낙원상가,126.987415,37.573756
완성빌라,126.957501,37.603402
서울대병원장례식장,126.997431,37.580555
혜화역1번출구,127.001763,37.583473
감나무골공원,126.969948,37.612406
한국사회과학도서관.이회영기념관,126.964124,37.573667
동묘앞역8번출구,127.014245,37.572694
종로2가.탑골공원,126.98746,37.570697
경진빌라,126.95783,37.602004
성대입구,126.999285,37.583353
청와대,126.973768,37.582971
춘추문,126.979655,37.583128
경복궁.국립민속박물관,126.979591,37.579414
EN갤러리,126.970609,37.613422
유림회관앞,126.996981,37.585896
성균관대정문,126.99662,37.584956
600주년기념관,126.993943,37.587328
성균관대운동장,126.99237,37.587863
학생회관,126.993675,37.58742
종로문화체육센터,126.964532,37.574694
동대문역2번출구,127.011722,37.572049
종각역.YMCA,126.985089,37.570398
서교빌라,126.957155,37.601989
경복궁역,126.972473,37.577072
성대입구,126.998853,37.583267
무애사,126.971846,37.6139
단군성전앞,126.965318,37.57556
동대문종합시장,127.004958,37.571216
상명초등학교,126.956715,37.600924
법련사,126.979665,37.576588
광화문새마을금고,126.971028,37.579493
성균관대학교,126.996646,37.584886
참샘골공원,126.974252,37.61461
황학정앞,126.965329,37.576813
종로5가역.중부교육지원청,127.00209,37.571419
인사동들머리.3.1독립선언터,126.983297,37.571947
정독도서관,126.980081,37.580261
오거리.한옥마을입구,126.969739,37.579468
평창공원지킴터입구,126.975744,37.616396
창경궁.고궁호텔.메이플레이스호텔,126.997449,37.576558
광화문,126.975569,37.570337
종로1가,126.980129,37.57037
종로2가,126.986462,37.570082
종로3가역11번출구,126.993208,37.570635
종로3가,126.990993,37.570102
종로4가,126.996251,37.570469
동대문종합시장.종로6가,127.003291,37.570865
종로도서관,126.967125,37.576484
경복궁역,126.971506,37.576178
경복궁역7번출구,126.971682,37.575819
안국역,126.98523,37.576614
안국역,126.985506,37.576319
창덕궁,126.9889,37.57752
성대입구,126.999236,37.583283
종로사우나,126.98775,37.573801
홍지파크,126.955716,37.601242
삼청파출소,126.981326,37.581645
통인시장.종로구보건소,126.96875,37.580335
종로5가역.광장시장,127.000039,37.570772
평창동산림제3초소,126.977103,37.617356
배화여중고,126.967699,37.576779
대학로입구.이화사거리,127.00258,37.575984
운현궁,126.986981,37.575272
상명대입구,126.956958,37.600021
삼청동주민센터,126.982211,37.584685
박노수미술관,126.966894,37.581027
김창열.윤명로화실,126.978369,37.616305
사직공원.경복궁역입구,126.968904,37.576221
충신시장,127.005405,37.574977
안국역2번출구앞,126.986118,37.577173
금융연수원,126.981848,37.585878
감람산기도원,126.979873,37.615944
카센터.사직터널앞,126.96589,37.574099
재동초등학교,126.985362,37.578791
삼청공원삼거리.옥호정터,126.981744,37.587419
이화사거리,127.002281,37.57532
연화정사,126.979494,37.614649
대신중고,126.961689,37.572618
현대사거리,126.986635,37.579242
교남동주민센터,126.961328,37.572182
부암동주민센터.무계원,126.963768,37.592935
형제봉입구,126.981686,37.612864
교남동새마을금고,126.962337,37.571494
창신초교,127.01572,37.576037
가회동주민센터,126.985129,37.579943
볼링장,126.987959,37.579255
석파정.서울미술관,126.963782,37.594764
지구촌교회,126.979242,37.613106
월암공원,126.964692,37.571226
숭인1동주민센터,127.015561,37.577415
북촌한옥마을입구.정세권활동터,126.985169,37.581281
하림각,126.962966,37.597685
보현빌라,126.978421,37.615382
스위스대사관,126.965696,37.570141
안국선원.삼거리,126.985221,37.582743
세검정교회,126.960029,37.599388
혜화동로터리,127.001003,37.58592
김종영미술관,126.978112,37.613264
서울시교육청,126.9667,37.569382
창신쌍용1단지.종로센트레빌아파트,127.015569,37.580323
사우디대사관.북촌힐스,126.985249,37.583863
상명대입구,126.957402,37.599854
혜화초등학교,126.999991,37.587389
강북삼성병원,126.968338,37.568532
청룡사.보문파크뷰자이아파트,127.017151,37.579785
감사원,126.985562,37.586266
국민생활관,126.999314,37.589628
종로센트레빌후문.e편한세상보문아파트,127.016235,37.581898
통일부,126.986107,37.587531
서울국제고등학교,126.997141,37.589074
성대후문.와룡공원,126.989734,37.589152
상명초등학교,126.956817,37.600905
새마을금고,126.996569,37.587841
경진빌라,126.957948,37.601864
명륜시장.성대후문,126.995231,37.588725
완성빌라,126.957667,37.60334
양현관,126.993769,37.589768
상명대후문,126.957463,37.604072
샘미용실.종로구청소년상담복지센터,126.993408,37.590255
산정빌라,126.957578,37.605284
구기빌라,126.957981,37.606133
마트앞,126.958756,37.606699
국민은행.세검정지점,126.960873,37.604954
혜화역4번출구,127.001554,37.583508
방송통신대앞,127.001993,37.578697
서울대치과대학,126.997801,37.577408
효제초교.연동교회.김마리아활동터,127.002209,37.573641
성균관대학교,126.990004,37.588464
서울대치과대학,126.997863,37.577573
이화사거리,127.002008,37.576948
서울대학교병원현관.암병원현관,126.998163,37.579087
종각.공평유적전시관,126.98319,37.57164
조계사,126.983136,37.573602
동대문역JW메리어트동대문호텔,127.009282,37.570637
대학로,127.00212,37.581896
창경궁,126.996416,37.57916
창덕궁,126.990178,37.57753
인사동.북촌,126.983798,37.575895
경복궁.국립민속박물관,126.979549,37.579339
세종문화회관,126.976912,37.573139
통인시장,126.971332,37.579119
세종문화회관,126.977014,37.573156
종각역,126.982894,37.56938
인사동.탑골공원,126.988801,37.570116
종묘.세운상가,126.9935,37.570374
광장시장,126.999679,37.570752
동묘.숭인동도깨비시장,127.018044,37.573477
서울풍물시장,127.023178,37.57334
청와대,126.97376,37.582685
서울역사박물관.경희궁,126.971956,37.569902
명동성당.남대문세무서,126.98753,37.564985
국가인권위.안중근활동터,126.987852,37.56435
서울역버스환승센터,126.972257,37.555146
서울역버스환승센터,126.972592,37.555403
서울역버스환승센터,126.972724,37.555389
서울역버스환승센터,126.972855,37.555479
서울역버스환승센터.강우규의거터,126.97294,37.555414
숭례문,126.973778,37.558639
서울시청,126.980632,37.566138
만리동고개,126.962658,37.551787
손기정체육공원입구,126.966234,37.554446
서울의료보건고등학교.서울역서부,126.968903,37.555848
서울역서부,126.969151,37.556238
서울역서부,126.969293,37.555855
중림동교차로,126.969135,37.558384
중림동.충정로역2호선,126.964879,37.559839
한국경제신문사.서소문역사공원,126.967868,37.560211
한국경제신문사.서소문역사공원,126.968114,37.560623
경찰청.동북아역사재단,126.969127,37.563049
장충동써미트호텔,127.006675,37.562274
농협은행.유관순활동터,126.967787,37.564906
염천교,126.973114,37.55987
숭례문,126.973358,37.558401
숭례문.한국일보,126.973738,37.558771
후암삼거리,126.975994,37.553406
숭례문,126.974363,37.558763
숭례문,126.974044,37.55842
숭례문.서울역4번출구,126.973628,37.558001
숭례문.남대문시장8번출입구,126.975998,37.558872
숭례문남산방향,126.975672,37.558558
남대문시장.신세계앞,126.98006,37.561191
북창동.남대문시장,126.978555,37.561273
소공동주민센터,126.976444,37.562197
삼성본관앞,126.975908,37.562052
시청역8번출구,126.976149,37.562764
시청역9번출구.시청서소문2청사,126.974652,37.56319
시청역11번출구,126.975314,37.563722
시청.서소문청사,126.974954,37.563525
광교,126.982844,37.568107
서울신문사,126.977365,37.568363
명동성당,126.987419,37.564974
우리은행종로지점,126.982866,37.567839
롯데백화점,126.982207,37.564507
소공동.롯데영플라자,126.981548,37.562891
명동.롯데영플라자,126.982008,37.562885
명동입구B,126.982398,37.564425
신세계백화점,126.981432,37.561127
남대문시장.회현역,126.977765,37.558268
남대문시장.회현역,126.978465,37.558492
남산3호터널,126.98274,37.55831
남산3호터널.정화예술대학교,126.982636,37.559526
명동역4번출구,126.984916,37.560658
퇴계로2가.명동역5번출구,126.984358,37.560933
충무로역.한옥마을.한국의집,126.991777,37.561251
충무로역.한옥마을.한국의집,126.99241,37.560902
충무로역2번출구,126.994729,37.561238
충무로역8번출구,126.996492,37.562037
초동,126.993112,37.563346
을지로입구.로얄호텔,126.98539,37.565876
을지로입구.시청입구,126.981171,37.566138
을지로2가.기업은행본점.서울노동청,126.986523,37.566246
을지로2가.파인에비뉴,126.988671,37.566073
을지로3가,126.99026,37.566373
을지로3가,126.991424,37.566139
을지로4가,126.995934,37.566684
을지로4가.베스트웨스턴국도,126.996847,37.566401
중구청앞.덕수중학교,126.998148,37.564717
방산시장.을지로4가역6번출구,126.999259,37.566818
을지로5가.중부시장,127.001115,37.56662
방산시장.훈련원종합체육관,127.002404,37.567961
을지로5가,127.002595,37.565824
을지로6가.국립중앙의료원,127.006232,37.56617
동대문역사문화공원역8번출구,127.00721,37.565053
동대문역사문화공원역9번출구,127.007722,37.565173
을지로6가.국립중앙의료원,127.005843,37.566463
동대문역사문화공원,127.008356,37.567354
동대문역사문화공원,127.009169,37.567484
중구보건소.충무아트센터,127.013523,37.565168
중구보건소.충무아트센터,127.014741,37.565018
성동공업고등학교(무궁화회관),127.015756,37.568348
성동공업고등학교앞,127.016129,37.568695
신당역1번출구.서울중앙시장,127.018743,37.565728
신당역4번출구.서울중앙시장,127.01948,37.565492
성동고등학교건너,127.022182,37.565594
신당5동주민센터.성동고등학교,127.022398,37.565241
신당누리센터.신당동떡볶이타운,127.015096,37.562795
신당동떡볶이타운.중구여성플라자,127.015191,37.56231
청구초등학교.청구역,127.013216,37.558948
장충초등학교.청구역,127.013032,37.559257
약수역2번출구.가온도서관,127.011043,37.555793
약수역3번출구.약수하이츠,127.01138,37.55575
약수역4번출구.금호터널입구,127.012012,37.553399
약수역5번출구.금호터널입구,127.011869,37.552924
약수역8번출구.신당사회복지관,127.009957,37.553865
약수역7번출구.약수동주민센터,127.009298,37.552851
송도병원,127.007719,37.550268
송도병원건너,127.007398,37.550227
약수역1번출구,127.009756,37.556253
장충체육관앞,127.008061,37.558336
장충체육관앞,127.007828,37.558002
장충동.동국대입구,127.00591,37.560621
장충동.동국대입구,127.005629,37.560666
퇴계로6가,127.003901,37.563401
퇴계로6가.광희동주민센터,127.003376,37.563528
퇴계로5가.충무초등학교,126.999966,37.56238
퇴계로5가.중구청,126.999725,37.56278
국립극장.반얀트리호텔,127.001095,37.551482
국립극장.반얀트리호텔,127.000753,37.551534
청구역2번출구.흥인초등학교,127.014656,37.55996
청구역3번출구,127.014219,37.55993
동화동.청구이편한세상,127.018126,37.560024
청구동.신당동삼성아파트,127.018274,37.559813
백범광장,126.980093,37.555737
남대문경찰서.서울역10번출구,126.97384,37.554128
남대문시장앞.이회영활동터,126.97858,37.560939
남산케이블카.남산산책로입구,126.98398,37.555265
동대입구역.장충동,127.005445,37.558362
약수역10번출구,127.009322,37.556256
청계1가.광교,126.983392,37.568571
청계2가.삼일교,126.98853,37.56784
청계4가.배오개다리,126.997176,37.568484
청계5가.방산시장,127.000827,37.569215
청계6가.평화시장,127.004381,37.569441
청계7가.동평화.청평화시장,127.013851,37.569514
청계8가.영도교,127.018997,37.570726
신한은행본점,126.975585,37.561197
퇴계로2가.명동역7번출구,126.985336,37.560988
광희동.동대문역사문화공원역,127.009109,37.565411
다산동.버티고개역1번출구,127.006024,37.547804
버티고개역.남산타운아파트,127.00619,37.54765
청계3가.관수교,126.992965,37.568213
청계6가.오간수교,127.009036,37.569485
충무로역7번출구,126.993389,37.561691
을지로입구역.광교,126.982566,37.567649
청계광장,126.978207,37.569011
신당파인힐하나유보라,127.024856,37.564981
명동입구,126.982474,37.564723
남산북측순환로입구,126.998822,37.550699
금호중학교.신당동삼성아파트,127.01873,37.558555
금호중학교.신당푸르지오아파트,127.019288,37.557808
황학동주민센터,127.023402,37.566856
신당초등학교앞,127.023917,37.564481
신당래미안하이베르.금호베스트빌,127.024051,37.561645
금호베스트빌.신당래미안하이베르,127.024347,37.562254
신당초등학교,127.02424,37.564503
방산종합시장,127.00193,37.567806
황학동롯데캐슬,127.022034,37.57166
광희문.광희동사거리,127.008611,37.56455
광희문.광희동사거리,127.009678,37.564402
황학동롯데캐슬,127.023296,37.57082
한국은행앞,126.97929,37.561408
서울기동대.광희초등학교,127.014483,37.567922
동대문역사문화공원동문,127.011996,37.567701
서대문역사거리.농협중앙회,126.96798,37.566885
서울역9번출구.서울스퀘어빌딩앞,126.973232,37.555342
북창동.남대문시장,126.976919,37.560846
남산공원.구힐튼호텔,126.976567,37.556368
남산공원.구힐튼호텔,126.976711,37.556627
시청앞.덕수궁,126.976836,37.566212
남대문세무서.국가인권위원회,126.987866,37.565084
장충문화체육센터.권기옥활동터,127.002592,37.560175
남산1호터널,126.992167,37.557405
남산예장버스환승주차장,126.989289,37.55974
약수역.3.6호선,127.011706,37.553305
조선일보,126.976883,37.568734
시청역,126.97701,37.566031
서울역,126.971278,37.55885
숭례문앞,126.976236,37.561516
시청역1호선.서울시청,126.977339,37.567396
신당역하나은행,127.021588,37.565423
염천교,126.971114,37.559793
한국경제신문사,126.967953,37.560933
응봉근린공원.금호산,127.016919,37.553522
서울방송고등학교.남산타운아파트,127.01241,37.549586
서울방송고등학교.남산타운아파트,127.012278,37.549612
중구청소년센터.남산타운2상가,127.012751,37.551655
중구청소년센터.남산타운2상가,127.012166,37.551903
약수시장.남산타운동문,127.01085,37.551733
약수지구대,127.011958,37.552841
남대문시장,126.979397,37.561428
을지로입구역.더그랜드롯데서울호텔,126.980305,37.565805
소공동웨스틴조선호텔,126.979646,37.564518
서울광장,126.978885,37.565352
광화문코리아나호텔,126.976907,37.568401
서소문KAL빌딩,126.974318,37.563339
동국대입구.앰배서더호텔,127.00261,37.559772
광화문,126.976907,37.568799
시청.덕수궁,126.976921,37.566254
바비엥스위트,126.967637,37.565109
서울역,126.97286,37.55782
명동역.세종호텔,126.986449,37.561086
충무로역.호텔피제이,126.995561,37.561718
남대문시장,126.978731,37.560967
이비스엠버서더호텔,126.982388,37.564353
프레이저플레이스,126.969268,37.562848
아카시아호텔.웨스턴코업레지던스,127.003479,37.566551
을지로코업레지던스,127.005397,37.566233
토요코인호텔.이비스버젯호텔,127.008947,37.564591
약수역,127.009898,37.553789
남산밀레니엄힐튼호텔,126.975975,37.555467
서울역,126.972046,37.558016
숭례문라마다&스위트호텔,126.972068,37.560611
시청역더플라자호텔,126.978066,37.564836
시청.서울신문사,126.977365,37.568299
프레이저플레이스남대문,126.976267,37.561376
프레이저플레이스남대문,126.975537,37.561067
동대문역사문화공원,127.009245,37.565385
광희동더스프라지르서울동대문,127.007555,37.564733
동대문디자인플라자DDP,127.009214,37.567853
베이튼호텔,127.002636,37.564999
광화문,126.976885,37.568944
덕수궁,126.976925,37.566106
남대문시장,126.975397,37.560923
명동,126.985619,37.560758
남산골한옥마을,126.992438,37.560995
앰버서더호텔,127.002625,37.560464
신라호텔,127.005427,37.558303
동대문디자인플라자.동대문시장,127.008555,37.566875
서울역,126.972535,37.553928
동대문디자인프라자,127.00913,37.567763
방산.중부시장,126.999442,37.566857
을지로3가,126.992326,37.566535
을지로입구,126.981001,37.566131
명동입구,126.982302,37.564153
신당동중앙시장,127.019417,37.565755
남산오르미,126.983135,37.558194
한강대교북단.LG유플러스,126.963121,37.52405
한강대교북단.LG유플러스,126.963185,37.524306
신용산역,126.966207,37.527293
신용산역,126.966619,37.52792
용산우체국,126.970235,37.531497
용산우체국,126.970564,37.53205
삼각지역.전쟁기념관,126.973686,37.53518
삼각지역.전쟁기념관,126.974161,37.535985
숙대입구역,126.972538,37.543296
숙대입구역,126.972232,37.543756
갈월동,126.972237,37.550976
갈월동,126.971708,37.549534
남영역.민주화운동기념관,126.971927,37.542007
남영역.민주화운동기념관,126.972069,37.541823
신용산역3번출구,126.96735,37.52889
서울드래곤시티,126.96306,37.532157
용산역3번출구.용산차고지,126.964215,37.531808
한강대교북단,126.963571,37.524969
서계동.서울역공항철도15번출구,126.96934,37.552474
서계동,126.969222,37.55167
청파동,126.970122,37.548992
청파시장,126.969863,37.548679
숙대입구역.청파동주민센터,126.970777,37.545381
숙대입구역.청파동주민센터,126.970419,37.545486
남영역.민주화운동기념관,126.971032,37.540813
남영역.민주화운동기념관,126.970676,37.54057
용산전자상가17동,126.966027,37.533779
용산전자상가19동,126.965707,37.533513
용산전자상가10동,126.961964,37.533273
용산전자상가12동,126.962169,37.533057
용산전자상가.전자랜드,126.958325,37.532779
용산전자상가.전자랜드,126.958336,37.533056
원효대교북단,126.956111,37.531985
용산경찰서,126.969186,37.540503
용산경찰서,126.969062,37.539999
용산꿈나무종합타운.원효로우체국,126.966929,37.538614
용산e편한세상,126.965468,37.537462
남정초등학교,126.963663,37.536319
원효로2가,126.962991,37.536237
원효로2가사거리,126.96107,37.534934
원효로3가,126.95818,37.534041
원효로3가,126.958325,37.533796
용암초등학교입구.이태원주공아파트,126.988665,37.544116
이태원동남산대림아파트.용산동아파트,126.98748,37.539874
용산한신아파트,126.987109,37.539805
해방촌,126.986609,37.537818
국군재정관리단,126.98685,37.537318
용산구청,126.991163,37.530303
용산구청,126.99117,37.52941
한강중학교,126.992172,37.525459
한강중학교,126.992429,37.524503
서빙고역1번출구,126.98995,37.520046
장충단로입구,127.002202,37.545795
남산맨션아파트.남산예술원,127.00204,37.544437
서울시기술교육원중부.블루스퀘어,127.003385,37.541692
서울시기술교육원중부.블루스퀘어,127.003151,37.541179
순천향대학병원,127.00573,37.536442
순천향대학병원,127.006299,37.535611
순천향대학병원,127.005499,37.535793
순천향대학병원.한남오거리,127.005729,37.535491
한남오거리,127.008313,37.532848
남산도서관.용산도서관,126.980835,37.552282
남산도서관.용산도서관,126.981134,37.552044
후암약수터,126.98432,37.54869
후암약수터,126.984167,37.548395
용산2가동주민센터.보성여중고,126.98584,37.546397
용산2가동주민센터.보성여중고,126.985764,37.546245
남산야외식물원입구,126.99279,37.542704
남산야외식물원입구,126.992917,37.542505
하얏트호텔,126.996136,37.541754
하얏트호텔,126.997426,37.540866
용마루고개(서울자동차고등학교),126.958465,37.540637
용마루고개.효창파크푸르지오아파트,126.958552,37.5403
효창공원앞역.이봉창역사울림관,126.961897,37.539272
효창공원앞역.이봉창역사울림관,126.962698,37.538828
용산꿈나무종합타운.보건분소,126.965,37.538427
용산꿈나무종합타운.보건분소,126.964648,37.538295
원효로제1동주민센터,126.966992,37.537661
전쟁기념관,126.976858,37.534759
전쟁기념관,126.975383,37.534651
녹사평역,126.985118,37.535107
녹사평역,126.985305,37.534758
용산구청.이태원시장,126.990471,37.534383
용산구청.이태원시장,126.99001,37.534113
이태원역1번출구.해밀턴호텔,126.993043,37.534552
이태원역4번출구.해밀턴호텔,126.993429,37.534354
이태원119안전센터,126.996387,37.53479
이태원119안전센터,126.996812,37.534582
한남동주민센터,127.000467,37.537046
한남동주민센터,127.000604,37.536707
한강진역.블루스퀘어,127.001695,37.540805
한강진역.블루스퀘어,127.002025,37.540929
서울역11번출구,126.973894,37.553617
후암삼거리,126.976577,37.552541
후암시장,126.977064,37.550689
후암시장,126.977545,37.549747
용산중고,126.978186,37.54666
용산중고,126.978225,37.547205
후암동종점.용산중학교,126.980959,37.546699
용산고등학교,126.977563,37.54574
서울시교육청.남영동주민센터,126.976572,37.545772
서울시교육청.남영동주민센터,126.975732,37.545505
남영우체국,126.973235,37.545124
갈월동사회복지관.남영우체국,126.973962,37.545409
한남시범아파트,127.012261,37.537943
한남시범아파트,127.012671,37.537704
한남동,127.008445,37.533913
한남동,127.0087,37.533755
이촌동동부센트레빌,126.96601,37.52156
이촌동두산위브트레지움.한강대우아파트,126.967528,37.521573
이촌1동충신교회앞,126.968481,37.521283
이촌동한가람아파트.이촌역,126.971884,37.520656
이촌동한강맨션.이촌역,126.97271,37.52018
신용산초등학교,126.974509,37.51985
신용산초등학교.중경고등학교,126.976248,37.519078
중경고등학교.이촌동강촌아파트,126.977523,37.518918
이촌동점보아파트,126.978441,37.518383
이촌동현대아파트,126.978712,37.518534
금강병원.반도아파트,126.981123,37.517704
서빙고신동아아파트,126.985105,37.517937
서빙고신동아아파트,126.985203,37.517749
만리동고개,126.962822,37.55167
손기정체육공원,126.966423,37.554215
숙대입구역,126.970799,37.544479
남영역.민주화운동기념관,126.970924,37.54222
숙명여대도서관앞,126.967222,37.544847
숙명여대도서관앞,126.966446,37.544841
숙명여대정문,126.964109,37.544959
숙명여대정문,126.96431,37.545131
숙명여대후문.이봉창활동터,126.9633,37.546084
효창공원후문,126.962578,37.546791
한겨레신문사입구,126.959193,37.545881
대한노인회중앙회,126.957668,37.543789
효창운동장.효창동주민센터,126.961767,37.54221
효창동주민센터.금양초등학교,126.962234,37.541624
금양초등학교,126.962001,37.541299
효창공원역,126.961038,37.538786
도원삼성래미안아파트,126.957434,37.539777
도원삼성래미안아파트,126.95721,37.539625
중앙하이츠빌라앞,126.960034,37.538014
중앙하이츠빌라앞,126.959881,37.537974
용문시장,126.960968,37.536348
용문시장,126.960921,37.536726
용산전자상가입구,126.962223,37.53457
용산전자상가입구,126.961945,37.534661
신용산지하차도,126.963668,37.532835
신용산지하차도,126.963882,37.53259
신용산역5번출구,126.967678,37.530034
용산역,126.965822,37.528867
용산푸르지오써밋,126.96476,37.527576
용산푸르지오써밋,126.964579,37.527231
용산역광장앞,126.965617,37.528333
용산역사박물관.용산철도고등학교,126.966015,37.525597
용산역사박물관.용산철도고등학교,126.967119,37.525306
용산세무서,126.969244,37.523732
용산세무서,126.970154,37.523621
이촌역,126.973909,37.522669
이촌역,126.974027,37.522363
국립중앙박물관.용산가족공원,126.978651,37.520898
국립중앙박물관.용산가족공원,126.979956,37.520875
서빙고역교차로,126.9899,37.520427
서빙고초등학교,126.990889,37.521171
한강중학교,126.991363,37.525114
서빙고동금호베스트빌,126.990718,37.522636
서빙고동,126.992986,37.519851
서빙고동주민센터,126.994881,37.520384
동빙고동,126.996691,37.520818
동빙고동,126.997039,37.521263
보광신동아아파트.삼성리버빌아파트,127.00203,37.524738
보광동신동아아파트,127.001515,37.525624
보광동주민센터,127.000505,37.526459
보광동,126.999026,37.528342
보광동,126.998897,37.528182
한국폴리텍1대학,126.996793,37.530196
한국폴리텍1대학,126.996575,37.530529
이태원역.보광동입구,126.994213,37.5334
이태원역.보광동입구,126.994227,37.533822
한남역.용산노인종합복지관,127.006796,37.531224
한남역.용산노인종합복지관,127.00777,37.530669
이촌119안전센터.성촌공원,126.952947,37.53008
이촌로입구.성촌공원앞,126.954607,37.530171
이촌로입구.성촌공원앞,126.954351,37.529747
이촌2동주민센터,126.955064,37.527736
이촌2동주민센터,126.954861,37.527703
이촌2동대림아파트.새남터성지,126.956323,37.526175
이촌2동대림아파트.새남터성지,126.956166,37.526029
서부이촌동입구,126.959495,37.523864
이촌2동강변아파트,126.959781,37.523446
원효2동산호아파트후문,126.950013,37.53226
청암동강변삼성아파트,126.948243,37.534614
청암동강변삼성아파트,126.949323,37.534015
원효2동산호아파트,126.950542,37.533018
원효2동산호아파트,126.950828,37.533109
원효로풍전아파트,126.953523,37.532129
원효로풍전아파트,126.954514,37.532369
원효풍전아파트,126.955918,37.532742
원효2동주민센터,126.951396,37.534494
산천동리버힐삼성아파트,126.951192,37.5345
산천동.성심여중고후문,126.953643,37.53532
산천동.성심여중고후문,126.953382,37.535408
신창동세방아파트,126.954958,37.535708
신창동세방아파트,126.954947,37.53583
남이장군사당,126.95777,37.536622
남이장군사당,126.957593,37.536754
용문시장.용문동새마을금고,126.959534,37.537072
용문시장.용문동새마을금고,126.959197,37.537149
순천향병원입구,127.006751,37.532631
남산서울타워,126.991195,37.551014
청심경로당,126.950691,37.533888
삼성테마트,126.950385,37.533747
서빙고동금호베스트빌,126.990991,37.522614
한남동하이페리온,127.005547,37.527844
서빙고역1번출구,126.989486,37.520035
문배동이안아파트앞,126.97106,37.53887
갈월동.숙대입구역10번출구,126.971659,37.546386
삼각지역11번출구.전쟁기념관,126.974548,37.536204
숙대입구,126.970523,37.544531
원효대교북단,126.95561,37.532138
문배동이안아파트앞,126.970799,37.538364
순천향병원입구,127.006996,37.532695
숙명여대입구,126.969643,37.544884
서빙고초등학교,126.99061,37.520841
한강대교스카이스위트,126.960816,37.521331
한강대교전망카페,126.961343,37.521236
노들섬,126.958605,37.517516
노들섬,126.959038,37.517364
용암초등학교.이태원2동주민센터,126.990733,37.544673
용암초등학교.이태원2동주민센터,126.990932,37.54485
효창공원삼거리.윤봉길의사등묘역,126.963837,37.544607
서울역공항철도15번출구,126.968847,37.553078
용산꿈나무종합타운,126.96724,37.538487
남산도서관.용산도서관,126.981846,37.552344
하얏트호텔,126.996993,37.54066
한신아파트,126.986696,37.538983
순천향병원,127.004816,37.533249
용암경로당입구,126.986918,37.540597
한남오거리,127.006657,37.53309
가야랑앞,126.993604,37.540195
용암한신아파트,126.987435,37.542077
효창공원후문,126.960892,37.547069
디지텍고등학교앞,126.991626,37.539803
우리들가정의원,126.987795,37.543232
도원삼성래미안아파트101동앞,126.956232,37.539069
성도약국,126.989554,37.539451
남산교회입구,126.986647,37.544671
신애교회,126.958487,37.545519
시장,126.988552,37.538923
해방촌오거리,126.985147,37.54573
보광동주민센터,127.000097,37.526147
대한노인회중앙회,126.957629,37.544037
도원삼성래미안아파트101동앞,126.956297,37.539022
신흥교회앞,126.983387,37.544746
군인아파트,126.996318,37.526004
원효사.백범김구기념관,126.958566,37.54314
녹사평역,126.985871,37.535011
큰빛의집앞,126.981998,37.544548
몬드리안서울이태원,126.992589,37.528596
도원삼성래미안아파트,126.957686,37.539688
후암동종점,126.981366,37.546701
용산구청,126.991477,37.530573
용산고등학교,126.979509,37.546136
외빈차고,126.992242,37.531832
효창공원앞역.이봉창역사울림관,126.961432,37.539671
청화아파트,126.995387,37.531157
용산경찰서,126.969806,37.541023
숙대역7번출구,126.972297,37.543476
보광동삼거리,126.996811,37.530752
중앙하이츠빌라,126.959479,37.538568
원효우체국,126.967354,37.538967
보광초등학교,126.99673,37.531373
용문동시장.새마을금고,126.959634,37.537348
용문동주민센터,126.959119,37.538147
문배어린이공원,126.969725,37.536938
문배어린이공원,126.96959,37.537143
신용산역,126.967454,37.529917
용산우체국,126.970315,37.531376
숙대역5번출구,126.972511,37.544038
삼각지역,126.973273,37.534507
갈월동,126.972093,37.546324
보광초등학교후문앞,126.995635,37.533162
동자경로당,126.974196,37.550287
이태원역앞,126.9957,37.534339
녹사평역.용산구청,126.987184,37.53514
후암시장,126.976804,37.550066
후암동주민센터앞,126.977706,37.548364
제일기획,126.998418,37.53495
대성교회,126.988452,37.5387
용산고등학교,126.978952,37.545908
성도약국,126.989431,37.539278
후암동종점,126.981359,37.546502
디지텍고등학교앞,126.991857,37.539714
큰빛의집앞,126.981908,37.544483
가야랑앞,126.993752,37.540089
신흥교회앞,126.983388,37.544623
해방촌오거리,126.985396,37.545703
남산교회입구,126.986622,37.544551
우리들가정의원,126.987659,37.543242
용암한신아파트,126.987414,37.542388
용암경로당입구,126.98696,37.541099
한신아파트,126.986558,37.538988
갑을빌딩,126.972039,37.549096
리버힐삼성아파트후문,126.948721,37.534946
만리시장입구,126.963041,37.551568
배문중고등학교,126.963617,37.550375
청파초등학교,126.963375,37.548583
동부이촌동,126.972673,37.520139
강촌APT,126.976194,37.5191
남산그랜드하얏트호텔,126.997368,37.539826
청파초등학교,126.963506,37.54847
배문중고교,126.963729,37.550381
만리시장입구,126.963145,37.551776
청암자이아파트,126.948568,37.534867
신동아APT,126.985188,37.517749
신동아APT,126.985303,37.517922
강촌APT,126.977313,37.518906
동부이촌동,126.971818,37.520678
이촌동두산위브트레지움,126.965992,37.521494
이촌동두산위브트레지움,126.967574,37.521528
이촌현대아파트.금강병원,126.981041,37.517719
이촌현대아파트.금강병원,126.978748,37.518508
한남역,127.006732,37.531207
도원삼성래미안아파트단지내,126.955388,37.538198
한남동주민센터,127.000603,37.534102
용산CJ나인파크,126.969553,37.535871
용산e편한세상,126.967221,37.534462
이집트대사관.한남더힐아파트,127.011275,37.535257
이집트대사관.한남더힐아파트,127.011431,37.536241
한남역,127.007744,37.530585
한남동,127.008573,37.533757
한남동,127.008566,37.533963
필리핀대사관,126.995093,37.5407
필리핀대사관,126.99516,37.54057
전쟁기념관,126.973485,37.538401
용산역,126.964794,37.527598
국립중앙박물관,126.97855,37.520848
남산서울타워,126.990986,37.551142
하얏트호텔,126.997201,37.540892
답십리역사거리,127.054396,37.56545
청년회의소.서울새활용플라자,127.060482,37.562035
장한평역,127.066093,37.56119
상왕십리역,127.029075,37.564336
상왕십리역,127.028681,37.564694
왕십리센트라스아파트,127.024805,37.565213
왕십리교회,127.023679,37.56663
뉴타운아파트,127.02697,37.564872
청계벽산아파트.텐즈힐아파트,127.030376,37.568858
청계벽산아파트.텐즈힐아파트,127.030038,37.56796
왕십리도선동주민센터,127.024645,37.567616
왕십리2동주민센터,127.033263,37.56245
코스모타워.서울신용보증재단성동지점,127.032903,37.562982
성동구청,127.035916,37.563127
상왕십리역,127.030223,37.56493
상왕십리역.센트라스아파트,127.029977,37.56586
신금호역4번출구,127.020531,37.554143
마장동주민센터,127.044574,37.567323
마장역,127.042283,37.565599
성동노인복지관,127.041586,37.564938
마장축산물시장,127.038021,37.570951
마장축산물시장,127.037511,37.570259
도선사거리,127.036954,37.567021
도선사거리,127.036485,37.566649
마장동금호아파트,127.041859,37.563071
마장동금호아파트,127.041581,37.562158
한양대부속고등학교,127.041413,37.560924
한양대부속고등학교,127.041155,37.560388
한양대앞.한양시장,127.040967,37.558582
한양대앞,127.040654,37.558525
한양대정문,127.043129,37.556388
한양대정문앞,127.043138,37.556994
무학여고앞,127.034233,37.557854
무학여고,127.033867,37.557895
왕십리역,127.036192,37.559947
왕십리역,127.036267,37.560337
왕십리역10번출구,127.034687,37.560724
행당1동주민센터,127.038404,37.558267
서울숲삼부아파트,127.037949,37.558723
응봉동주민센터,127.033501,37.553399
응봉동주민센터,127.033439,37.553761
응봉사거리,127.034458,37.555292
응봉동현대아파트,127.030575,37.549732
응봉동현대아파트,127.0309,37.550222
대현산배수지공원입구,127.020036,37.556474
신금호역,127.020118,37.555605
신금호역,127.019921,37.555677
금호고등학교,127.021955,37.553478
금호고등학교.금호자이1차아파트입구,127.022933,37.553108
금호동벽산아파트,127.025679,37.551164
래미안하이리버아파트,127.025423,37.551458
금호사거리,127.026063,37.548879
금호사거리,127.025977,37.549464
금남시장앞.백범학원터,127.021869,37.548085
금남시장앞.백범학원터,127.022488,37.548289
금호역,127.016267,37.547728
금호역,127.01548,37.548548
금옥초등학교앞,127.019892,37.546967
금옥초등학교앞,127.018236,37.546257
힐스테이트서울숲리버아파트,127.027058,37.547888
삼성래미안아파트앞,127.027513,37.54835
옥수삼성아파트.래미안옥수리버젠,127.014848,37.54362
옥수삼성아파트.래미안옥수리버젠,127.014655,37.543803
미타사입구,127.016837,37.544856
래미안옥수리버젠.옥수중앙교회,127.014845,37.545916
래미안옥수리버젠.옥수중앙교회,127.014698,37.545782
옥수파크힐스아파트앞,127.013039,37.547116
옥수파크힐스아파트앞,127.013016,37.54702
옥수동회차지,127.012436,37.549361
옥정중학교입구,127.011303,37.540904
옥정중학교입구,127.010999,37.540877
성수1가1동새마을금고,127.049548,37.53822
성수1가새마을금고,127.049511,37.538331
천주교성수동성당앞,127.046139,37.53937
천주교성수동성당앞,127.046074,37.539306
뚝도아리수정수센터.수도박물관,127.044203,37.540977
뚝도아리수정수센터.수도박물관,127.04399,37.541407
서울숲역2번출구,127.044692,37.542958
서울숲역3번출구,127.044498,37.543063
성동구민종합체육센터,127.044896,37.546072
성동구민종합체육센터,127.044534,37.546498
성원중학교후문,127.050315,37.539972
성원중학교후문,127.05076,37.540039
경일초등학교입구,127.046372,37.54108
경일초등학교입구,127.046016,37.54138
성동교남단.서울숲리버포레,127.044457,37.549516
성동교남단.서울숲리버포레,127.043963,37.550508
상원,127.046051,37.551437
상원,127.046662,37.551748
영동대교북단,127.060739,37.536942
경수중학교,127.062429,37.53976
성수119안전센터,127.060132,37.537342
성수119안전센터,127.059997,37.537532
경수중학교,127.057012,37.538165
경수중학교,127.057298,37.538287
뚝도시장,127.0554,37.538587
뚝도시장,127.055259,37.538851
성원중.성수2가제1동주민센터,127.053426,37.539094
성원중.성수2가제1동주민센터,127.052845,37.539511
서울숲지구대앞,127.052342,37.537868
서울숲지구대앞,127.052259,37.538051
뚝도시장구길,127.05527,37.537192
뚝도시장구길,127.054927,37.537552
성수동진주타운,127.057489,37.536617
성수동진주타운,127.057492,37.536759
성덕정길입구,127.059982,37.536356
성덕정길입구,127.060066,37.536438
화양사거리,127.066663,37.547278
성수사거리.성수초등학교,127.064161,37.542822
서울효사랑병원,127.063275,37.541264
성수2가3동주민센터,127.055388,37.549624
제인병원,127.056837,37.549351
성동세무서앞,127.062185,37.547995
성동세무서,127.064337,37.548239
송정동서울숲아이파크,127.069247,37.551825
송정동건영아파트,127.07115,37.555205
군자교남단,127.072441,37.557537
신답역,127.047503,37.570211
용답동로데오거리.답십리역,127.053946,37.565703
서울교통공사.서울새활용플라자,127.056913,37.56205
뚝섬서울숲,127.036601,37.544618
뚝섬서울숲,127.036395,37.545672
사근동하이츠아파트앞,127.048606,37.561198
사근동하이츠아파트앞,127.048688,37.561306
사근동주민센터,127.045649,37.560814
사근동주민센터,127.045711,37.560932
사근고개,127.044591,37.561162
사근고개,127.04451,37.561256
한양지구대,127.042021,37.560214
한양지구대,127.041924,37.560245
사근동벽산아파트,127.049927,37.560189
뚝섬역8번출구,127.04551,37.547693
뚝섬역2번출구,127.046846,37.547575
뚝섬역5번출구,127.049275,37.54648
뚝섬역4번출구,127.049276,37.5468
성수역1번출구,127.053829,37.54542
SK테크노빌딩앞,127.050228,37.545888
SK테크노빌딩앞,127.050026,37.54577
경동초등학교입구,127.049481,37.543772
경동초등학교입구,127.049213,37.543391
경일초등학교앞,127.048236,37.540768
경일초등학교앞,127.048169,37.540919
한양여대앞,127.0503,37.55951
도선고등학교.꽃재교회,127.027783,37.567093
성수역4번출구,127.054582,37.544788
리버하우스,127.051006,37.5509
리버하우스,127.050691,37.55123
성수사거리,127.062352,37.542562
성수사거리,127.062362,37.542798
성동제일새마을금고,127.047103,37.560812
성동제일새마을금고,127.047301,37.560884
청계9가.텐즈힐2단지정문앞,127.025565,37.570749
뚝섬서울숲,127.037562,37.543453
서울숲1번출입구,127.042696,37.542223
서울숲1번출입구,127.042974,37.541978
용답휴식공원,127.048054,37.569312
용답휴식공원,127.047937,37.569554
성수2가3동주민센터,127.054238,37.550425
극동그린아파트앞,127.011392,37.542001
마장역,127.043034,37.566347
행당신동아.행당푸르지오아파트,127.034019,37.556141
숭신초등학교,127.028196,37.567168
극동아파트,127.023934,37.558097
풍림아파트,127.023906,37.559143
벽산아파트,127.025689,37.555602
대림아파트,127.024926,37.556574
행당역,127.029098,37.557001
행당역,127.028764,37.557079
무학중학교,127.033016,37.558391
극동그린아파트,127.011905,37.542065
성수동차고지,127.055682,37.535793
성수두산위브아파트,127.058519,37.536592
왕십리자이.신당현대아파트,127.02363,37.560847
왕십리자이.신당현대아파트,127.024102,37.561152
성수두산위브아파트,127.058488,37.536507
우리은행화양동지점,127.066138,37.548116
황학교.텐즈힐몰,127.023604,37.570052
마장동주민센터,127.044643,37.567063
왕십리광장.왕십리역7번출구,127.036889,37.561128
왕십리광장.왕십리역4번출구,127.037133,37.561364
한양대후문앞,127.049676,37.555643
왕십리도선동주민센터,127.024413,37.567817
한양여대앞,127.050619,37.559224
행당중학교,127.043024,37.553781
살곶이체육공원앞,127.051019,37.556359
송정동현대아이파크아파트,127.06862,37.552187
극동아파트5동,127.011079,37.54316
대우아파트관리실,127.019984,37.546214
신금호역,127.020491,37.554593
옥수역.한강버스선착장,127.016845,37.541382
송정동우리동네작은체육관,127.068763,37.550885
대우아파트후문,127.021659,37.546939
금호1가동주민센터,127.022196,37.555129
왕십리민자역사,127.037854,37.561843
무쇠막,127.024695,37.545278
송정동공영주차장,127.067747,37.549003
대경생활과학고등학교,127.017537,37.555971
금북초등학교.e편한세상금호105동,127.023736,37.555538
무학여고,127.033912,37.557492
힐스테이트서울숲리버,127.025386,37.546745
성수SKV1센터1동,127.065581,37.545817
극동아파트상가,127.012101,37.54292
금호4가동주민센터.대도빌딩,127.022564,37.548053
화단삼거리,127.019877,37.548417
금호어린이집,127.01862,37.556734
논골.금호벽산아파트.성동공유센터,127.025304,37.555539
행당서울숲푸르지오상가앞,127.033893,37.555617
법학학술정보관,127.048575,37.55704
성수이비즈센터,127.063058,37.546577
한남하이츠아파트,127.011592,37.540054
금호사거리,127.025269,37.548002
금호산입구,127.019574,37.556722
한진아파트후문,127.026997,37.556018
신동아아파트후문,127.032694,37.554895
올림픽체육관맞은편,127.049291,37.556934
경수중학교입구,127.060088,37.543511
제일감리교회,127.026904,37.547866
신금호역,127.019637,37.554381
제3법학관,127.048637,37.556234
행당서울숲푸르지오109동앞,127.031716,37.554453
벽산아파트정문,127.025279,37.552658
성수역2번출구,127.057639,37.544269
옥수종합사회복지관,127.012852,37.54088
응봉동현대아파트,127.030768,37.549803
행당2동주민센터,127.030654,37.557738
응봉경로당앞,127.031642,37.552628
금호119안전센터,127.024731,37.554187
경동초등학교입구,127.051156,37.545894
옥수삼성아파트,127.013948,37.540635
현대공업사앞,127.032568,37.549951
두산상가후문.106동,127.016739,37.549185
중앙병원,127.019318,37.551961
무학중학교.무학여고,127.033128,37.55821
만물상회앞,127.031223,37.552827
논골사거리,127.024812,37.555315
응봉초등학교.대림아파트,127.033431,37.551068
한신아파트,127.019296,37.550754
올림픽체육관앞,127.04963,37.557015
상봉노인정앞,127.030283,37.552874
논골신협.대림아파트후문,127.024574,37.557703
옥수삼성아파트,127.014321,37.540753
응봉역.광희중,127.034434,37.552043
우리은행.백범학원터,127.021173,37.548007
금호공원,127.019575,37.549677
대현산체육관입구,127.029854,37.55308
한양대학교경영대학,127.04853,37.557085
옥수종합사회복지관,127.013228,37.540887
대우아파트입구,127.019163,37.545983
원형화단,127.01949,37.548593
성동구청,127.036406,37.564136
금봉어린이집.또또와마트,127.028809,37.552906
한양대병원후문,127.041965,37.560005
경수중학교입구,127.059621,37.543363
옥정중학교,127.011332,37.541333
응봉사거리,127.034543,37.554867
천은교회.성동청소년상담복지센터,127.026791,37.554696
극동아파트상가,127.012368,37.542912
무학여고,127.034255,37.557719
한전입구,127.035119,37.566265
논골입구.성동공유센터,127.025572,37.55555
극동아파트7동,127.012754,37.543619
성동보건소,127.033186,37.566495
행당역.대림아파트정문,127.028672,37.55705
청계벽산아파트,127.030371,37.568262
논골.e편한세상금호114동,127.024604,37.555192
코스모타워,127.03329,37.562794
화단앞,127.019654,37.548624
성동사회복지관.청계천박물관,127.033478,37.570303
금호119안전센터,127.024572,37.554264
왕약국,127.065547,37.548341
금호공원,127.019774,37.549651
성동구도시관리공단.서울시시설관리공단,127.036861,37.571829
e편한세상금호117동,127.024682,37.552658
왕십리자이.신당현대아파트,127.02369,37.560847
중앙슈퍼,127.066532,37.549516
한신아파트,127.019408,37.550758
금호고등학교,127.023553,37.553098
극동.풍림아파트,127.023641,37.559045
GS25,127.067162,37.550305
중앙병원앞,127.019472,37.552128
도선동사거리,127.036533,37.566768
논골신협.대림아파트후문,127.024519,37.557512
송정스마트헬스케어센터,127.067826,37.551135
성동구청,127.036041,37.563354
신금호역,127.019786,37.554336
성동중앙교회.벽산아파트정문,127.024878,37.553007
무학중학교.무학여고,127.033289,37.558423
천은교회.성동청소년상담복지센터,127.026666,37.554592
금호어린이집,127.018231,37.556743
행당2동주민센터,127.030421,37.55783
금봉어린이집.또또와마트,127.028794,37.552642
대경생활과학고등학교,127.017518,37.556069
대현산체육관입구,127.029714,37.552963
GS주유소,127.025125,37.546811
대림아파트후문,127.026933,37.556172
상봉노인정앞,127.030218,37.552673
서울숲푸르지오아파트정문,127.024394,37.545256
대림상가,127.034466,37.553878
충북상회,127.031009,37.552792
서울숲푸르지오아파트후문,127.022804,37.543544
무학여고,127.033877,37.558124
무학여고,127.034245,37.5581
응봉사거리,127.03409,37.555302
응봉사거리,127.034492,37.55508
응봉역.광희중,127.034403,37.552201
응봉경로당앞,127.031694,37.552388
금호초등학교,127.019494,37.552688
응봉초등학교.대림아파트,127.033168,37.550802
행당서울숲푸르지오109동앞,127.031801,37.554386
현대공업사앞,127.032442,37.550106
신동아아파트후문,127.032836,37.554688
신동아아파트,127.030098,37.549768
행당서울숲푸르지오상가앞,127.034019,37.555573
삼성래미안아파트,127.027559,37.548375
금호사거리,127.025061,37.548177
금남시장앞.백범학원터,127.021648,37.548274
왕십리광장.왕십리역7번출구,127.036516,37.561047
두산상가후문.106동,127.016685,37.549338
극동아파트7동,127.012666,37.543721
두산아파트113동,127.016076,37.550588
두산아파트109동,127.016631,37.549889
극동아파트4동,127.011588,37.543532
극동아파트4동,127.011685,37.543506
두산아파트109동,127.016797,37.549915
두산아파트115동,127.015961,37.551056
금호역,127.016991,37.548549
금호역.두산상가경비실,127.016621,37.548613
금호역,127.016427,37.548424
금호역.3호선,127.016625,37.548294
화단삼거리,127.019628,37.548219
두산아파트113동,127.01624,37.550788
벽산아파트501동앞,127.025439,37.554887
벽산아파트505동앞,127.026252,37.554401
벽산아파트111동앞,127.02679,37.553063
벽산아파트206동앞,127.027267,37.552153
벽산아파트202동앞,127.027347,37.55149
벽산하이피아상가앞,127.025643,37.552196
우리은행.백범학원터,127.021125,37.548266
행당푸르지오아파트,127.034003,37.556239
왕십리역,127.036979,37.561097
옥정중학교,127.011301,37.541247
옥정중학교,127.010993,37.540974
옥수삼성아파트,127.014809,37.543609
옥수삼성아파트,127.014614,37.543791
금옥초등학교.금호대우아파트,127.018929,37.546475
금옥초등학교.금호대우아파트,127.018652,37.54659
금호사거리,127.024185,37.547978
금호사거리,127.025002,37.548177
힐스테이트서울숲리버아파트,127.026982,37.547877
금호삼성래미안,127.027535,37.548362
응봉현대아파트,127.030701,37.549763
응봉현대아파트,127.030902,37.55013
응봉주민센터,127.033521,37.553444
응봉주민센터,127.033602,37.553999
래미안옥수리버젠아파트상가,127.015727,37.544373
옥수동주민센터.옥수동성당,127.014019,37.543606
국민은행,127.012222,37.542697
국민은행,127.012756,37.542778
옥수동주민센터.옥수동성당,127.013672,37.543238
삼성아파트정문,127.015293,37.543827
성동노인종합복지관,127.04144,37.56521
중앙하이츠아파트,127.0389,37.565253
민자역사후문,127.038364,37.563549
금호1가동주민센터,127.020812,37.554728
금호정형외과,127.020458,37.554087
금호고등학교앞,127.023393,37.55298
벽산하이피아상가,127.026002,37.551967
벽산노인정,127.02685,37.551059
벽산아파트107동,127.027431,37.551688
벽산아파트109동,127.027445,37.552611
벽산아파트505동,127.026371,37.554322
벽산아파트501동,127.025589,37.555008
광희중학교.응봉역,127.035058,37.551911
한신아파트후문,127.037073,37.55374
한신아파트정문,127.035383,37.554835
민자역사후문,127.038695,37.563083
중앙하이츠아파트,127.038449,37.565054
삼성래미안아파트,127.040276,37.565494
금북초등학교입구,127.023616,37.555656
대현산배수지공원앞,127.022057,37.555178
선영약국,127.030617,37.566772
텐즈힐아파트101동.115동,127.02928,37.566982
숭신초등학교.도선고등학교앞,127.027168,37.56733
왕십리도선동주민센터,127.025916,37.567708
텐즈힐아파트120동.213동앞,127.026006,37.569123
왕십리중앙교회,127.026707,37.570002
청계현대아파트,127.043026,37.570165
청계장원아파트,127.044749,37.569329
마장2교사거리,127.045464,37.567975
마장2교사거리,127.045603,37.568183
청계장원아파트,127.044846,37.569343
옥수교회,127.016009,37.545237
텐즈힐아파트107동앞,127.028514,37.569569
응봉동현대아파트,127.030938,37.549862
논골.대림아파트107동.금호동벽산아파트,127.024954,37.555896
옥수역5.6번출구.한강버스선착장,127.017002,37.541854
서울숲푸르지오아파트,127.023743,37.545015
경일중고등학교,127.049131,37.542316
이마트.서울숲힐스테이트아파트,127.052284,37.540121
서울숲코오롱디지털타워2차,127.05399,37.541411
서울경찰청제6기동단,127.054739,37.540076
한라시그마밸리앞,127.05532,37.539647
성수역3번출구,127.057061,37.543842
서울숲코오롱디지털타워2차,127.053848,37.541461
이마트.서울숲힐스테이트아파트,127.05257,37.540528
현대그린아파트,127.049622,37.540523
성수역3번출구,127.056691,37.54356
경일중고등학교,127.04921,37.542503
한라시그마밸리,127.055179,37.539906
서울경찰청제6기동단,127.054771,37.540228
서울숲역,127.045146,37.543869
성동구민종합체육센터,127.044515,37.54527
서울숲2번출입구,127.04255,37.543527
서울숲9번출입구,127.037559,37.543637
옥수역4번출구.한강버스선착장,127.017612,37.541812
성수대교북단교차로,127.035517,37.544296
마장역,127.042652,37.566114
마장역,127.042395,37.565647
옥정초등학교,127.01542,37.540889
e편한세상금호109동,127.021876,37.553483
왕십리자이아파트107동,127.025641,37.559577
왕십리풍림아이원아파트102동,127.026382,37.559993
금호베스트빌아파트노인정앞,127.02507,37.561873
응봉역.광희중학교,127.035298,37.551879
대림강변타운아파트A상가,127.035717,37.55479
리버그린동아아파트정문,127.037524,37.553493
서울숲리버뷰자이아파트제2주차장,127.039407,37.556165
서울숲리버뷰자이아파트제2주차장,127.03928,37.555722
서울숲리버뷰자이아파트제1주차장,127.038889,37.554197
왕십리로교차로,127.038935,37.55772
왕십리로교차로,127.039134,37.557768
리버그린동아아파트,127.038272,37.553344
서울숲리버뷰자이아파트제1주차장,127.039237,37.55451
왕십리역6-1번출구,127.037913,37.560792
행당동서울숲더샵,127.039722,37.557807
행당동서울숲더샵,127.039909,37.558001
서울숲공원,127.042574,37.542091
성수역수제화거리,127.054618,37.545158
한양대역,127.043247,37.556865
한양대학교병원본관1층,127.043802,37.55946
한양대학교병원본관1층,127.043571,37.559452
한양대학교병원응급실,127.044599,37.559812
한양대학교류마티스병원동관,127.044652,37.55997
한양대학교백남학술정보관,127.044628,37.558996
한양종합기술연구원.생활과학대학,127.044912,37.55906
한양대학교생활과학대학,127.046503,37.556803
한양대학교제2의학관,127.042131,37.559331
한양대학교정문,127.042123,37.557776
군자교입구,127.075646,37.558741
군자교입구,127.0749,37.558794
군자역.용마초등학교,127.082473,37.556099
군자역.용마초등학교,127.081556,37.55627
중곡동입구삼거리,127.086551,37.554497
어린이대공원후문.아차산역,127.090149,37.551208
어린이대공원후문.아차산역,127.089214,37.552755
중곡동입구삼거리,127.085229,37.554926
새밭교회,127.093185,37.548983
새밭교회,127.092614,37.548958
광나루역,127.102649,37.545741
광나루역,127.10376,37.545159
군자교,127.075203,37.561533
군자교,127.075229,37.562386
천주교서울대교구홍병철관,127.077335,37.558951
천주교서울대교구홍병철관,127.077632,37.559087
중곡1동주민센터입구,127.078384,37.560522
중곡1동주민센터입구,127.078404,37.560878
중곡1동사거리,127.079473,37.562454
중곡1동사거리,127.079282,37.562481
중마초등학교.중곡제일골목시장앞,127.080844,37.564981
용마사거리,127.081872,37.562291
중곡2동주민센터앞,127.080855,37.559884
중곡2동주민센터앞,127.081155,37.55984
중곡동성당앞,127.082936,37.563168
보건복지행정타운,127.08336,37.563888
대원여자고등학교앞,127.087052,37.562118
중곡보건지소,127.086985,37.559919
신성시장앞,127.087676,37.558316
중곡우체국앞,127.083885,37.561577
중곡3동주민센터,127.079729,37.569746
중곡3동주민센터,127.079441,37.570027
중곡아파트,127.0779,37.566401
중곡아파트,127.077177,37.565796
중마초등학교.중곡제일골목시장앞,127.080853,37.565231
중곡역입구,127.081615,37.56634
중곡역입구,127.081648,37.56666
중곡문화체육센터,127.082795,37.568536
중곡문화체육센터,127.082642,37.568492
면곡시장앞,127.083284,37.570795
면곡시장앞,127.083449,37.571083
중곡SK아파트.용암사입구,127.086057,37.567916
용곡삼거리,127.08559,37.567933
중곡역.국립정신건강센터,127.084545,37.566046
대원고교앞,127.086709,37.563966
중곡SK아파트.용암사입구,127.086374,37.567868
대원고교앞,127.086968,37.564199
대원여자고등학교앞,127.087309,37.562695
신성시장,127.08793,37.558319
중곡동입구,127.088669,37.554197
어린이대공원앞,127.077031,37.552046
군자역6번출구,127.078635,37.555177
구의사거리.광진소방서앞,127.083978,37.54525
어린이회관,127.079201,37.545612
구의사거리.광진소방서앞,127.084302,37.544999
광진경찰서. 건국사대부중,127.083688,37.541534
광진경찰서. 동대부가람중고,127.084647,37.543087
광진경찰서,127.084243,37.54221
NH농협은행자양로지점,127.083407,37.538965
광진구청.구의역2번출구,127.087977,37.537703
래미안구의파크스위트,127.089012,37.544716
구의2동주민센터입구,127.089785,37.549252
구의2동주민센터입구,127.089586,37.548642
구의사거리,127.085747,37.545651
구의사거리,127.086348,37.545817
래미안구의파크스위트,127.089051,37.544964
현대아파트앞,127.094009,37.539552
현대아파트앞,127.094174,37.539644
광진우체국,127.090409,37.537998
강변역A,127.093717,37.536114
테크노마트앞.강변역,127.093755,37.536865
구의현대2단지아파트,127.096542,37.537853
광장동금호베스트빌,127.09321,37.543393
광장동금호베스트빌,127.093688,37.543389
광장동현대아파트앞,127.097764,37.541909
광장동현대아파트앞,127.098972,37.542073
광나루역.극동아파트,127.102963,37.543536
광나루역.극동아파트,127.10332,37.544242
어린이대공원역2번출구,127.075378,37.546984
워커힐아파트.광장동,127.106715,37.547896
워커힐아파트앞,127.109026,37.550496
워커힐입구,127.108723,37.550613
NH농협은행자양로지점,127.083189,37.538763
자양사거리,127.082432,37.536934
자양사거리,127.082104,37.53675
자양초등학교앞,127.078467,37.537948
자양초등학교앞,127.079265,37.537423
건국대학교앞,127.075048,37.538745
자양미소약국.자양골목시장,127.077319,37.53275
자양동우체국.중앙농협,127.081413,37.531573
자양하늘채베르아파트앞,127.084608,37.532192
자양동잠실대교북단,127.084806,37.532955
신자초등학교앞,127.074916,37.53044
자양미소약국.자양골목시장,127.076871,37.5327
자양동우체국.중앙농협,127.080739,37.531531
동서울우편집중국앞,127.084338,37.535052
자양하늘채베르아파트앞,127.084673,37.531973
자양동잠실대교북단,127.085851,37.53212
자양2동주민센터,127.08517,37.527949
구립행복마루어린이집,127.082213,37.527743
자양한강도서관,127.078333,37.528429
광진구청.구의역3번출구,127.088289,37.537519
자양한강전통시장,127.066875,37.535572
신양초등학교앞,127.069288,37.534912
신양초등학교앞,127.068947,37.535234
뚝도변전소앞,127.068908,37.536091
광진문화예술회관,127.070169,37.538565
건국대학교앞,127.074875,37.538446
신자초등학교앞,127.074922,37.530768
자양우성아파트앞,127.073411,37.533795
자양우성아파트앞,127.073407,37.533947
자양고교앞,127.071171,37.534579
자양고교앞,127.07136,37.534316
대동아파트앞,127.068967,37.536419
노룬산골목시장,127.067202,37.535729
영동교골목시장,127.062691,37.539503
건대입구역6번출구,127.067279,37.540827
건대로데오거리입구,127.070158,37.539081
롯데캐슬리버파크시그니처아파트,127.062945,37.536806
영동대교북단,127.061189,37.536715
롯데캐슬리버파크시그니처아파트,127.062899,37.536607
자양역1번출구,127.067917,37.533803
자양4동주민센터앞,127.067497,37.533632
성수사거리,127.064777,37.543159
화양사거리,127.067089,37.547232
광진광장,127.071521,37.547715
어린이대공원역4번출구,127.073628,37.546622
한아름공원,127.072218,37.543716
건대입구역사거리.건대병원,127.070878,37.540784
건대입구역1번출구,127.068167,37.540896
어린이대공원역3번출구,127.075147,37.546805
건대입구역사거리.건대병원,127.071249,37.54082
어린이회관,127.079595,37.545272
천주교화양동성당,127.073588,37.545904
송정동서울숲아이파크,127.069598,37.551704
송정동건영아파트,127.071299,37.554754
군자교남단,127.072788,37.557411
중앙농협군자지점,127.076709,37.557709
중앙농협군자지점,127.076559,37.557156
능동우편취급국,127.076033,37.556161
군자동주민센터,127.075287,37.554976
군자동주민센터,127.075323,37.554647
세종초등학교.세종사이버대학교앞,127.073397,37.553525
세종초교앞,127.074362,37.553867
시립광진노인종합복지관,127.071323,37.551851
시립광진노인종합복지관,127.071088,37.551357
장안초등학교,127.070755,37.548692
장안초등학교,127.070484,37.54858
서울화양동우체국,127.068684,37.548329
광진광장,127.071541,37.548005
세종대학교. 어린이대공원정문,127.07544,37.549752
능동교회앞,127.076993,37.552874
군자역7번출구,127.07882,37.556322
아차산역삼거리,127.086786,37.554581
용마초등학교,127.081724,37.556542
아차산역2번출구,127.090508,37.550867
서울화양동우체국,127.068774,37.54811
중곡동입구,127.088262,37.554799
제일은행사거리,127.074751,37.533551
동곡삼거리,127.077954,37.563674
건대병원입구,127.071473,37.542108
광진청소년센터,127.105375,37.545951
강변역B,127.093738,37.536054
테크노마트앞.강변역,127.093803,37.536905
중곡동성당,127.082401,37.562765
보건복지행정타운,127.083303,37.564373
중곡역.국립정신건강센터,127.084325,37.566229
용곡삼거리,127.0856,37.568578
구의3동주민센터,127.092547,37.539068
구의3동주민센터,127.0921,37.539048
광진구민체육센터,127.107857,37.546908
광나루우편취급국,127.106309,37.547402
중곡4동경로당입구앞,127.093963,37.559131
중곡아파트.종점,127.077916,37.566379
긴고랑종점,127.096043,37.562194
정보도서관,127.110462,37.550249
강원설비앞,127.090136,37.559003
강원설비앞,127.089935,37.558849
중앙상회앞,127.094797,37.560159
포제스한강아파트,127.109452,37.548455
중곡4동경로당입구앞,127.094281,37.559193
중곡아파트.기점,127.078164,37.566877
대순진리회,127.087171,37.561442
CU중곡긴고랑점앞,127.093031,37.558916
광나루현대아파트,127.107587,37.546722
긴고랑주차장,127.095631,37.560961
신성시장입구,127.088223,37.558433
중곡4동어린이집입구,127.091704,37.558685
신동아아파트,127.105329,37.546351
마을금고.브레드제과점,127.089247,37.557634
긴고랑입구,127.088669,37.558877
우리들약국,127.090285,37.556901
광남고.삼성아파트,127.101418,37.541948
해오름공원입구,127.091123,37.556308
현대3차아파트,127.099649,37.540465
용마사거리,127.081433,37.562446
기원정사입구,127.093137,37.554883
송림식당앞,127.07663,37.536822
중곡우체국앞,127.084058,37.561164
영화사입구,127.094118,37.554229
군자역,127.080082,37.557875
강변역.테크노마트앞,127.094859,37.536393
자양중학교앞,127.075996,37.534691
구의2동주택가공동주차장,127.093297,37.55321
롯데프레시아차산점.한사랑약국,127.092194,37.551819
구의역,127.089237,37.538239
배건태한의원.로엘동물병원,127.079239,37.531986
아차산역사거리,127.091308,37.550722
중곡보건지소,127.087075,37.559531
썬더치킨앞,127.090016,37.541551
영동대교입구.성수사거리,127.064526,37.542826
선화예고앞,127.090059,37.549485
긴고랑입구,127.088669,37.558736
구의홈마트앞,127.089723,37.54029
화양동현대아파트,127.06524,37.543983
성자초등학교앞,127.082256,37.5313
한국켄트외국인학교,127.088099,37.54773
중곡4동어린이집입구,127.091668,37.558517
래미안구의파크스위트사거리,127.0906,37.544049
성수대우프레시아1차아파트,127.065985,37.545294
CU중곡긴고랑점앞,127.093003,37.558759
화양사거리.SKV1센터,127.06641,37.546258
본하이츠빌.삼부빌딩,127.08701,37.53295
중앙상회앞,127.094972,37.560158
성동초등학교,127.089136,37.533614
광장중학교앞,127.102402,37.54679
구의아크로리버앞,127.092136,37.535293
구의역4번출구,127.084837,37.536654
장신대앞,127.105227,37.547539
강변역A,127.093833,37.535988
워커힐아파트입구,127.106594,37.547886
동서울호텔앞,127.092049,37.534592
워커힐아파트,127.107588,37.550004
성동초등학교,127.089119,37.533715
본하이츠빌.삼부빌딩,127.087046,37.53307
워커힐아파트입구,127.106516,37.54808
구의역1번출구,127.08459,37.536895
장신대앞,127.105132,37.54763
성자초등학교앞,127.082568,37.53152
광장중학교앞,127.102489,37.546948
광진경찰서앞,127.084355,37.542347
양진중학교.재한몽골학교,127.097966,37.545443
국립정신건강센터,127.086499,37.565406
자양동,127.067637,37.535614
자양동,127.066848,37.535635
배건태한의원.로엘동물병원,127.07903,37.532278
청구아파트앞,127.096794,37.54239
광장자이아파트,127.094924,37.542253
서울서광교회앞,127.088351,37.547585
자양중학교앞,127.076276,37.534635
래미안구의파크스위트사거리,127.090464,37.54413
자양1파출소앞,127.076907,37.536765
면곡시장,127.081375,37.571462
동곡삼거리,127.078262,37.563802
광진구의회,127.070117,37.539197
광진구의회,127.070081,37.538336
건대입구역,127.072093,37.54338
건대입구역,127.071901,37.54228
세종대학교,127.075566,37.549862
세종대학교,127.076031,37.549855
군자역,127.078861,37.556364
군자역,127.078641,37.555213
롯데프레시아차산점.한사랑약국,127.09231,37.551774
세븐일레븐구의중앙로점앞,127.089871,37.541563
구의2동주택가공동주차장,127.093392,37.553142
구의홈마트앞,127.089565,37.540319
종로약국앞,127.088106,37.557588
영화사입구,127.09415,37.554083
구의역,127.089093,37.538276
기원정사입구,127.093036,37.555174
테크노마트.광진문화원,127.096101,37.537021
해오름공원입구,127.091364,37.55633
프라임아파트앞,127.097032,37.537838
용마사거리,127.081243,37.562757
우리들약국,127.090369,37.557044
현대3.5차아파트,127.100352,37.540779
마을금고앞,127.089393,37.557731
광남고.삼성아파트,127.101749,37.542343
자양종합복지관앞,127.07543,37.532465
신성시장입구,127.088063,37.55867
대순진리회,127.087568,37.560955
대원외고앞,127.087141,37.563245
광나루현대아파트,127.107753,37.546694
중곡4동파출소,127.08677,37.565419
포제스한강아파트,127.109315,37.548275
워커힐팰리스,127.109672,37.550013
워커힐호텔비스타워커힐,127.110266,37.554242
아차산역사거리,127.091435,37.550672
중곡119안전센터,127.0863,37.566684
구의3동주민센터,127.091615,37.53801
뚝섬유원지,127.06683,37.531182
건국대입구,127.067564,37.541115
광장자이아파트,127.094911,37.542167
양진중학교.재한몽골학교,127.098019,37.545241
청구아파트앞,127.096182,37.543261
용마사거리,127.08221,37.561853
강변역.테크노마트앞,127.09479,37.536341
답십리역사거리,127.05506,37.565187
청년회의소,127.061284,37.561965
장한평역,127.067287,37.561151
신답초등학교.청계한신휴플러스,127.044292,37.571753
신답초등학교.청계한신휴플러스,127.044728,37.571756
동대문구청,127.038327,37.574095
서울시동부병원,127.030954,37.573929
신설동역.서울풍물시장,127.025718,37.574428
중랑교,127.067704,37.5917
중랑교,127.066838,37.591425
삼육서울병원.삼육보건대학교,127.060686,37.589691
삼육서울병원.삼육보건대학교,127.061951,37.589992
시조사삼거리.회기역,127.056888,37.588707
떡전교사거리.동대문노인복지관,127.052011,37.586444
청량리역환승센터,127.045431,37.580403
청량리역환승센터,127.046077,37.580251
동대문구청,127.039989,37.573459
청량리역환승센터,127.045751,37.580224
청량리역환승센터,127.045723,37.580303
청량리역환승센터,127.045367,37.580715
청량리미주아파트.동대문세무서,127.048395,37.58278
청량리청과물도매시장,127.040605,37.578791
제기동역.서울약령시,127.03778,37.578143
제기동역.서울약령시,127.035323,37.578217
용두동사거리,127.029988,37.577532
용두동사거리.한국의류시험연구원,127.028279,37.577153
신설동역,127.025045,37.57615
신설동역,127.023843,37.575827
신설동역3번출구,127.025584,37.576454
신설동역4번출구,127.025947,37.576245
용두동한국의류시험연구원,127.029114,37.577519
용두로타리한국의류시험연구원,127.029482,37.577256
제기역약령시장,127.03661,37.578297
제기역약령시장,127.036835,37.578054
신설동역1번출구,127.023317,37.57663
청계한신휴플러스,127.044109,37.571799
청량리미주상가앞,127.047678,37.58189
서울성심병원,127.050244,37.584392
서울성심병원,127.050898,37.584607
시조사,127.05228,37.586849
휘경동입구,127.055207,37.587664
삼육서울병원,127.060612,37.589766
래미안라그란데아파트,127.06192,37.600443
중랑교,127.066431,37.591144
회기시장,127.056639,37.591203
회기시장,127.056588,37.590806
경희중고,127.057745,37.592923
경희중고,127.058335,37.593347
외대앞,127.059606,37.595628
외대앞,127.059768,37.595481
이문동우체국,127.061338,37.598348
이문동교회,127.062091,37.599973
의릉입구,127.061963,37.603888
의릉입구,127.062176,37.603485
한천로쌍용아파트앞,127.067619,37.598191
한천로쌍용아파트앞,127.067887,37.598665
이문동삼익아파트,127.068214,37.594549
이문동삼익아파트,127.068363,37.595104
동일스위트리버아파트.휘봉고교,127.067753,37.587799
휘경유수지견인차고지앞,127.068577,37.58842
답십리래미안엘파인아파트,127.067331,37.575677
래미안엘파인아파트.장안동성당,127.06758,37.575593
서울준법지원센터.동성빌라,127.067389,37.585555
서울준법지원센터.동성빌라,127.06767,37.585679
휘경여중고.휘경주공아파트앞,127.068282,37.582603
휘경여중고.휘경주공아파트,127.068543,37.582157
장안동현대아파트앞,127.068541,37.579746
전곡시장앞,127.067795,37.577237
전곡시장앞,127.068142,37.577329
촬영소사거리.우성그린아파트,127.066851,37.574191
촬영소사거리.우성그린아파트,127.066917,37.573511
동답초등학교,127.065489,37.57104
동답한신.동아아파트,127.064114,37.569622
동답한신.동아아파트,127.063905,37.568882
동아.위더스빌아파트,127.062214,37.56674
답십리2동주민센터,127.06181,37.566603
하나은행장안동지점,127.058556,37.563404
장한평역4번출구,127.067138,37.561312
청년회의소앞,127.061531,37.56211
고미술상가,127.057297,37.563609
답십리역.동부시장,127.052519,37.567256
신답역앞,127.047091,37.570843
동대문구청.용두역4번출구,127.039714,37.573435
용두역5번출구,127.037268,37.573977
용두동신동아아파트,127.031792,37.57377
동대문우체국.서울풍물시장,127.024565,37.57476
동대문구청.용두역3번출구,127.038345,37.575537
동대문구청.용두동주민센터,127.038417,37.576581
동대문구청.용두동주민센터,127.037988,37.57531
경동시장앞,127.038756,37.581999
제기동주민센터.서울약령시앞,127.038395,37.581925
경동시장,127.038284,37.579964
홍파초등학교.정화여중고,127.038639,37.585531
홍파초등학교.정화여중고,127.038338,37.585597
제기동한신아파트앞,127.037888,37.587603
고려대역.고대앞삼거리,127.036686,37.589434
고려대역.고대앞삼거리,127.03665,37.588748
고려대학교앞,127.03468,37.588136
우신향병원,127.032386,37.585722
안암오거리,127.029897,37.582461
대광고등학교앞,127.025562,37.579778
종암초등학교앞,127.029599,37.581619
용두시장앞,127.030334,37.579112
용두시장앞,127.030161,37.579035
서울시동부병원,127.03043,37.575896
서울시동부병원,127.030695,37.57619
동아제약앞,127.030442,37.572599
동아제약앞,127.030731,37.572716
떡전교앞,127.052695,37.584904
떡전교앞,127.052577,37.584618
서울시립대입구,127.054056,37.583006
서울시립대학교앞,127.05394,37.58268
서울시동부교육지원청.해성국제컨벤션고교,127.056865,37.579185
전농로터리시장.동부교육지원청,127.05676,37.578817
전농우체국앞,127.057575,37.576367
전농우체국앞,127.05789,37.57652
청솔우성아파트.답십리시장,127.057648,37.573709
미드카운티아파트.청솔우성아파트,127.057389,37.574111
답십리2동시온교회앞,127.0574,37.570596
답십리1동희망샘교회앞,127.057106,37.570524
답십리초등학교.현대시장,127.057201,37.568454
답십리초등학교앞,127.056931,37.568627
답십리역사거리,127.055201,37.565506
황물로사거리,127.055992,37.566542
답십리1동주민센터.래미안위브,127.051004,37.572367
답십리1동주민센터.래미안위브,127.05114,37.572099
동대문중학교,127.053754,37.575013
동대문중학교,127.053277,37.574176
전농래미안크레시티아파트,127.055592,37.57628
대한노인회동대문구지회,127.055903,37.576211
전농사거리,127.059038,37.577815
전농사거리,127.059241,37.577563
배봉초등학교.전농우성아파트,127.067295,37.578695
배봉초등학교.전농우성아파트,127.067416,37.57844
장안2동주민센터,127.070404,37.57884
장안2동주민센터,127.070464,37.578696
장안교앞,127.073971,37.579653
장안교.은석초등학교,127.07469,37.579619
청량리역6번출구,127.043803,37.578083
청량리역6번출구,127.043786,37.577945
롯데캐슬노블레스,127.048472,37.575555
전농1파출소,127.047118,37.576085
래미안크레시티.답십리도서관,127.050244,37.574562
동대문구답십리도서관앞,127.051027,37.573881
답십리래미안위브아파트,127.054828,37.572769
답십리래미안미드카운티,127.055558,37.57298
답십리사거리,127.056708,37.572732
답십리2동두산아파트,127.058513,37.572754
답십리시장.청솔우성아파트후문,127.058758,37.572954
답십리2동한양아파트앞,127.061407,37.57267
답십리2동한양아파트앞,127.061122,37.572957
동답한신.대림아파트.동대문체육관,127.063768,37.572663
촬영소사거리.동답초등학교,127.065212,37.572642
촬영소사거리.세양청마루아파트앞,127.065356,37.57289
동대문구.성동구선거관리위원회,127.068202,37.572487
동대문구.성동구선거관리위원회,127.067874,37.572773
장안사거리,127.070339,37.572585
국민은행장안동지점,127.073497,37.572376
국민은행장안동지점,127.07421,37.572053
장안동근린공원,127.071954,37.577324
장안동근린공원,127.072388,37.578314
동대문더퍼스트데시앙아파트,127.071776,37.574992
NH농협장안평지점,127.072166,37.575153
코리아병원,127.07166,37.573207
새서울병원,127.072005,37.573101
장안동삼성쉐르빌아파트,127.071357,37.5714
장안동삼성쉐르빌아파트,127.070843,37.571238
힐스테이트장안센트럴,127.070183,37.569605
현대벤처빌.현대썬앤빌,127.069401,37.568921
현대벤처빌,127.069281,37.568241
우리은행장안지점앞,127.067727,37.566393
우리은행장안지점앞,127.067638,37.565599
북한연구소앞,127.066143,37.563465
장한평역2번출구,127.064928,37.562297
장한평역3번출구,127.065436,37.562437
신이문역,127.067902,37.602617
이문동현대아파트앞,127.070677,37.601018
이문동현대아파트,127.070985,37.600859
휘경2동주민센터,127.068049,37.590736
휘경2동주민센터,127.068086,37.590505
동부아동보호전문기관.동대부중고,127.076383,37.576834
장안삼성래미안2차아파트,127.076622,37.574682
장안삼성래미안2차아파트.성복교회,127.076814,37.572847
장안현대홈타운아파트앞,127.073389,37.569759
동대문구민체육센터,127.073941,37.566386
파라브아파트,127.072374,37.563583
장안현대홈타운상가,127.074379,37.571308
장안현대홈타운앞,127.075617,37.569289
장안치안센터,127.0725,37.567946
장안치안센터,127.072702,37.568222
장평중학교,127.07094,37.565745
회기역종점,127.058862,37.5899
경희대입구,127.053013,37.591272
경희대입구,127.052713,37.591583
서울바이오허브,127.05014,37.591388
서울바이오허브,127.049277,37.591609
한국과학기술원.홍릉초등학교,127.045747,37.591769
한국과학기술원.홍릉초등학교,127.046964,37.591545
국방연구원,127.041181,37.591409
국방연구원,127.040058,37.591104
세종대왕기념관,127.04238,37.589853
세종대왕기념관,127.042567,37.590462
영휘원사거리.(구)홍릉사거리,127.043175,37.586001
영휘원사거리.(구)홍릉사거리,127.043466,37.586014
동대문경찰서,127.043784,37.58414
동대문경찰서,127.044261,37.583559
현대코아,127.044873,37.581812
현대코아,127.044656,37.581486
동대문중앙새마을금고,127.041213,37.583118
동대문중앙새마을금고,127.042221,37.582987
제기동주민센터앞,127.037868,37.582977
제기동한신아파트,127.037361,37.586638
제기시장,127.03522,37.586386
제기시장,127.034671,37.586625
외대역앞,127.060947,37.59601
외대역앞,127.06136,37.596066
SK뷰아파트,127.065172,37.594405
청랑리한신아파트.청량사입구,127.047414,37.586742
전동초등학교.전농동SK아파트,127.060945,37.577751
벽산아파트,127.030514,37.582756
제기동천주교회,127.033571,37.582857
이문동쌍용아파트,127.068855,37.598878
이문동쌍용아파트,127.069121,37.598832
전동초등학교.전농동SK아파트,127.061494,37.57812
한국산업인력공단서울지역본부,127.072971,37.583745
서울반도체고교.휘경주공아파트,127.069252,37.584166
e편한세상청계센트럴포레아파트,127.030294,37.570816
래미안장안1차아파트앞,127.07202,37.566832
장평중학교앞,127.070253,37.564958
청량리미주상가앞,127.047256,37.581958
동대문구청.용두역,127.04015,37.572834
종로사약국,127.065306,37.594521
회기동현대아파트,127.054461,37.589111
우산빌딩앞,127.054677,37.588882
배봉산입구,127.068204,37.580342
면곡시장,127.081066,37.571645
동부아파트,127.045232,37.586689
자동차부품상가,127.057776,37.564595
청랑리한신아파트.청량사입구,127.047669,37.586514
장안동삼성쉐르빌아파트앞,127.070211,37.572308
동대문노인종합복지관,127.049713,37.585946
쌍용아파트,127.068389,37.60135
쌍용아파트,127.068518,37.601467
삼육서울병원,127.062361,37.590283
동일스위트리버앞.휘봉고교,127.067659,37.587181
청량리수산시장,127.040871,37.578643
휘봉초등학교,127.069685,37.587706
휘경미소지움아파트,127.064564,37.590928
서울반도체고교.휘경주공아파트,127.069714,37.58447
용두동신동아아파트,127.0326,37.574045
다사랑행복센터.서울문화재단,127.033757,37.571438
청량리수산시장,127.041895,37.578952
답십리역3번출구,127.053192,37.566768
가든아파트.수사연구소,127.072074,37.584549
회기역,127.057848,37.590123
답십리역1번출구,127.050696,37.568498
동일하이빌.현대베스트빌아파트,127.073998,37.582473
동안교회,127.057743,37.593868
경희대입구,127.052781,37.591566
청계한신휴플러스,127.045034,37.571807
시조사삼거리,127.053504,37.588481
경희중고,127.056427,37.594359
경희대의료원.경희여중고,127.052311,37.594127
한신휴플러스정문,127.04508,37.572735
천장산로33,127.057872,37.598865
경희맨션,127.057,37.595615
동아아파트,127.045583,37.574247
삼성래미안,127.058495,37.600017
경희대동문,127.056867,37.596671
래미안라그란데,127.060119,37.59979
전농119안전센터,127.045608,37.576184
래미안라그란데,127.059674,37.599997
외대.경희대후문,127.057151,37.598313
전농1동파출소,127.048096,37.576422
휘경여중고.휘경주공아파트,127.068563,37.582455
신성미소지움아파트,127.050131,37.578932
삼성래미안,127.057368,37.599912
청량리역고가도로교동단,127.051415,37.580509
영광빌딩,127.052506,37.581843
시립대입구,127.053466,37.583852
외대앞역,127.062825,37.595335
회기역종점,127.05874,37.589852
외대.경희대후문,127.056963,37.598304
신설동역1번출구,127.023609,37.576012
천장산로33,127.057755,37.598883
경희대동문,127.056746,37.596741
경희맨션,127.056911,37.595656
경희중고,127.056343,37.594651
동안교회,127.057302,37.59286
동대부고.은석초교앞,127.07367,37.579259
서울시립대,127.053182,37.583115
영광빌딩,127.052199,37.581981
청량리역고가도로교동단,127.051135,37.58059
신성미소지움아파트,127.049576,37.578658
전농1동파출소,127.047607,37.576278
동대문해병전우회,127.045525,37.576372
태양하나어린이집.동아아파트,127.045435,37.574064
한신휴플러스후문,127.046732,37.57299
답십리청소년독서실,127.049235,37.57114
삼희아파트1동,127.050544,37.570159
답십리고미술상가2동,127.051487,37.568996
답십리건축자재시장,127.053486,37.567474
답십리1동교차로,127.055202,37.56619
답십리1치안센터,127.056615,37.565143
고려대역3번출구,127.036526,37.590483
의료원입구사거리,127.052658,37.592699
삼육서울병원,127.062222,37.590276
장안삼거리,127.072352,37.578029
장안사거리,127.072026,37.573209
장안사거리,127.071686,37.573786
장한평역,127.066727,37.561385
청량리역,127.046268,37.580477
서울시립대입구,127.053803,37.582856
전농동사거리,127.057102,37.577253
신답역,127.047784,37.570548
장안삼거리,127.071997,37.577847
신설동역오거리.서울풍물시장,127.023417,37.574276
경동시장앞,127.038658,37.580568
경동시장사거리,127.038109,37.577229
힐스테이트장안센트럴,127.070479,37.57058
힐스테이트장안센트럴,127.070739,37.570341
동답초교.대림아파트,127.06523,37.571207
정화여중.정화고등학교,127.041753,37.586803
정화여중.정화고등학교,127.041843,37.586611
동대문노인종합복지관,127.049258,37.58631
망우역,127.091139,37.597828
망우역,127.090465,37.597603
상봉역.중랑우체국,127.083744,37.595959
상봉역.중랑우체국,127.083301,37.595723
중랑역.동부시장,127.076052,37.593971
중랑역.동부시장,127.074938,37.593615
망우역.망우지구대,127.09539,37.598845
망우역.망우지구대,127.094871,37.598558
우림시장.망우사거리,127.098641,37.599572
우림시장.망우사거리,127.098221,37.599365
금란교회,127.104033,37.60053
금란교회,127.103357,37.600364
동부제일병원.망우역사문화공원,127.108902,37.600464
동부제일병원.망우역사문화공원,127.107756,37.600478
극동늘푸른아파트,127.076404,37.614703
묵동자이.신도브래뉴아파트,127.076589,37.61527
묵동삼거리.먹골역,127.07712,37.612557
먹골역.묵동자이아파트,127.077086,37.613835
한국전력동대문중랑지사,127.078257,37.606957
한국전력동대문중랑지사,127.078749,37.60623
지하철7호선중화역,127.079156,37.602649
지하철7호선중화역,127.07945,37.602844
국민은행중화동지점,127.079804,37.598936
중화동한신아파트,127.080169,37.599076
상봉2동복합청사.도서관,127.079978,37.591891
상봉2동복합청사.도서관,127.080288,37.592038
면목2동주민센터.중목초등학교,127.079859,37.589383
면목2동주민센터.중목초등학교,127.080221,37.590203
면목2동사거리,127.07973,37.587155
면목2동사거리,127.08012,37.587479
면목5동주민센터,127.079632,37.584884
장안시장,127.080023,37.585522
면목신우아파트,127.079441,37.580271
면목신우아파트,127.079812,37.580633
면목119안전센터,127.079909,37.573522
경남아너스빌아파트앞,127.080155,37.57475
늘푸른동아아파트,127.080357,37.572498
중랑역.동부시장1,127.075523,37.593924
중랑역.동부시장1,127.076767,37.59395
한샘교회,127.082494,37.595417
신내지하차도,127.097102,37.599473
상봉역2번출구,127.087246,37.596624
신내지하차도,127.097355,37.599481
중랑구방정환교육지원센터,127.088628,37.597364
망우역,127.09407,37.598643
망우지구대,127.09554,37.598692
망우지구대,127.096136,37.599106
양원숲초등학교,127.104843,37.609687
하나은행망우동지점,127.098587,37.599626
양원숲초등학교,127.104739,37.609969
금란교회앞,127.103792,37.600602
금란교회앞,127.104129,37.600352
능산사거리,127.101945,37.60848
망우동고개,127.107379,37.600688
서울우유앞,127.072817,37.592108
서울우유앞,127.073168,37.591449
중랑초등학교,127.074318,37.58932
중랑초등학교,127.074273,37.58951
동부시장남문입구,127.077665,37.590431
동부시장남문입구,127.078259,37.59077
88병원,127.080896,37.591312
상봉2동주민센터,127.081088,37.59165
서울창업카페상봉점,127.083885,37.592028
서울창업카페상봉점,127.083713,37.59224
면목6거리,127.087852,37.592879
면목6거리,127.087203,37.59294
상봉신협,127.089902,37.593365
상봉신협,127.090568,37.593653
혜원사거리,127.092532,37.59388
혜원사거리,127.093674,37.594371
혜원여중고입구,127.09505,37.594427
혜원여중고입구,127.095554,37.594772
봉우재고개,127.097837,37.595025
봉우재고개,127.097305,37.595112
우림시장,127.09954,37.595398
우림시장,127.099289,37.595571
상봉역3번출구,127.086216,37.594296
상봉역4번출구,127.08594,37.594197
면목초등학교,127.086973,37.591344
면목초등학교,127.086678,37.591302
지하철7호선면목역,127.087241,37.589132
지하철7호선면목역,127.087523,37.589166
면목본동주민센터.면목정보도서관,127.088242,37.586915
면목본동주민센터.면목정보도서관,127.088098,37.586515
면동초등학교,127.088454,37.584257
면동초등학교,127.08836,37.584855
면목우체국.녹색병원,127.088718,37.582055
면목우체국.녹색병원,127.088457,37.582734
사가정역.국민건강보험공단중랑지사,127.088066,37.57986
사가정역2번출구,127.088434,37.581224
면목시장,127.087651,37.579647
면목7동주민센터.면남초등학교,127.086325,37.578634
면목7동주민센터.면남초등학교,127.085932,37.5783
방약국앞,127.085849,37.575775
방약국앞,127.08574,37.575997
중곡초등학교,127.084205,37.572917
중곡초등학교,127.084179,37.573151
삼룡사입구,127.100175,37.597683
삼룡사입구,127.100418,37.596944
용마공원입구,127.099437,37.59392
용마공원입구,127.099292,37.594253
면일초등학교,127.098401,37.592017
면일초등학교,127.097627,37.591217
서일대학교,127.0967,37.58951
서일대학교,127.096869,37.589194
용마문화복지센터.서일대후문,127.09538,37.586485
용마문화복지센터.서일대후문,127.095167,37.586712
중화중학교.면목고등학교,127.09405,37.583998
"중화중학교,중랑구가족센터",127.094165,37.584755
면중초등학교.면목중학교,127.093463,37.581231
면중초등학교.면목중학교,127.093329,37.582269
한양수자인사가정파크,127.092889,37.58007
묵동공감대아파트,127.078122,37.613841
면목동금호어울림아파트,127.091717,37.579247
면목동금호어울림아파트,127.090707,37.577837
면목동대원칸타빌아파트,127.090283,37.577761
용마폭포공원,127.088742,37.575692
용마폭포공원,127.088548,37.575927
용마산역,127.086671,37.573382
용마산역,127.086398,37.573506
용마산하늘채아파트,127.086307,37.571024
용마산하늘채아파트,127.08602,37.571258
묵동구길,127.079055,37.615519
묵동구길,127.079067,37.615892
묵1동주민센터입구.먹골역,127.077952,37.611863
묵1동주민센터입구.먹골역,127.0778,37.61259
신성은하수아파트,127.073706,37.588578
신성은하수아파트,127.073445,37.588454
면목2동한신아파트,127.074044,37.587334
면목2동한신아파트,127.074238,37.586758
겸재교입구.서울시집집마당,127.07589,37.585608
겸재교입구.서울시집집마당,127.0761,37.585907
동서그랜드맨션,127.077952,37.586111
동서그랜드맨션,127.078807,37.586487
하나은행면목지점,127.081111,37.586816
하나은행면목지점,127.081041,37.587028
면목복개천,127.086043,37.587913
면목복개천,127.08567,37.588053
면목역2번출구,127.088634,37.588496
면목역2번출구,127.08855,37.588679
동원전통종합시장정문,127.091972,37.589183
동원전통종합시장정문,127.091997,37.589447
혜원여중고후문,127.09618,37.590197
혜원여중고후문,127.096395,37.590465
면목마젤란아파트,127.08374,37.586824
면목마젤란아파트,127.083947,37.586705
녹색병원입구,127.083691,37.584154
녹색병원입구,127.083364,37.584903
면목두산1차.사가정아이파크,127.083886,37.581933
면목두산1차.사가정아이파크,127.083487,37.581831
면목두산아파트4.5단지,127.081193,37.578456
면목두산아파트4.5단지,127.081026,37.578541
사가정센트럴아이파크아파트,127.081989,37.581374
홈플러스면목동점,127.081718,37.581131
면목두산아파트2차,127.084848,37.581108
면목두산아파트2차,127.084643,37.580998
사가정역,127.087632,37.580908
사가정역3번출구,127.087297,37.580662
사가정시장,127.089431,37.580643
사가정역4번출구.사가정시장,127.089301,37.58044
용마산교차로,127.092502,37.580636
중화2동주민센터,127.076763,37.601635
중화2동주민센터,127.077011,37.601413
중화역3번출구,127.078735,37.601707
중화역3번출구,127.078998,37.60145
중화역2번출구.중화1동주민센터,127.080683,37.601694
중화역2번출구.중화1동주민센터,127.080945,37.601522
중흥초등학교,127.082732,37.601789
중흥초등학교,127.083092,37.601683
이화연립.경동제일교회앞,127.084997,37.602352
이화연립.경동제일교회앞,127.085315,37.602294
쌍용아파트.신내테크노타운앞,127.088091,37.60335
쌍용아파트.신내테크노타운앞,127.088053,37.603116
엘지아파트앞,127.089863,37.604102
엘지아파트앞,127.090002,37.603949
신현중학교,127.091749,37.60531
신현중학교,127.091421,37.604792
중랑구청,127.094182,37.606644
중랑구청,127.093635,37.606206
동성프라자앞,127.097185,37.607772
동성프라자앞,127.097624,37.607707
성원아파트.경남아너스빌앞,127.095466,37.603957
성원아파트.경남아너스빌앞,127.095889,37.60345
중랑구청사거리,127.095212,37.605621
중랑구청사거리,127.095379,37.606057
신내동성3차아파트,127.095248,37.607643
신내동성1.2차아파트,127.096057,37.609753
신내10단지아파트,127.095563,37.609147
신내9단지아파트,127.095991,37.610569
신내8단지아파트.서울의료원,127.09618,37.613115
신내9단지아파트.서울의료원,127.096622,37.612626
신내7단지아파트.홈플러스,127.093888,37.615253
신내7단지아파트.홈플러스,127.093706,37.615524
봉화초등학교,127.091724,37.613761
봉화초등학교,127.091529,37.613877
신내6단지아파트.옹기테마공원,127.090419,37.613897
신내6단지,127.091776,37.61621
신내6단지아파트.옹기테마공원,127.090083,37.613981
신내우체국.5단지두산대림아파트,127.090017,37.616566
신내우체국.5단지두산대림아파트,127.089772,37.616635
중랑구립정보도서관.구민체육센터,127.087083,37.61561
중랑구립정보도서관.구민체육센터,127.087135,37.615712
신내4단지아파트,127.086081,37.616593
신내5단지아파트,127.086246,37.616527
화랑대역6번출구,127.085873,37.61964
화랑대역5번출구,127.086185,37.619852
봉화산역2번출구,127.093176,37.616704
봉화산역3번출구,127.092908,37.616459
중랑경찰서후문,127.105554,37.619877
새우개마을,127.103356,37.618244
신내능마을,127.101659,37.614362
신내능마을,127.101432,37.614559
신내데시앙아파트.신내역프라디움,127.101333,37.610541
신내데시앙아파트.신내역프라디움,127.101015,37.610538
신내초등학교.신내교회,127.10075,37.606156
신내새한아파트.신내교회,127.101049,37.605838
능산지하차도,127.100638,37.600947
능산지하차도,127.100349,37.601082
상봉터미널,127.093143,37.596466
상봉터미널,127.092859,37.596227
망우3동주민센터.혜원여중고후문,127.093544,37.592168
망우3동주민센터.혜원여중고후문,127.093238,37.592465
동원시장,127.093707,37.590458
동원시장,127.093441,37.5904
면목본동파출소,127.094133,37.588671
면목본동파출소,127.094292,37.587176
중화2동체육공원,127.073873,37.600361
중화빗물펌프장,127.072015,37.598334
중랑으뜸새마을금고본점,127.072125,37.595615
중랑으뜸새마을금고본점,127.072348,37.595532
중랑세무서,127.072459,37.593817
중랑세무서,127.072697,37.593884
면목아남리치카운티아파트,127.085382,37.590406
망우동고개,127.10836,37.601283
망우금호어울림아파트,127.108053,37.602022
망우동금호어울림아파트,127.108091,37.602363
경남아파트.서울특별시북부병원,127.107113,37.603826
서울특별시북부병원,127.107183,37.604097
양원역입구,127.106195,37.60554
양원역입구,127.106301,37.60564
양원리.LH서울양원1단지,127.10659,37.609528
양원리.신내역힐데스하임아파트,127.106505,37.609636
신내차량사업소입구.동서울교회,127.105268,37.611752
신내차량사업소입구.동서울교회,127.105258,37.611585
중랑공영차고지,127.102023,37.613645
면목아남리치카운티아파트,127.085089,37.590318
중랑소방서,127.09522,37.614875
세방아파트입구,127.084619,37.615109
원묵고등학교,127.085586,37.615601
먹골파출소.신안아파트입구,127.082339,37.614559
먹골파출소.신안아파트입구,127.08124,37.614413
신안2차아파트,127.078895,37.614797
신안2차아파트입구,127.080063,37.614412
중랑소방서,127.095217,37.614682
송곡여고.양원역,127.1058,37.605729
송곡여고.양원역,127.1056,37.605473
엘림재가방문요양센터,127.103524,37.604685
엘림재가방문요양센터,127.103255,37.604392
이화미디어고.중랑숲어린이도서관,127.102114,37.603231
이화미디어고.중랑숲어린이도서관,127.102325,37.603119
금란교회,127.101992,37.601292
금란교회,127.10215,37.60118
망우사거리,127.100146,37.600538
망우사거리,127.099921,37.600375
신내지하차도,127.097411,37.59992
신내지하차도,127.097455,37.599762
신내6단지아파트,127.091706,37.61641
브라운스톤태릉아파트,127.083077,37.618275
브라운스톤태릉아파트,127.082952,37.618176
구묵동교,127.079282,37.618035
구묵동교,127.079458,37.618001
동양쇼핑,127.078387,37.61544
동양쇼핑,127.077969,37.61562
우리은행,127.076789,37.615767
목동교입구.로프트원오피스텔,127.07685,37.615585
한국아파트,127.073242,37.614932
동구햇살아파트,127.074006,37.613482
묵동롯데시네마,127.075272,37.614848
묵동롯데시네마,127.075507,37.61503
브라운캐슬,127.075318,37.61359
브라운캐슬,127.075574,37.613619
먹골역입구,127.075801,37.611464
먹골역입구,127.075906,37.611491
묵2동주민센터,127.076035,37.609895
묵2동주민센터,127.076196,37.60991
금보당금은방,127.076423,37.608188
금보당금은방,127.07665,37.607926
신묵초등학교입구,127.076708,37.606735
신묵초등학교,127.076798,37.60674
제일시장,127.076992,37.60497
제일프라자,127.077142,37.604996
신동신약국,127.07725,37.603537
신동신약국,127.077418,37.603469
중화역입구.대원사약국,127.077711,37.601253
중화역입구,127.077747,37.601901
태릉시장입구,127.078033,37.599479
태릉프라자약국.농협,127.077146,37.598336
태릉시장입구굴다리,127.075752,37.596677
우남푸르미아아파트,127.099209,37.607244
우남푸르미아아파트,127.09922,37.606985
신내초등학교,127.097702,37.605195
신내초등학교,127.097938,37.605377
경남아파트,127.096952,37.602837
대명프라자,127.097006,37.602463
건영아파트,127.095955,37.602345
상봉1동주민센터,127.087649,37.600438
상봉1동주민센터,127.087367,37.600665
신내쌍용아파트,127.087469,37.601538
신내쌍용아파트,127.087175,37.602235
면목두산아파트2.3단지,127.082678,37.579814
망우역,127.092981,37.59863
중랑공영차고지.신내역,127.102796,37.613532
중랑캠핑숲.서울특별시북부병원,127.108843,37.605022
양원역,127.107418,37.606344
성은교회앞,127.071982,37.597172
해모로아파트앞,127.111341,37.60193
먹골역5번출구,127.077855,37.608937
먹골역4번출구,127.078182,37.609364
중화2동체육공원,127.073695,37.600363
태릉고등학교앞,127.085377,37.618438
태릉고등학교.원묵초등학교,127.087244,37.618295
태릉고등학교.원묵초등학교,127.087341,37.618039
서울의료원후문,127.097433,37.613773
서울의료원후문,127.098397,37.613665
신내데시앙아파트후문,127.099446,37.613163
신내데시앙아파트후문,127.100263,37.613075
중화중학교삼거리,127.094885,37.586449
새우개마을입구,127.09977,37.614244
신내역프라디움더테라스후문,127.101867,37.612673
용마산빌라,127.084121,37.571312
신내역4번출구,127.103338,37.612479
능말입구,127.10567,37.613847
망우역사문화공원,127.115214,37.601548
망우역사문화공원,127.11531,37.601846
신내SKV1센터,127.113271,37.614461
능말입구,127.10548,37.61378
중랑경찰서후문,127.104842,37.619689
당너머,127.109738,37.612606
당너머,127.109838,37.612494
신내데시앙포레아파트220동앞,127.112802,37.615404
신내데시앙포레아파트220동앞,127.112752,37.615986
신내데시앙포레아파트정문앞,127.110942,37.616564
새솔초등학교입구,127.109803,37.617268
새솔초등학교,127.108386,37.617436
중랑경찰서정문.우디안101동앞,127.105621,37.617771
중랑경찰서정문.우디안101동앞,127.105355,37.617689
신내우디안아파트107동앞,127.105454,37.615628
신내우디안아파트107동앞,127.105899,37.615298
신내10단지아파트,127.095291,37.610387
중랑공영차고지삼거리,127.104667,37.612974
우디안아파트114동앞,127.107416,37.618864
우디안아파트114동앞,127.10715,37.619085
늘푸른공원.면목라온프라이빗,127.079641,37.583108
늘푸른공원.사가정센트럴아이파크,127.07993,37.583049
브라운캐슬B동,127.074999,37.613647
진로아파트앞.용마산동행길.종점,127.101988,37.587613
중화동종점,127.082532,37.60006
진주빌라.바다약국,127.10003,37.58827
정신교회,127.081397,37.599794
마을금고,127.080446,37.599679
공판장,127.099123,37.588629
수협,127.079387,37.599553
새마을금고,127.097656,37.589166
태릉시장,127.078243,37.599772
서일대정문,127.096078,37.588305
신일교회,127.094432,37.587793
서일대정문,127.09612,37.587814
면목역,127.086954,37.588313
중랑초교정문.면목2동치안센터,127.076024,37.589674
한신아파트상가,127.076553,37.588421
IBK기업은행면목동지점,127.08501,37.587655
한신아파트후문,127.076503,37.587356
마을금고,127.080398,37.599505
정신교회,127.081603,37.599656
중화동종점,127.082644,37.599933
지하철7호선면목역,127.088323,37.588388
면목본동파출소,127.094104,37.587816
새마을금고,127.097322,37.589095
공판장,127.099042,37.58849
진주빌라.바다약국,127.099993,37.588189
진로아파트앞.용마산동행길.종점,127.101985,37.587548
수협,127.079431,37.599383
중랑공영차고지.신내역,127.103628,37.613209
중랑공영차고지.종점,127.104468,37.613322
사가정역3번출구,127.087002,37.580736
망우역,127.092515,37.598647
길음2동주민센터,127.028209,37.606906
길음2동주민센터,127.027469,37.606111
길음뉴타운,127.02428,37.603708
길음뉴타운,127.023442,37.603111
미아리고개.미아리예술극장,127.021709,37.598811
미아리고개.미아리예술극장,127.021821,37.597921
돈암사거리.성신여대입구,127.018131,37.593743
돈암사거리.성신여대입구,127.017684,37.593251
삼선교.한성대학교,127.009361,37.589923
삼선교.한성대학교.조소앙활동터,127.008231,37.589326
숭곡초교입구,127.032088,37.609858
창문여고,127.03582,37.611851
동방고개,127.038274,37.613708
장위동그린빌아파트,127.043113,37.617853
북서울꿈의숲,127.045345,37.620317
장월초등학교,127.048603,37.62356
국민대앞,126.994027,37.61068
국민대앞,126.994077,37.611089
국민대학교앞,126.994649,37.610808
청덕초등학교입구,126.999083,37.60867
청덕초등학교입구,127.00006,37.60863
북악중학교,127.002908,37.607386
고려대사범대학부속고등학교,127.002378,37.607888
봉국사,127.007624,37.605854
봉국사,127.007657,37.606138
정릉2동주민센터,127.011258,37.604593
정릉2동주민센터,127.011199,37.604981
숭덕초교,127.014683,37.603358
숭덕초교,127.015114,37.603698
정릉길음시장,127.019325,37.602216
정릉길음시장.길음뉴타운9단지,127.0196,37.602569
길음역2번출구.돈암삼성아파트,127.024575,37.601874
길음역3번출구B,127.02377,37.602041
돈암1동주민센터,127.026423,37.603672
돈암1동주민센터,127.026568,37.604512
종암사거리,127.031172,37.603607
KT월곡지사,127.034378,37.602446
KT월곡지사,127.0347,37.603029
종암SK아파트,127.037614,37.602047
성북구보건소,127.039163,37.602589
월곡역,127.041453,37.601629
월곡역,127.042348,37.60307
동덕여대앞,127.042834,37.603003
상월곡역.한국과학기술연구원,127.047278,37.605588
상월곡역.한국과학기술연구원,127.046447,37.605489
월곡중학교,127.049787,37.606895
월곡중학교,127.049236,37.606966
장위아트포레.장위전통시장입구,127.052529,37.608343
장위아트포레.장위전통시장입구,127.052105,37.608447
돌곶이역5번출구,127.058213,37.611291
돌곶이역1번출구,127.056208,37.610586
장위동동원베네스트.온누리병원,127.058969,37.612043
석관동주민센터,127.061917,37.613393
석관동주민센터,127.061433,37.613441
석계역굴다리앞,127.065797,37.614331
석계역4번출구,127.067112,37.615104
성가복지병원,127.031138,37.605883
성가복지병원,127.031529,37.605923
종암경찰서,127.033044,37.601433
종암경찰서,127.033684,37.601106
종암동주민센터,127.034108,37.599415
종암동주민센터,127.034957,37.598374
숭례초교,127.035681,37.594805
숭례초등학교,127.03617,37.594397
고대앞,127.034811,37.588564
우신향병원,127.03161,37.585136
안암오거리,127.029065,37.582486
대광초교,127.025028,37.579707
정릉북한산국립공원입구,126.999295,37.617721
정릉산장아파트,127.003345,37.616713
정릉대우아파트,127.00386,37.616708
정릉4동주민센터.경국사,127.006337,37.613524
정릉4동주민센터.경국사,127.006714,37.613362
성북청수도서관.정릉4동성당,127.008419,37.61157
성북청수도서관.정릉4동성당,127.009075,37.610896
정릉시장입구,127.009821,37.608465
정릉시장입구,127.010152,37.608033
정릉우체국앞,127.011412,37.605165
정릉우체국앞,127.011526,37.605393
미아초교,127.022039,37.611532
미아초교,127.022466,37.610887
길음동동부아파트,127.023531,37.607283
길음동동부아파트,127.023455,37.608025
삼선동주민센터,127.014347,37.590611
삼선동주민센터,127.014715,37.590692
성북구청.성북경찰서,127.017431,37.588151
성북구청.성북경찰서,127.01723,37.588605
보문역2번출구,127.018921,37.585851
보문역6번출구,127.019771,37.584876
보문동성당,127.020796,37.582396
보문동성당,127.021116,37.582399
보문동주민센터,127.021863,37.580451
보문동주민센터,127.022378,37.580048
월계2교.참누리아파트,127.050375,37.623218
월계2교,127.050133,37.623825
광운초교앞,127.052958,37.619953
광운초교,127.053113,37.620286
성북청소년센터,127.056887,37.616488
성북청소년센터,127.057514,37.616156
장위자이레디언트아파트,127.059224,37.614118
장위자이레디언트아파트,127.059736,37.613973
장위사거리,127.061833,37.611589
장위사거리,127.06183,37.611925
석관중고등학교앞,127.064025,37.609261
석관고등학교,127.064362,37.609435
석관동코오롱아파트,127.066126,37.606585
석관동코오롱아파트,127.06635,37.606655
북서울꿈의숲,127.045101,37.619246
북서울꿈의숲,127.045659,37.619113
장곡초교앞,127.047717,37.617659
장곡초교앞,127.047942,37.617707
진흥선원,127.050021,37.616211
진흥선원,127.050048,37.61643
장위동원천주유소,127.052571,37.614691
장위동원천주유소,127.052974,37.614631
돌곶이역2번출구,127.055532,37.612092
돌곶이역7번출구,127.057553,37.610227
돌곶이역3번출구,127.056203,37.611744
석관시장,127.05907,37.60869
석관시장,127.05906,37.609002
석관동새마을금고,127.060397,37.607459
석관동새마을금고,127.060938,37.607272
한국예술종합학교,127.061829,37.605647
한국예술종합학교,127.062021,37.605762
돈암힐스테이트.코오롱하늘채,127.014297,37.598437
꿈의숲아이파크아파트,127.051384,37.618016
꿈의숲아이파크아파트,127.051044,37.618014
장곡초교사거리,127.050137,37.617218
장곡초교사거리,127.049905,37.617273
서울다원학교.한용운활동터,126.991813,37.594504
동방문화대학원대학교,126.993166,37.594495
동방문화대학원대학교,126.993727,37.594784
성북구립미술관.쌍다리앞,126.995834,37.593594
성북구립미술관.쌍다리앞,126.995944,37.593745
성북초교.성북선잠박물관,126.998777,37.593063
성북초교.성북선잠박물관,126.997803,37.593085
홍익대부속중고등학교입구,127.000648,37.593218
홍익대부속중고등학교입구,127.001531,37.593272
경신중고입구,127.002834,37.591787
경신중고입구,127.002667,37.59241
성북동주민센터.서울동구고,127.003647,37.590747
성북동주민센터.서울동구고,127.003875,37.590939
한성대입구역5번출구.삼선교,127.005502,37.588812
한성대입구역6번출구.삼선교,127.005613,37.589094
서울다원학교.한용운활동터,126.991655,37.594739
장위래미안아파트,127.052899,37.61917
종월2교,127.041249,37.597311
창문여고,127.035691,37.61178
장위래미안아파트,127.052659,37.618853
남대문중학교,127.054697,37.618056
남대문중학교,127.055379,37.617767
길음시장,127.023582,37.603009
길음시장,127.023092,37.60315
길음역11번출구,127.025951,37.604683
길음역10번출구,127.025922,37.605088
미아사거리,127.030044,37.610168
서경로꿈마루도서관앞,127.013387,37.611505
길원초등학교입구,127.014375,37.610438
길원초등학교입구,127.014672,37.610337
길음뉴타운11단지롯데캐슬,127.015363,37.608834
길음뉴타운11단지롯데캐슬,127.015477,37.608783
정릉동아.길음뉴타운데시앙아파트,127.014953,37.606292
길음뉴타운데시앙.정릉동아아파트,127.015123,37.60641
숭덕초교,127.014578,37.603808
성북생태체험관,127.006496,37.620223
정릉초교,127.00634,37.619058
정릉동풍림상가앞,127.007709,37.616701
정릉동풍림상가앞,127.008189,37.616764
정릉동풍림아파트.청소년문화의집,127.008676,37.616477
정릉입구.정릉역,127.013509,37.602426
정릉입구.정릉역,127.013507,37.602876
아리랑고개.아리랑시네미디어센터,127.013778,37.600632
아리랑고개.아리랑시네미디어센터,127.013736,37.600466
돈암2동주민센터입구.흥천사,127.015117,37.59672
돈암2동주민센터입구.흥천사,127.015604,37.5962
성신여대입구역5번출구,127.016135,37.59374
성신여대입구역6번출구,127.016419,37.593747
한국과학기술연구원입구,127.044818,37.603913
대농빌라앞,127.043291,37.601778
월곡샹그레빌아파트,127.040815,37.595478
월곡샹그레빌아파트,127.040892,37.595401
장위동고개,127.040651,37.614245
장위동고개,127.040918,37.614378
장위1동주민센터,127.042787,37.613862
장위1동주민센터,127.043464,37.613994
장위1동치안센터,127.045172,37.613833
장위1동치안센터,127.046117,37.613975
청소년문화누림센터,127.048439,37.613591
청소년문화누림센터,127.048769,37.613883
월곡1동주민센터,127.035226,37.61083
월곡1동주민센터,127.03562,37.61033
밤나무골시장,127.03575,37.609406
월곡삼성래미안아파트,127.0359,37.609549
월곡동두산아파트,127.036649,37.606735
월곡동두산아파트,127.036751,37.606913
생명의전화,127.037215,37.604518
생명의전화,127.037536,37.604177
장곡초교,127.04853,37.616202
장곡초교,127.048798,37.61612
보문역5번출구,127.020254,37.585464
보문역4번출구,127.02008,37.585651
안암동주민센터,127.021939,37.586046
안암동주민센터,127.022369,37.586268
고려대이공대.고대병원,127.025987,37.586174
고려대이공대.고대병원,127.025879,37.586433
안암역3번출구,127.030524,37.586229
안암역2번출구,127.030276,37.586364
안암오거리,127.029593,37.583296
개운사입구,127.029458,37.58583
성신여대입구역3번출구.돈암시장,127.016715,37.591444
성신여대입구역2번출구.돈암시장,127.016772,37.591715
성북구청,127.01817,37.589376
성북구청,127.017571,37.589934
보문2교,127.019435,37.58912
보문2교,127.019146,37.589049
성신여대후문,127.022096,37.589049
성신여대후문,127.022107,37.589135
용문중고교,127.022977,37.587694
용문중고교,127.023148,37.587356
안암초교,127.023396,37.58692
안암초교,127.023434,37.587105
돈암초교입구,127.012138,37.591076
정릉3동주민센터앞,127.004411,37.608447
정릉3동주민센터앞,127.004722,37.608556
삼덕단지.성북구최만린미술관,127.00506,37.610387
삼덕단지.성북구최만린미술관,127.005234,37.610712
솔샘사거리,127.006954,37.612779
솔샘사거리,127.007278,37.61267
보문역3번출구,127.019202,37.585933
성북우체국.현대백화점,127.029381,37.607821
정릉동풍림아파트,127.008889,37.616484
현대백화점,127.029232,37.608269
돈암동일신건영휴먼빌아파트,127.013386,37.601461
석계역5번출구,127.06537,37.613893
석계역,127.065462,37.613599
월곡2SH빌아파트,127.042218,37.597511
석관고등학교후문,127.066499,37.610699
길음역3번출구A,127.024319,37.602208
청소년문화의집.정릉e편한세상,127.008907,37.615191
상진운수종점,127.065248,37.611198
상진운수종점,127.065629,37.611267
대진여객차고지,127.000797,37.617689
정릉북한산국립공원입구,126.999349,37.617858
풍림아파트삼거리,127.007432,37.617339
성북생태체험관,127.006496,37.620153
정릉초교,127.006424,37.618938
파크빌라앞,127.005908,37.598226
골드하우스,127.004555,37.598487
월곡중학교,127.047849,37.606235
508단지삼거리,127.005536,37.599333
산장빌라,127.007409,37.599016
산장빌라,127.0074,37.598776
성북참노인전문병원,127.005665,37.597675
교수단지,127.009283,37.599667
우방아파트,127.009455,37.600211
일신건영아파트.꿈에그린아파트,127.012109,37.601491
일신건영아파트.꿈에그린아파트,127.012227,37.601451
돈암힐스테이트.코오롱하늘채,127.014404,37.598833
돈암동일신건영휴먼빌아파트,127.013626,37.601644
구민회관입구,127.006456,37.596703
508단지입구,127.006386,37.599174
스카이힐스,127.003663,37.599483
508단지삼거리,127.005634,37.599226
대일외고.서경대정문,127.013145,37.612945
서경대본관,127.011423,37.61546
서경대본관,127.011687,37.615626
길음뉴타운8단지,127.015877,37.60757
길음뉴타운8단지,127.015704,37.607407
서경로꿈마루도서관앞,127.013476,37.611633
국민커뮤니티센터,127.00441,37.612283
정릉연립,127.004372,37.612214
국민대후문,126.999453,37.611197
국민대후문,126.999864,37.611173
고려대사범대학부속고등학교후문,126.999295,37.609506
고려대사범대학부속고등학교후문,126.999511,37.609461
월곡래미안루나밸리,127.04116,37.599656
길음뉴타운10단지.라온유아파트,127.018134,37.602988
숭곡초교후문,127.032834,37.609278
월곡아남아파트,127.034511,37.606477
월곡동신아파트,127.036024,37.604531
돌곶이역8번출구,127.056327,37.610303
한성대입구역,127.004724,37.589363
장위동입구,127.039031,37.613731
북한산보국문역2번출구,127.007986,37.612294
북한산보국문역1번출구,127.008329,37.612084
일신초교.래미안라센트아파트,127.039437,37.598242
서울사대부설중학교,127.038364,37.596143
서울사대부설고등학교,127.037165,37.593647
일신휴먼빌.우정아파트,127.011253,37.600439
고려아파트,127.027246,37.598562
장월초교.참누리아파트,127.048262,37.623402
동방주택,127.043726,37.616585
장위중학교,127.040501,37.611909
신안APT.길음초등학교,127.01642,37.614224
정릉4동종점,127.010178,37.612944
산림초소,126.997944,37.61392
정릉2동주민센터,127.011536,37.604467
성신여대입구역3번출구,127.016452,37.592292
삼선푸르지오APT앞,127.013578,37.585158
한성대정문,127.011229,37.582563
한신113동앞,127.0086,37.594343
낙산삼거리,127.010567,37.580267
돈암2동주민센터,127.010866,37.597591
종암중학교,127.034875,37.593284
종암교통정보센터,127.035903,37.594026
고려슈퍼,127.027768,37.598641
슈퍼앞,127.042217,37.615809
월곡청소년센터.오동숲속도서관,127.040432,37.611015
푸르지오211동,127.017015,37.612893
KEB하나은행.오렌지마트,127.00917,37.611304
중앙하이츠정문,127.010978,37.602697
한양슈퍼앞,127.01117,37.583468
구민회관.201동앞,127.009287,37.595588
돈암지구대.현대아파트,127.01271,37.596979
선경아파트,127.034461,37.594375
세븐마트,127.035665,37.59255
죽림정사,127.029227,37.599531
나약국,127.041354,37.614334
동아아파트,127.047409,37.608154
월곡인조잔디구장,127.039471,37.608662
푸르지오정문.e편한세상후문,127.017616,37.611965
넓은마당,126.999704,37.614606
중앙하이츠후문,127.00936,37.603534
성신여대정문앞,127.019738,37.590766
한성대입구3거리,127.010945,37.586412
(구)법화사,127.01109,37.584742
이수아파트.한신휴아파트입구,127.014117,37.596616
극동아파트정문,127.034369,37.595424
고려대법과대학.한국어교육관입구,127.03302,37.591356
래미안세레니티,127.029331,37.599048
장위1동주민센터,127.043292,37.613818
이지마트,127.047678,37.609786
월곡1동밤골경로당,127.040385,37.607417
새생명교회,127.01824,37.611032
도광사,127.001467,37.615409
정수초교,127.008836,37.604372
성신여대평생교육원,127.020067,37.589275
성신여대입구역5번출구,127.016236,37.593452
극동아파트후문,127.033488,37.596022
고려대안암학사,127.030585,37.591258
통일교회,127.029787,37.597757
장위1동치안센터,127.045524,37.613804
GS25장위제일점,127.048228,37.610855
초림빌라,127.041068,37.607465
대림상가앞,127.019929,37.610802
현대아파트앞,127.020318,37.609083
산장아파트,127.003514,37.61666
그린빌라,127.008203,37.603928
삼선시장앞,127.008874,37.588111
종암아이파크2차정문,127.032661,37.596892
고려대아이스링크,127.027807,37.593041
그린마트,127.03102,37.597983
장위동성당앞,127.048973,37.612611
동덕여대후문,127.040838,37.606654
e편한세상정문,127.021676,37.611113
래미안821동앞,127.021798,37.606391
정수빌라,127.007819,37.603439
한성대입구역.성북천분수마루,127.006769,37.588097
삼선시장,127.00911,37.588145
동방고개,127.038323,37.613752
정덕초교입구.이수아파트,127.014425,37.59673
현대홈마트,127.033003,37.597742
성북구의회,127.026456,37.594558
종암아이파크2차후문,127.03197,37.597802
장위시장,127.050035,37.613309
두산아파트후문,127.040291,37.605963
파리바게트앞,127.022656,37.611388
길음시장입구,127.022367,37.605173
길음역출구,127.024352,37.602211
그린빌라,127.008262,37.603725
한신105동앞,127.00889,37.592652
장위동그린빌아파트,127.043007,37.617779
돈암지구대.현대아파트,127.012746,37.597173
개운중학교,127.024894,37.594178
성북노인정입구,127.032777,37.597853
어해랑앞,127.052912,37.613978
자산약국.월곡전철역입구.6호선,127.039231,37.604341
동부아파트.샘물교회앞,127.023885,37.611837
길음역7번출구,127.024173,37.604146
수녀원,127.005314,37.61192
정수초교,127.008772,37.604182
고려대이공대,127.025042,37.586128
삼선교.한성대입구역,127.005156,37.589479
한신103동앞,127.008262,37.592204
북서울꿈의숲,127.045151,37.619945
돈암신일해피트리아파트,127.011007,37.597788
통일교회,127.029753,37.59786
풍림아파트.성신초교,127.02352,37.595193
한미약국,127.034352,37.598912
장위자이레디언트2단지,127.054654,37.614853
래미안길음센터피스120동앞,127.025541,37.612008
중앙하이츠후문,127.009261,37.603449
고대병원,127.027163,37.586114
풍림106동,127.022056,37.597643
성북노인정입구,127.032851,37.597967
성북청소년센터,127.056928,37.616426
장위3동주민센터,127.055661,37.615919
동덕여대부속유치원앞,127.045276,37.606123
영훈중고후문.길음래미안센터피스,127.027493,37.612454
성북미디어문화마루,127.022848,37.604206
구.정릉3동주민센터,127.005897,37.609488
중앙하이츠정문,127.010719,37.602696
한성대입구역5번출구,127.005089,37.58922
참누리아파트,127.047741,37.622979
고명중고교,127.020328,37.598711
종암아이파크2차후문,127.031911,37.597902
장위자이레디언트1단지,127.058112,37.615218
석계역7번출구,127.065428,37.614303
석관두산아파트,127.067626,37.614163
성북레포츠타운,127.070301,37.610082
석관고,127.067226,37.610065
미아사거리전철역,127.029702,37.612327
길음시장입구,127.022454,37.605175
정든마을,127.007302,37.609459
국민은행장위동지점,127.048192,37.613577
고대사거리,127.032287,37.586277
한성대입구역2번출구,127.006796,37.588531
삼선교제1시장,127.00689,37.587795
개운초등학교,127.028815,37.60133
정릉쌍용예가아파트,127.017592,37.599544
그린마트,127.030992,37.598096
래미안610동앞,127.022283,37.605555
수보약국,127.007874,37.608686
쌍다리,126.995884,37.593425
녹십자약국,127.009282,37.589634
삼선교제2시장,127.008667,37.587779
종암래미안,127.029768,37.601741
힐스테이트,127.017033,37.599802
현대백화점,127.029326,37.608321
래미안609동앞,127.021842,37.60654
오렌지마트,127.009364,37.611361
정릉시장입구,127.009805,37.608271
용광교회,126.994859,37.592531
삼영탕앞,127.010029,37.588812
성북세무서앞,127.010125,37.588166
종암아이파크1차후문,127.030448,37.602184
우성APT정문,127.015207,37.600602
길음2동주민센터,127.027803,37.606679
래미안501동앞,127.020693,37.608697
북정마을삼거리,126.992592,37.59255
성북세무서앞,127.010448,37.587876
본교회앞,127.011624,37.588642
성북소방서,127.030936,37.602573
장위자이레디언트1단지,127.058557,37.615128
석계역,127.064717,37.614629
장위2동주민센터,127.054856,37.612787
길음역7번출구,127.024372,37.604236
장위2동주민센터,127.055083,37.612882
돌곶이역3번출구,127.056897,37.611117
길음1동주민센터.길음중앙새마을금고앞,127.019744,37.609923
국민은행사거리,127.048209,37.613706
슈퍼앞,126.992721,37.593126
한성대입구사거리,127.010905,37.585861
성북경찰서사거리앞,127.014716,37.589625
종암아이파크1차정문,127.030364,37.603523
꿈의숲대명루첸아파트,127.048004,37.61975
돈암힐스테이트.코오롱하늘채,127.014262,37.598515
고려슈퍼,127.027668,37.59866
성북청소년센터,127.057125,37.61658
새생명교회,127.018305,37.611
돈암코오롱하늘채.일신휴먼빌,127.011347,37.599599
서경대정문.대일외고,127.013025,37.613125
북정경로당,126.990976,37.592649
(구)법화사,127.010998,37.584591
범양APT입구,127.02721,37.603953
선잠로3길입구,126.997212,37.595953
선잠로3길입구,126.996884,37.596028
원진프라자앞,127.032945,37.599544
푸르지오정문.e편한세상후문,127.01769,37.612291
선잠단지.성락원앞,126.998924,37.59473
선잠단지.성락원앞,126.998921,37.594595
북정마을삼거리.모정앞,126.992223,37.59236
성북동성당,126.997781,37.595446
성북동성당,126.997656,37.595475
성북빌리지,126.99661,37.596715
성북빌리지,126.996577,37.596651
한양슈퍼앞,127.011053,37.583587
돈암초등학교,127.012387,37.59154
길음역,127.025643,37.604448
북악슈퍼,126.994942,37.597508
래미안장위퍼스트하이아파트,127.050552,37.619504
북악슈퍼,126.994825,37.597541
푸르지오211동,127.016919,37.613075
용광교회,126.994789,37.592441
길상사,126.99389,37.598318
수협동소문동지점,127.01028,37.590434
길상사,126.993744,37.598274
정릉꿈에그린아파트,127.011504,37.60157
종암사거리입구,127.033409,37.600994
정릉꿈에그린아파트,127.011263,37.60157
아리랑시장,127.011497,37.60242
아리랑시장,127.011373,37.602262
중앙하이츠빌아파트,127.010792,37.602555
세계문화유산정릉,127.009671,37.601537
정릉꿈에그린1단지,127.010896,37.602175
일신휴먼빌.우정아파트,127.011304,37.600084
돈암코오롱하늘채아파트,127.011313,37.598881
돈암코오롱하늘채아파트,127.011372,37.598793
힐스테이트입구,127.028129,37.606512
한국가구박물관입구,126.992608,37.599291
우리옛돌박물관.정법사,126.99003,37.600604
한국가구박물관입구,126.992186,37.599771
북서울꿈의숲,127.045297,37.620357
장위3동주민센터,127.055394,37.615948
쌍다리,126.995997,37.593382
삼선교,127.007449,37.589174
현대백화점별관주차장,127.029142,37.607537
장위자이레디언트2단지,127.054397,37.61486
간대어린이공원,127.051183,37.618638
돌곶이역2번출구,127.056174,37.611508
성가복지병원앞,127.031114,37.605939
꿈의숲코오롱하늘채아파트,127.045614,37.619141
어해랑앞,127.052653,37.614047
고대병원,127.02625,37.586483
한신103동앞,127.008209,37.592023
성북소방서,127.031525,37.6028
장위시장,127.050576,37.613441
생명의전화로터리,127.037809,37.603835
정릉시장입구.정릉약국,127.009744,37.608371
꿈의숲동문앞,127.045824,37.620924
꿈의숲대명루첸아파트,127.046965,37.619383
종암아이파크1차후문,127.030291,37.602207
돈암힐스테이트.코오롱하늘채,127.014367,37.598792
자산약국.월곡전철역입구.6호선,127.039338,37.604173
수보약국,127.008044,37.608704
종암래미안,127.02983,37.601859
장위동성당앞,127.048784,37.612394
월곡시장.동덕여대오거리,127.042714,37.604127
정든마을,127.007369,37.609617
용문중고교,127.023075,37.58776
개운초등학교,127.02905,37.601682
우성APT정문,127.015206,37.600451
나약국,127.041453,37.614295
GS25장위제일점,127.048167,37.611054
월곡로데오거리,127.043873,37.604899
대동슈퍼,127.005885,37.611178
한진206동앞,127.010723,37.595494
죽림정사앞,127.029175,37.599651
쌍용APT,127.016419,37.600028
슈퍼앞,127.042324,37.61565
이지마트,127.047629,37.609987
동아아파트정문앞,127.046134,37.606887
수녀원입구,127.005548,37.611895
성신여대평생교육원,127.020258,37.589344
명신초.삼선푸르지오.힐스테이트,127.014599,37.582259
브라운스톤,127.017679,37.599298
동아아파트,127.047276,37.608032
월곡중학교입구,127.047129,37.607591
돈암시장,127.013483,37.591302
창신쌍용2단지.한성대후문,127.012735,37.581396
고명중고교,127.020297,37.598461
상월곡역,127.047804,37.606864
월곡초교,127.04618,37.609129
산장아파트,127.003469,37.616609
성북구청.경동고입구,127.017598,37.587802
한신301동앞,127.008986,37.596215
낙산삼거리,127.01036,37.58028
풍림아파트,127.022079,37.597433
월곡중학교,127.048837,37.606798
월곡초등학교후문,127.045476,37.611379
도광사,127.001358,37.615432
경동고앞,127.014905,37.587041
구민회관.201동앞,127.009104,37.5955
현대홈마트,127.032869,37.597774
풍림아파트.성신초교,127.023055,37.59527
누구나교회,127.044896,37.611908
넓은마당,126.999738,37.614686
삼선노인정,127.013872,37.586375
한신113동앞,127.008526,37.594463
종암아이파크2차정문,127.032517,37.596973
개운중학교,127.025087,37.594047
태광빌라,127.043916,37.612294
삼선초교,127.013414,37.585107
동구고등학교후문,127.008419,37.593704
극동아파트후문,127.033333,37.596016
성북구의회,127.026106,37.594486
장위1동노인정,127.043045,37.611614
고려대역.숭례초교,127.036035,37.594893
극동아파트정문,127.034267,37.595419
고려대아이스링크,127.027807,37.592913
하트마트편의점,127.041543,37.612081
선경아파트,127.034348,37.594364
고려대안암학사,127.029976,37.591254
종암중학교,127.034768,37.59323
고려대법과대학.한국어교육관입구,127.033307,37.591334
해병대전우회,127.035689,37.592429
성북세무서앞,127.010566,37.587922
꿈의숲대명루첸아파트,127.045622,37.62082
래미안세레니티,127.029415,37.599057
양광교회.죽림정사앞,127.029364,37.59957
석관동주민센터,127.061321,37.612986
한신105동앞,127.00903,37.592673
한신108동앞,127.009424,37.593574
스카이프라자앞.111동앞,127.010412,37.594511
한진207동앞,127.010667,37.596314
한진202동앞,127.009699,37.596529
한진204동앞,127.009687,37.596446
한진207동앞,127.010421,37.596357
스카이프라자앞.111동,127.010411,37.594756
한신108동앞,127.009642,37.593979
삼선동주민센터,127.014259,37.591009
수유3동우체국,127.029161,37.641346
수유3동우체국,127.028827,37.640893
수유역.수유사거리,127.024005,37.636509
수유역.강북구청,127.025308,37.637592
수유시장.성신여대미아캠퍼스앞,127.024172,37.631226
수유시장.성신여대미아캠퍼스앞,127.024614,37.63035
미아역.신일중고,127.026649,37.62487
미아역.신일중고,127.027045,37.624295
도봉세무서.성암국제무역고,127.028719,37.619714
도봉세무서.성암국제무역고,127.029248,37.618837
미아사거리역,127.029933,37.613762
미아사거리역,127.030213,37.612894
수유역.강북구청,127.02587,37.63829
우이동도선사입구.북한산우이역,127.012713,37.662655
우이동성원아파트,127.013424,37.660809
우이동성원아파트,127.013357,37.662045
강북씨앤지,127.01376,37.659691
서라벌중학교.우이동대우아파트,127.012954,37.655152
덕성여대.솔밭근린공원,127.012609,37.651381
4.19민주묘지역,127.013711,37.649111
4.19민주묘지역,127.014019,37.649113
국립4.19민주묘지입구사거리,127.013448,37.648147
국립4.19민주묘지입구사거리,127.013435,37.647978
국립419묘지삼거리.윤극영가옥,127.010438,37.64653
국립419묘지삼거리.윤극영가옥,127.010693,37.646322
인수동백운교회입구,127.010657,37.644588
인수동백운교회입구,127.010942,37.644309
인수초등학교.극동아파트,127.010829,37.642504
인수초등학교.극동아파트,127.011053,37.642311
서울영어마을수유캠프.국립재활원입구,127.011902,37.640051
서울영어마을수유캠프.국립재활원입구,127.011851,37.640306
인수동장미원,127.015527,37.645033
인수동장미원,127.016,37.6446
가오리역,127.016555,37.64188
가오리역,127.016811,37.641681
강북청년창업마루,127.01746,37.646853
강북청년창업마루,127.017095,37.646758
수유2동주민센터.우이시장,127.019429,37.645089
수유2동주민센터.우이시장,127.020202,37.644893
광산사거리,127.021766,37.643365
광산사거리,127.021916,37.643652
우이초등학교후문,127.013627,37.638397
우이초등학교후문,127.013828,37.638429
인수동청수탕입구,127.012865,37.637168
인수동청수탕입구,127.013072,37.636518
우이초교정문입구,127.017114,37.636509
우이초교정문입구,127.017357,37.63681
화계사입구.한신대학교대학원,127.013958,37.633974
화계사입구.한신대학교대학원,127.013952,37.633726
수유동삼양탕앞,127.015551,37.63408
수유동삼양탕앞,127.014911,37.63382
화계사입구사거리.화계역,127.016899,37.634287
화계사입구사거리.화계역,127.016872,37.633993
강북노인종합복지관,127.018996,37.634433
강북노인종합복지관,127.019141,37.634217
신일병원,127.022268,37.634723
신일병원,127.021216,37.634387
강북구청,127.025665,37.640715
강북구청,127.026207,37.640614
강북경찰서입구,127.028687,37.635143
강북경찰서입구,127.029122,37.634987
북부시장입구,127.032014,37.635415
북부시장입구,127.032296,37.635173
번동사거리,127.035031,37.636125
번동사거리,127.03451,37.635632
북부수도사업소,127.03616,37.634235
북부고용노동지청,127.035274,37.634957
수유보건지소,127.01747,37.63334
수유보건지소,127.017705,37.633254
빨래골입구.수유1동주민센터,127.017765,37.629859
빨래골입구.서울수유초등학교,127.017982,37.630007
롯데마트삼양점.래미안1차아파트,127.018224,37.625295
롯데마트삼양점.래미안1차아파트,127.018439,37.62547
삼양초등학교,127.018988,37.623242
삼양초등학교,127.019088,37.623407
삼양사거리역,127.020174,37.62183
삼양사거리역,127.020587,37.621517
삼양동사거리.래미안트리베라,127.021308,37.618088
삼양동사거리.래미안트리베라,127.021458,37.618533
송천초등학교.미아뉴타운입구,127.02211,37.61546
송천초등학교.미아뉴타운입구,127.022314,37.614096
삼양동사거리,127.021935,37.619327
삼양동사거리,127.02179,37.619145
성암국제무역고.성암여중,127.024984,37.618324
성암국제무역고.성암여중,127.025523,37.617942
삼양입구사거리,127.028381,37.617289
삼양입구사거리,127.028487,37.61706
강북보건소,127.039034,37.632252
신창교.강북소방서,127.038573,37.633285
강북보건소,127.039233,37.632478
번동주공4단지,127.039985,37.631378
초안교,127.04109,37.63111
번동주공3단지,127.043463,37.62902
벌리교.번동주공3단지,127.044375,37.628652
번동주공1단지,127.04813,37.625507
번동주공1단지.2단지,127.047227,37.627015
오현초등학교,127.047984,37.623413
북서울꿈의숲,127.044136,37.618998
송중동한일유엔아이,127.037953,37.61375
창문여고앞,127.035411,37.611998
숭곡초등학교입구,127.031828,37.610022
강북청소년센터,127.006838,37.645667
강북청소년센터,127.006779,37.64578
국립4.19민주묘지,127.009144,37.6469
국립4.19민주묘지,127.008957,37.64695
강북중학교,127.023548,37.644842
북부수도사업소,127.036704,37.634381
광산사거리,127.022992,37.642524
광산사거리,127.023102,37.643845
수유중앙시장,127.022723,37.64036
대한병원,127.023169,37.636734
삼성화재강북지점,127.024807,37.63551
강북구청사거리.번1동주민센터,127.028345,37.638748
강북구청사거리.번1동주민센터,127.028612,37.638982
수송초등학교,127.031455,37.636832
수송초등학교,127.031647,37.636998
혜화여고.수유중학교입구,127.013583,37.632113
혜화여고.수유중학교입구,127.013796,37.631976
서울정인학교.우광타운,127.013002,37.629213
서울정인학교.우광타운,127.013127,37.629298
구세군강북종합사회복지관입구,127.012386,37.624774
구세군강북종합사회복지관입구,127.012504,37.62492
솔샘중고등학교.팔팔·미송경로당,127.013138,37.623368
솔샘중고등학교.팔팔·미송경로당,127.013027,37.623261
동북프라자,127.018109,37.619886
동북프라자,127.018797,37.619994
두산위브아파트입구,127.016257,37.620022
두산위브아파트입구,127.016195,37.62015
삼각산동SK아파트북한산시티미양초등학교,127.013394,37.620184
삼양동벽산라이브파크미양초등학교,127.012607,37.620308
SK아파트.벽산아파트상가,127.011197,37.619732
SK아파트.벽산아파트상가,127.011342,37.619937
솔샘터널,127.009234,37.618777
번동주공아파트3단지4단지,127.039936,37.62938
번동주공아파트3단지4단지,127.041138,37.63011
번동초등학교,127.039842,37.628939
번동한솔솔파크,127.038281,37.627664
번동한솔솔파크,127.037812,37.627534
번동해모로아파트,127.036816,37.626375
번동해모로아파트,127.037003,37.626851
강북문화정보도서관,127.037289,37.625232
강북문화정보도서관,127.036929,37.625389
동문굿모닝힐,127.037756,37.623547
동문굿모닝힐,127.037454,37.62374
북서울꿈의숲서문,127.037526,37.622584
꿈의숲롯데캐슬아파트,127.035815,37.617993
꿈의숲롯데캐슬아파트,127.035937,37.618599
경남아너스빌.꿈의숲해링턴아파트,127.034504,37.616497
경남아너스빌.꿈의숲해링턴아파트,127.034574,37.616749
송중초등학교,127.031162,37.616422
송중초등학교,127.031649,37.616554
수유3동우체국,127.027579,37.640026
수유3동우체국,127.028116,37.64006
수유역.노스페이스문화센터,127.026897,37.638952
수유역6번출구,127.025061,37.637693
미아역8번출구.신일중고,127.025544,37.627379
영신여객차고지(우이동종점),127.011523,37.662868
영신여객차고지(우이동종점),127.011263,37.662918
미아사거리역.송천동우체국,127.029735,37.615385
미아사거리역,127.030442,37.610209
한신대학교,127.013071,37.635376
수유사거리,127.024333,37.634621
수유사거리,127.024913,37.634925
송중동주민센터앞,127.033369,37.616058
송중동경남아너스빌정문,127.034072,37.613336
북서울꿈의숲서문,127.037833,37.622718
수유역.강북구청,127.026051,37.638631
삼각산보건지소,127.015438,37.617673
삼각산보건지소,127.015281,37.617468
삼각산동삼각산아이원아파트후문,127.018831,37.616348
삼각산동삼각산아이원아파트후문,127.018745,37.616271
롯데백화점미아점,127.030756,37.614709
우이동주민센터입구,127.012358,37.647664
창문여고,127.035864,37.612134
솔샘터널,127.009212,37.618743
우이동도선사입구,127.012957,37.66279
우이동차고지기점,127.011738,37.663032
북부고용노동지청.한성운수종점,127.035297,37.634618
화계사입구.종점,127.01343,37.632413
SK아파트벽산아파트상가,127.011116,37.619697
우이동차고지종점,127.012147,37.663129
삼각산동삼각산아이원아파트정문,127.016688,37.616178
삼각산동삼각산아이원아파트정문,127.016442,37.616358
삼각산고.래미안트리베라,127.021814,37.61443
삼각산고.래미안트리베라,127.021203,37.614469
방천시장입구,127.033088,37.611176
화계사입구.한신대학교대학원,127.01343,37.633257
미아사거리역.롯데백화점,127.030228,37.614079
삼각산119안전센터,127.015179,37.619549
삼각산119안전센터,127.015345,37.619792
무량사입구,127.007944,37.64621
무량사입구,127.007842,37.646323
꿈의숲주차장입구,127.045313,37.620865
수유중앙시장,127.022388,37.640894
대한병원,127.022883,37.636833
우이동,127.01229,37.663431
미송경로당,127.01272,37.624177
번동초교.솔그린APT.하나은행,127.039564,37.628992
영암마트,127.030351,37.628901
빨래골,127.010179,37.627439
본원정사,127.006379,37.638101
아카데미하우스.통일교육원,127.002013,37.64204
성원아파트,127.013399,37.661098
번동슈퍼,127.037843,37.627648
동아할인마트,127.031097,37.627875
SH스카이,127.011357,37.627719
모아빌라,127.007439,37.6382
신성빌라,127.003531,37.643503
송중동주민센터,127.033369,37.616109
스카이빌,127.012914,37.624977
청화슈퍼,127.036646,37.627819
믿음슈퍼,127.032122,37.627089
다리앞,127.012202,37.627883
해청빌라,127.007691,37.637534
백련사,127.004516,37.644193
구세군강북종합사회복지관,127.013835,37.625167
교육촌경로당,127.035641,37.62716
당진슈퍼,127.032306,37.625575
삼흥연립,127.013345,37.628084
기도원입구,127.007914,37.637011
강북청소년수련관,127.00702,37.645697
마을버스사무실,127.015405,37.625257
영순슈퍼,127.034461,37.626612
동문굿모닝힐,127.037466,37.6239
하나할인마트,127.032149,37.624499
한빛맹아학교,127.015218,37.628711
형제슈퍼,127.009805,37.636683
쌍문교,127.024639,37.646178
페리카나치킨,127.016541,37.625407
당진슈퍼,127.032536,37.625592
동성마트,127.032188,37.623628
한빛예술단,127.01629,37.629397
삼성하이츠빌라,127.011018,37.636733
도일타운,127.011936,37.636754
강북중학교,127.023286,37.644535
삼양시장,127.017416,37.625071
한영교회,127.032375,37.623078
수유1동주민센터.파출소,127.017525,37.630153
광산사거리,127.023057,37.64248
삼양파출소,127.018017,37.624878
제일슈퍼,127.032672,37.622199
진주빌딩,127.017952,37.630911
청수탕,127.012657,37.636745
강북구청,127.0257,37.640673
삼양오거리.삼양동주민센터,127.018848,37.624789
도일타운,127.011824,37.636902
홈빌라트,127.032927,37.62124
광성슈퍼,127.018638,37.632148
인수초중학교,127.010783,37.643556
수유역,127.024968,37.637591
오현초등학교,127.045968,37.623536
자이홈타운,127.02114,37.624864
한신더휴정문앞,127.033245,37.619899
화계유치원,127.019527,37.633873
한신대신학대학원.화계사,127.013984,37.63373
주공1.2단지한진아파트,127.04475,37.625337
삼양신협,127.023292,37.625417
번3동주민센터,127.046604,37.626159
미아사거리전철역,127.030426,37.612868
꿈의숲해링턴105동.강북50플러스센터,127.033584,37.618385
삼양탕,127.014977,37.633829
국립재활원,127.011568,37.640254
신원아파트.북서울꿈의교회,127.044225,37.626116
미아역6번출구,127.025386,37.62594
수유시장,127.024096,37.629647
꿈의숲해링턴아파트108동앞,127.033985,37.616664
북한산스카이빌딩,127.023609,37.635686
송암교회.화계사거리.수유보건지소,127.016817,37.633978
강북구의회.강북문화예술회관,127.014282,37.640342
경남아너스빌정문,127.034429,37.613069
기산아파트.2단지후문,127.044239,37.627614
미아역7번출구,127.025834,37.626739
수유역,127.025388,37.637482
가오리,127.016284,37.640631
송중동주민센터,127.033624,37.615987
쌍문교,127.02458,37.645643
주공3단지정문,127.042307,37.628249
미아역6번출구,127.025332,37.626047
8번지입구,127.037865,37.613759
번동삼거리,127.027947,37.635098
벽산아파트,127.019933,37.640982
한양아파트입구.삼덕상운,127.040978,37.62799
삼양신협,127.02352,37.625638
미아사거리역2번출구,127.030438,37.613023
양지빌라,127.038024,37.615051
성당앞,127.02203,37.642257
하나은행.새마을금고,127.039528,37.628745
북서울꿈의숲,127.044096,37.618985
북서울자이폴라리스입구,127.021441,37.625105
8번지슈퍼,127.038037,37.61585
롯데백화점,127.030938,37.614455
중앙시장,127.022471,37.64039
강북구민운동장.4단지,127.038597,37.630108
삼양오거리.삼양동주민센터,127.018873,37.624899
산장빌라,127.038048,37.616428
화계유치원,127.019327,37.633994
강북보건소.번2동주민센터,127.037069,37.631545
삼일약국.롯데마트,127.017932,37.625038
삼우하이츠빌라,127.037225,37.616081
꿈의숲해링턴아파트108동앞,127.034068,37.616714
성일빌딩,127.018391,37.632262
금호.현대아파트,127.036314,37.631869
삼양시장,127.017352,37.625232
한일아파트후문,127.037151,37.615486
꿈의숲해링턴105동.강북50플러스센터,127.033669,37.618394
수유1동주민센터.파출소,127.01757,37.630402
수유역,127.024585,37.636851
로얄공인중계사무소,127.035008,37.632734
페리카나치킨,127.016582,37.625484
장미맨션,127.037142,37.614744
꿈의숲해링턴아파트101동앞,127.033337,37.619964
한빛예술단,127.016272,37.629627
주공5단지,127.034374,37.633396
마을버스사무실,127.015433,37.62534
한일아파트정문,127.037122,37.613977
홈빌라트,127.033053,37.621184
한빛맹아학교,127.015157,37.628795
송암교회.화계사거리.수유보건지소,127.017011,37.634273
백년시장,127.025398,37.641161
금강산병원.전자공단,127.033746,37.634409
구세군강북종합사회복지관,127.013764,37.625304
8번지입구,127.037729,37.613695
제일슈퍼,127.032783,37.622227
삼흥연립,127.013441,37.628212
성당앞,127.021889,37.642367
번동5거리.북부노동지청,127.034011,37.635046
다리앞,127.012225,37.627969
한신대신학대학원.화계사,127.013538,37.63412
벽산아파트,127.019914,37.641141
초록마트,127.012515,37.62529
방천시장입구,127.033402,37.610955
한영교회,127.032524,37.622994
SH스카이,127.011379,37.627807
유진슈퍼,127.013267,37.635539
가오리,127.016229,37.640763
정은빌라,127.01245,37.625997
미아사거리역,127.030937,37.612774
보람할인마트,127.032276,37.624422
빨래골,127.010081,37.62749
청수탕,127.012668,37.636959
강북구의회.강북문화예술회관,127.014099,37.640439
빨래골입구,127.012365,37.626552
삼성하이츠빌라,127.01108,37.636891
국립재활원,127.011976,37.640226
성원아파트,127.013403,37.661715
수유역.강북구청,127.026169,37.637516
SM빌라,127.012271,37.626035
믿음슈퍼,127.032294,37.627102
형제슈퍼,127.0098,37.636886
당진슈퍼,127.032788,37.625517
율곡어린이놀이터,127.031612,37.62801
기도원입구,127.007973,37.637074
인수초중학교,127.011019,37.64354
솔샘중고등학교,127.01259,37.624062
영순슈퍼,127.034593,37.626467
해청빌라,127.007835,37.637504
벽산아파트,127.011003,37.619803
금강슈퍼,127.035711,37.627077
모아빌라,127.00775,37.638231
국립419민주묘지삼거리.윤극영가옥,127.010716,37.646158
청화슈퍼,127.036703,37.627777
동문굿모닝힐,127.037752,37.623595
본원정사,127.006492,37.638135
주공5단지,127.034146,37.633586
번동초등학교,127.039334,37.628532
로얄공인중계사무소,127.034776,37.632811
강북문화정보도서관.해모로아파트,127.037011,37.625813
금호.현대아파트,127.036413,37.631737
강북보건소앞.번2동주민센터,127.037623,37.631656
백련사,127.004804,37.644586
강북보건소.번2동주민센터,127.037374,37.631269
신성빌라,127.003487,37.643677
강북구민운동장.4단지,127.038508,37.630039
아카데미하우스.통일교육원,127.001931,37.642161
번동슈퍼,127.037604,37.627718
한양아파트입구.삼덕상운,127.041099,37.627812
주공3단지정문,127.042233,37.62807
기산아파트.2단지후문,127.044025,37.627796
신원아파트.북서울꿈의교회,127.044174,37.625977
주공1.2단지한진아파트,127.044896,37.624924
오현초등학교,127.046025,37.623097
주공1.2단지한진아파트,127.044646,37.625236
번3동주민센터,127.046675,37.626024
현대백화점.E마트.빅토리아호텔,127.03045,37.610268
미아사거리역.롯데백화점,127.030133,37.614239
광산사거리,127.022767,37.643491
보람빌딩,127.025092,37.634896
번동5거리.북부노동지청,127.033894,37.635051
금강산병원.전자공단,127.033673,37.634354
하나은행.새마을금고,127.03969,37.628554
우이3교,127.035708,37.636406
당진슈퍼,127.032472,37.625597
삼성래미안아파트,127.021055,37.614495
성우아파트,127.021799,37.61741
미아사거리역,127.029759,37.615085
두산위브아파트,127.01542,37.619095
한영교회,127.031842,37.623143
달팽이계단,127.03113,37.623915
대성빌라정문,127.030426,37.624833
신구.한일아파트입구,127.029786,37.625743
실버복지센터,127.029371,37.627173
남양빌라,127.028468,37.626904
미아역3번출구,127.026977,37.626556
미아역1번출구,127.025884,37.627557
수유시장,127.024058,37.632192
요진아파트,127.026554,37.633625
우일빌딩앞,127.027488,37.634811
신구.한일아파트입구,127.029634,37.625657
대성빌라정문,127.030194,37.624826
달팽이계단,127.030918,37.623821
한영교회,127.032025,37.623174
한국전력공사,127.024705,37.630537
창문여고앞,127.035382,37.611884
도봉산역,127.045512,37.689203
도봉산역,127.045813,37.688568
도봉한신아파트,127.045985,37.683923
도봉한신아파트,127.046067,37.682672
서울북부지방법원.검찰청.도봉역성황당,127.044958,37.677761
서울북부지방법원.검찰청.도봉역성황당,127.045103,37.677262
신도봉사거리,127.044147,37.673289
신도봉사거리,127.044333,37.67275
도봉소방서.방학역남부,127.042931,37.666175
도봉소방서.방학역남부,127.043051,37.665677
도봉보건소,127.040762,37.658936
도봉보건소.북한산아이파크아파트,127.040517,37.658205
도봉구민회관.도봉문화원,127.038174,37.65456
도봉구민회관.도봉문화원,127.037977,37.653968
쌍문역,127.034769,37.648817
쌍문역,127.03446,37.648071
우이교.한일병원입구,127.032652,37.645293
우이교.한일병원입구,127.03242,37.644652
신도봉시장.도봉구청.방학역북부,127.04365,37.669999
신도봉시장.도봉구청.방학역북부,127.043757,37.669197
도봉1동우체국,127.045611,37.682614
도봉동한신아파트,127.045959,37.682105
녹천역3번출구,127.052427,37.643223
서울북부지방법원.검찰청.도봉역성황당,127.045133,37.677183
서울북부지방법원.검찰청.도봉역성황당,127.044653,37.677028
도봉견인차량보관소,127.0446,37.674163
도봉견인차량보관소,127.04415,37.674105
방학역1번출구,127.043795,37.669244
도봉소방서,127.043188,37.665676
도봉소방서,127.04258,37.665101
방학사거리.바로선병원,127.042279,37.661217
방학사거리,127.042104,37.662218
도봉보건소,127.040229,37.657513
함석헌기념관.정의여중고,127.037387,37.652631
함석헌기념관.정의여중고,127.036588,37.652185
도봉구민회관.도봉문화원,127.038222,37.654105
도봉구민회관.도봉문화원,127.038142,37.65482
쌍문역.쌍문시장,127.034097,37.648025
쌍문역.쌍리단길,127.03428,37.647532
우이교앞,127.032179,37.643994
서울북부지방법원.검찰청.성우아파트,127.048374,37.676134
서울북부지방법원.검찰청.성우아파트,127.047786,37.675808
법조타운공영주차장,127.047318,37.674737
법조타운공영주차장,127.046582,37.673315
도봉구청,127.046334,37.668955
도봉구청,127.046015,37.668838
방학1동대상타운현대.삼성아파트,127.046439,37.665833
방학1동삼성.대상타운현대아파트,127.046005,37.666388
창동성원.쌍용아파트,127.049495,37.660425
창동쌍용아파트,127.048779,37.660497
자운고등학교앞,127.050007,37.658933
자운고등학교앞,127.049669,37.658681
창동동아청솔아파트,127.049805,37.656681
창동동아청솔아파트,127.049582,37.656671
창동농협물류센터,127.050339,37.654932
창동농협물류센터,127.051247,37.654212
창동농협물류센터,127.051001,37.653828
창동역1번출구.노원세무서,127.05059,37.653591
창동동아아파트,127.051465,37.651933
창동동아아파트,127.051444,37.651353
창동주공19단지,127.05239,37.649041
창동주공19단지,127.052029,37.649226
창동주공18단지,127.053044,37.647063
창동주공18단지,127.052773,37.647265
도봉산입구,127.040718,37.687083
도봉산성당,127.044187,37.687318
김근태기념도서관,127.044029,37.687494
도봉역,127.046681,37.680322
도봉역.도봉래미안아파트,127.047085,37.680396
노원교,127.049017,37.679424
노원교,127.049119,37.679654
성대야구장.노원교앞,127.049212,37.678442
천주교도봉동교회,127.042707,37.671216
천주교도봉동교회,127.042811,37.671312
오봉초등학교,127.039179,37.67052
오봉초등학교,127.03934,37.670787
방학2동제4공영주차장,127.036636,37.669436
방학2동제4공영주차장,127.03657,37.66956
방학2동주민센터,127.034811,37.668214
방학2동주민센터,127.034622,37.668271
신방학중학교앞,127.027994,37.66372
방학동신우빌라,127.03514,37.664078
방학동신우빌라,127.034896,37.664116
방학동삼익세라믹,127.03493,37.661672
방학동삼익세라믹,127.034674,37.661755
쌍문동청구아파트,127.035082,37.65974
쌍문동청구아파트,127.034811,37.659624
샘말어린이공원,127.031816,37.668667
방학중학교정문,127.034428,37.666488
방학중학교정문,127.034141,37.666547
신한은행방학동지점,127.037294,37.663456
신한은행방학동지점,127.037198,37.663231
연산군.정의공주묘,127.023321,37.661732
연산군.정의공주묘,127.023145,37.662002
방학동신동아타워,127.028111,37.66168
방학동신동아타워,127.028692,37.662028
방학3동신동아프라자,127.027558,37.661225
방학동신동아아파트,127.031383,37.661983
방학동신동아아파트,127.03202,37.662362
방학초등학교,127.034241,37.662362
방학초등학교,127.034113,37.662595
신한은행방학동지점,127.037002,37.662655
신한은행방학동지점,127.036807,37.662933
방학사거리,127.040617,37.662716
방학사거리,127.040387,37.662977
서울문화고등학교,127.04631,37.662872
서울문화고등학교,127.047821,37.662343
서울문화고등학교,127.048063,37.66263
쌍문동청한빌라,127.015006,37.657459
쌍문동청한빌라,127.014762,37.657732
쌍문동우이빌라,127.019008,37.65725
쌍문동우이빌라,127.018016,37.65743
초당초등학교,127.023048,37.657403
초당초등학교,127.022295,37.657531
방학동우성아파트,127.024271,37.657405
방학동우성.청구아파트,127.0251,37.657656
방학3동신동아프라자,127.02774,37.660834
방학3동주민센터,127.027629,37.659813
쌍문동금호타운2차.성원아파트,127.028933,37.657648
쌍문동성원.금호타운2차아파트,127.028737,37.657847
쌍문동한양.현대아파트,127.031452,37.65784
쌍문동현대.한양아파트,127.031321,37.658
쌍문동삼익.금호1차아파트,127.034792,37.658048
쌍문동금호1차.삼익아파트,127.034543,37.658251
도봉구보건소앞,127.037531,37.657246
도봉구보건소앞,127.037589,37.657439
북서울교회,127.013653,37.657256
서라벌중학교.우이동대우아파트,127.013223,37.655025
창동119안전센터,127.043792,37.646379
덕성여대입구,127.013138,37.65106
쌍문초등학교,127.025681,37.646974
쌍문초등학교,127.02539,37.647095
숭미초등학교,127.027789,37.649556
숭미초등학교,127.027819,37.649833
둘리뮤지엄.대우이안극동아파트,127.028426,37.651771
둘리뮤지엄.대우이안극동아파트,127.028265,37.651527
창동주공1단지,127.041005,37.654271
창동주공1단지아파트,127.040884,37.65367
서울북부지방법원등기국,127.044525,37.651106
서울북부지방법원등기국,127.044541,37.651425
창동역서측,127.046123,37.652336
창4동주민센터,127.052331,37.652512
창4동주민센터,127.051993,37.652747
창동주공4단지,127.048224,37.645101
창동주공4단지,127.048075,37.645306
도봉문화정보도서관,127.044354,37.644087
도봉문화정보도서관,127.044028,37.644213
창림초교.창동신창아파트앞,127.041038,37.641536
창림초교.창동신창아파트앞,127.040727,37.641628
국립현대미술관창동레지던시,127.039444,37.63985
국립현대미술관창동레지던시,127.03954,37.640399
창동서울탁주앞,127.037383,37.637708
창동서울탁주앞,127.036931,37.637588
창2동건영캐스빌아파트,127.03364,37.640899
창2동건영캐스빌아파트,127.033467,37.640778
창2동한일아파트,127.037265,37.64619
창1동제1공영주차장입구,127.037608,37.64638
한신아파트101동앞,127.034828,37.646023
KT도봉지점,127.035124,37.646192
창동청구빌라,127.039732,37.64608
창동청구빌라,127.039526,37.646124
창림초등학교후문,127.040517,37.643092
창림초등학교후문.창동보건지소,127.040407,37.642856
창동대우아파트,127.036716,37.64261
창동역1번출구(도봉방면),127.04999,37.653974
창동역1번출구(노원방면),127.050172,37.653658
서울가든아파트앞,127.044201,37.646931
창1동주민센터,127.043012,37.648764
창1동주민센터,127.042779,37.648734
창동주공3단지,127.041718,37.650998
창동주공3단지,127.041477,37.651323
세그루학원,127.02799,37.656542
세그루학원,127.027833,37.655624
창동주공17단지,127.053766,37.645741
창동주공17단지,127.05361,37.646106
창3동염광아트필,127.04235,37.634493
창3동염광아트빌,127.042522,37.634404
한승미메이드아파트,127.043671,37.633232
한승미메이드아파트,127.043506,37.633177
북서울농협창동지점,127.041491,37.634109
북서울농협창동지점,127.041215,37.633852
신화초교입구,127.040231,37.633704
신화초교입구,127.040082,37.633407
서울외국어고등학교,127.052529,37.645154
서울외국어고등학교,127.052702,37.645247
방학동도깨비시장입구,127.036816,37.665298
거성학마을아파트,127.038341,37.666343
도봉새마을금고본점,127.041248,37.667146
창5동현대아파트,127.0404,37.655623
창5동현대1차아파트,127.040602,37.65587
창동아이파크,127.046753,37.661603
창번교,127.038428,37.635484
방학3동주민센터,127.027904,37.659168
도봉동서광아파트,127.049462,37.678199
방학교,127.04192,37.661947
창동고등학교.창북중학교,127.038458,37.651366
정의여중고입구,127.033137,37.651012
도깨비시장,127.035503,37.665505
방학동도깨비시장,127.035328,37.665457
태영데시앙아파트,127.032445,37.642384
창번교앞,127.038224,37.635469
금용아파트,127.035177,37.637737
창번2교앞,127.034453,37.63859
대우아파트104동,127.038349,37.643257
도봉산입구,127.04069,37.687222
샘말어린이공원,127.031945,37.668748
안방학동종점,127.029951,37.669068
강북씨앤지,127.013997,37.658907
창동.신창시장,127.038476,37.638847
신창.창동시장,127.038457,37.639257
안방학동,127.033008,37.667617
안방학동,127.032895,37.667888
창동농협물류센터,127.050074,37.654814
태영데시앙아파트,127.031788,37.642627
방학중학교,127.03237,37.666734
도봉산역광역환승센터,127.0445,37.689876
도봉산역광역환승센터,127.044352,37.689948
도봉산역광역환승센터,127.044267,37.690177
한국사회봉사회,127.014759,37.661814
한국사회봉사회,127.014677,37.662163
창동교,127.053246,37.65173
창동교,127.053495,37.652111
녹천교,127.054521,37.644733
녹천교,127.054946,37.645029
창동역동측,127.049906,37.653604
도봉여성센터,127.030254,37.662883
한일병원,127.028457,37.645869
동익아파트,127.025231,37.650695
꽃동네,127.022499,37.652757
한일병원입구,127.028643,37.644561
용호약국,127.025211,37.649963
에덴약국,127.023367,37.651437
청한빌라,127.015168,37.657265
신창교,127.039682,37.633019
신화초교.초안아파트,127.041467,37.631585
사거리슈퍼,127.025809,37.649738
쌍문1동현대아파트,127.022672,37.650586
우이성당,127.015732,37.655692
방학신동아1단지.방학3동주민센터,127.027717,37.658726
믿음주유소,127.026516,37.649375
오복슈퍼,127.023178,37.649538
쌍문1동주민센터,127.026379,37.64821
코오롱아파트.덕성여대기숙사,127.022927,37.648918
덕성여대후문.효문중고교앞,127.017102,37.652691
창동아이파크,127.04786,37.661238
도봉구보건소앞,127.037781,37.657382
쌍문초등학교,127.025011,37.647649
쌍문1치안센터,127.020284,37.650096
신일라이프아파트,127.029495,37.650691
시립도봉노인종합복지관,127.035527,37.658101
경기푸른미래관,127.021969,37.649548
방학삼성래미안1단지아파트,127.046274,37.667396
소피아호텔,127.034911,37.651121
쌍문동현대1차아파트,127.032386,37.658062
미래빌라,127.026464,37.647971
도봉중학교.서원아파트,127.045772,37.671274
성원아파트,127.030117,37.657916
세무서앞,127.050936,37.653289
도봉아테라,127.046838,37.673302
선덕사거리.세그루학원입구,127.028285,37.657804
오봉초등학교,127.039825,37.671146
방학3동주민센터,127.027408,37.658464
청구아파트,127.026544,37.657715
엘지전자,127.031395,37.65085
시온슈퍼,127.040909,37.672814
창성빌라,127.040309,37.644195
김수영문학관,127.025196,37.659425
서울북부지방법원,127.049241,37.67767
부부슈퍼,127.042539,37.674451
벽산아파트,127.024978,37.658323
삼거리슈퍼,127.043647,37.67567
방학3동주민센터,127.026896,37.658286
믿음주유소,127.026654,37.649393
쌍문초등학교,127.024912,37.647829
도봉역,127.04578,37.680988
성황당,127.043765,37.677162
창2동주민센터,127.035623,37.642216
금호타운,127.029388,37.657677
사거리슈퍼앞,127.02591,37.649798
대우.삼성서비스센터,127.047119,37.68313
도봉1동주민센터.럭키아파트,127.043708,37.678797
창2동건영아파트,127.033777,37.640767
용호약국,127.025156,37.650086
오복슈퍼,127.023247,37.649601
도봉경찰서.창4동주민센터,127.051685,37.652311
유원.극동아파트,127.048895,37.682771
도봉1파출소,127.043641,37.67952
쌍문동한양아파트,127.032568,37.657868
거성학마을아파트,127.037889,37.666255
쌍문1동현대아파트,127.022744,37.650519
한신아파트후문,127.049504,37.683828
창동고등학교.창북중학교,127.038146,37.651594
윤성빌라.다리앞,127.042359,37.679015
에덴약국,127.023452,37.651375
도봉파크빌2단지,127.051573,37.684232
녹천북부역,127.050587,37.645672
창1동대우그린아파트,127.048633,37.646996
창일중학교,127.047867,37.648661
창동역서측,127.046338,37.652329
상아아파트,127.043219,37.653058
옛고을길입구,127.031585,37.650857
창일중학교,127.047397,37.649154
주공4단지후문,127.048317,37.646859
창동아이파크,127.047164,37.660954
북한산아이파크,127.04191,37.659193
북한산아이파크,127.042116,37.65908
창동아이파크,127.047498,37.661038
도봉초등학교,127.040719,37.678472
도봉구보건소앞,127.037699,37.657158
경기푸른미래관,127.022035,37.649656
서원아파트,127.046678,37.671695
창동이마트,127.046171,37.651333
누원고등학교.한신아파트정문,127.050958,37.685802
서울문화고등학교,127.04668,37.663889
부대앞,127.038971,37.678118
소피아호텔,127.035119,37.651362
청구아파트,127.026413,37.657516
쌍문1치안센터,127.020462,37.650184
무수골,127.036187,37.677753
정의여중고,127.033124,37.651201
덕성여대후문.효문중고교앞,127.017253,37.652772
부대앞,127.039008,37.67802
신일라이프아파트,127.029877,37.650946
약초원.동아슈퍼,127.016093,37.65456
도봉초등학교,127.04044,37.678318
우이1교,127.031754,37.643933
우이성당,127.01576,37.656033
엘지전자,127.031354,37.651063
한신아파트정문,127.05045,37.686473
윤성빌라.다리앞,127.042384,37.678938
한일병원입구,127.029172,37.644422
청한빌라,127.015299,37.657311
도봉파크빌3단지,127.049387,37.687988
도봉1파출소,127.043397,37.679558
도봉1동주민센터.럭키아파트,127.043571,37.678637
신동아아파트16동,127.027803,37.660196
도봉산역,127.046612,37.68935
성황당,127.043655,37.677164
도봉파크빌3단지,127.049145,37.68794
삼거리슈퍼,127.043556,37.675563
대원그린아파트.도봉실버센터,127.027662,37.662559
부부슈퍼,127.042039,37.674166
신방학중학교,127.028216,37.663652
시온슈퍼,127.041004,37.673049
방학중학교,127.032592,37.666653
오봉초등학교,127.039711,37.671036
누원고등학교.한신아파트정문,127.050675,37.685675
도봉파크빌2단지앞,127.051339,37.684148
도봉중학교.서원아파트,127.046317,37.670552
극동.유원아파트후문,127.050685,37.682
삼환아파트후문,127.049574,37.68022
도봉롯데캐슬골든파크,127.045975,37.667546
삼환.동아에코빌아파트,127.047573,37.680557
대상타운현대아파트,127.046203,37.665795
서울문화고등학교,127.046477,37.663968
서울북부지방법원,127.048594,37.676986
서울북부지방검찰청.한양수자인아파트,127.047062,37.67473
하나약국,127.046473,37.672463
한신아파트정문,127.050074,37.686613
약초원.동아슈퍼,127.016018,37.654286
코오롱아파트.덕성여대기숙사,127.023274,37.648854
법종사,127.018311,37.657246
효문중학교,127.018627,37.651533
효문중학교,127.01838,37.651495
도봉중학교후문,127.045045,37.671117
방학동도깨비시장입구,127.036319,37.665187
도봉새마을금고본점,127.040385,37.667389
공릉시장,127.074178,37.622741
공릉시장,127.073621,37.623116
태릉입구역4번출구,127.0752,37.619589
태릉입구역3번출구,127.074841,37.619425
태릉입구역1번출구,127.074373,37.617405
태릉입구역8번출구,127.074534,37.617016
공릉1동삼익아파트,127.072758,37.617951
공릉초등학교,127.073547,37.618652
대주아파트,127.071963,37.621317
공릉행복발전소,127.072392,37.622149
공릉대아2차아파트,127.071304,37.62299
서울창업디딤터,127.078131,37.619713
경춘선숲길.토끼굴앞,127.079685,37.61921
주유소앞다운복지관,127.079793,37.618946
서울창업디딤터,127.078374,37.61888
서울생활사박물관.농협앞,127.077997,37.618684
태릉입구역7번출구.서울생활사박물관,127.076677,37.617856
화랑대역1번출구,127.083285,37.619781
공연초등학교,127.076128,37.626814
공릉역,127.074128,37.625982
서울과학기술대앞,127.076146,37.630348
동신아파트,127.077573,37.627629
현대성우아파트,127.077706,37.627469
동부아파트,127.078519,37.627389
한보아파트.삼익아파트,127.08048,37.627547
삼익아파트.한보아파트,127.080099,37.627343
원자력병원,127.082091,37.628407
원자력병원입구,127.079458,37.626272
안마을,127.079519,37.623458
두산힐스빌아파트,127.078888,37.621387
두산힐스빌아파트,127.079047,37.621341
안마을,127.07943,37.623697
원자력병원.공릉해링턴플레이스,127.085041,37.628267
공릉해링턴플레이스,127.085319,37.627144
공릉우방아파트,127.086035,37.626095
태릉해링턴플레이스아파트,127.085925,37.625335
화랑타운아파트,127.086747,37.623608
청솔8단지아파트,127.086529,37.6233
화랑대역2번출구,127.083591,37.620221
화랑대사거리,127.088121,37.621812
화랑대사거리,127.087883,37.621973
경춘선숲길.화랑대철도공원,127.091128,37.623844
경춘선숲길.화랑대철도공원,127.090261,37.623535
서울여대.육군사관학교행정안내소,127.094736,37.625902
서울여대.육군사관학교행정안내소,127.094553,37.626168
태릉국제사격장,127.096278,37.627647
태릉국제사격장,127.096187,37.628195
태릉,127.098575,37.630189
태릉,127.098258,37.63046
태릉선수촌,127.103274,37.633302
태릉선수촌,127.1036,37.633898
태릉국제스케이트장,127.106279,37.635592
태릉국제스케이트장,127.105304,37.635153
삼육대앞,127.108433,37.638415
삼육대앞,127.108394,37.638788
담터고개,127.111122,37.6409
원자력병원.공릉동삼익2차아파트,127.079793,37.626043
예수사랑교회,127.087177,37.622305
서울과학기술대입구교차로,127.071801,37.628474
서울과학기술대입구교차로,127.071374,37.628344
공릉역1번출구,127.072704,37.62669
공릉역4번출구,127.072313,37.62661
공릉신도2차아파트,127.071306,37.625392
공릉대동2차아파트,127.071052,37.626871
공릉대동2차아파트,127.070752,37.627129
노원문화원,127.069948,37.628378
노원문화원,127.069835,37.628611
용원초등학교,127.068713,37.628659
용원초등학교,127.06867,37.62827
공릉동동신아파트앞,127.077544,37.62823
공릉2단지,127.06757,37.63064
서울과학기술대학교후문,127.083105,37.631121
영화교회,127.071699,37.630572
서울과학기술대학교후문,127.083299,37.632515
공릉삼익아파트,127.073371,37.62948
공연초등학교,127.075541,37.626724
공릉역,127.073617,37.62599
공릉1단지후문,127.069701,37.631316
상계주공9단지,127.058456,37.66296
노원고등학교,127.054533,37.661321
임광아파트상가,127.057463,37.661178
상계주공7단지,127.059198,37.660294
대림아파트상가,127.058679,37.660344
도봉면허시험장,127.059966,37.657447
도봉면허시험장,127.05954,37.657338
상계10동주민센터.주공7단지,127.059816,37.660905
상계주공7단지.광림교회앞,127.062605,37.660562
상계10동우체국,127.062821,37.660733
청원고등학교,127.06172,37.665049
마들역.상계주공9단지,127.058796,37.664577
온곡중학교.노원중앙도서관,127.064532,37.659587
온곡중학교.노원중앙도서관,127.064477,37.659293
도심공항수락터미널.두산아파트,127.053183,37.678717
두산아파트.도심공항수락터미널,127.053319,37.6785
수락산역3번출구,127.055561,37.677171
수락산역4번출구,127.055101,37.677354
노일초등학교,127.055256,37.673514
노원초등학교,127.055873,37.672774
상계현대2차아파트,127.050955,37.671718
상경초등학교.상계현대3차아파트,127.052575,37.670952
수락리버시티아파트,127.055203,37.689331
수락리버시티아파트,127.055649,37.689012
수락중고등학교,127.055271,37.682839
수락중고등학교,127.055558,37.68293
은빛아파트2단지,127.055275,37.680209
홍파복지원.수락산벨리체아파트,127.055505,37.680261
상계초등학교,127.065994,37.657616
상계초등학교,127.065904,37.658105
노원역9번출구,127.061986,37.656091
노원역1번출구,127.063365,37.656202
롯데백화점노원점.노원역4번출구,127.062274,37.65483
와우패션클럽,127.063866,37.655191
중앙하이츠2차아파트,127.067488,37.654692
상계중학교정문,127.068137,37.65259
상계중학교,127.069425,37.651582
코오롱아파트.양지대림아파트,127.070716,37.652498
상계119안전센터,127.071555,37.654079
상계119안전센터,127.071838,37.654227
노원수학문화관,127.071662,37.657551
노원수학문화관,127.07185,37.657752
상계중앙시장입구,127.070695,37.658467
상계중앙시장입구,127.070633,37.658638
흥안운수종점,127.080923,37.669766
흥안운수종점,127.080589,37.669669
불암현대아파트,127.079355,37.668203
동아불암아파트,127.077787,37.666148
동아불암아파트,127.078711,37.667048
노원롯데캐슬시그니처아파트,127.077119,37.66486
노원롯데캐슬시그니처아파트,127.076949,37.66495
상계불암대림아파트,127.076117,37.663176
흥안운수상계4동종점,127.082549,37.670918
상계역사거리,127.072127,37.659743
상신교회,127.070768,37.661312
상신교회,127.070903,37.661425
계상초등학교,127.068979,37.662831
상계5동주민센터,127.069188,37.662864
상계한신2차아파트,127.066944,37.664199
상계한신2차아파트,127.066657,37.664444
상계역5번출구.상계벽산아파트,127.073491,37.661292
당고개입구오거리,127.07536,37.662935
상계2동주민센터,127.067779,37.65757
벽산아파트103동,127.071898,37.660566
노원역6번출구.상계주공3단지,127.061035,37.651942
상계주공2단지,127.061737,37.649374
상계주공1단지.한국성서대학교,127.062781,37.647308
마들근린공원.노원에코센터,127.059496,37.645051
마들근린공원.노원에코센터,127.059537,37.645286
노원구청.상계6동우체국,127.058149,37.653931
노원구청,127.057241,37.654276
노원구청,127.057487,37.654309
상계주공2단지223동,127.056992,37.647906
상계주공2단지203동,127.060421,37.651109
노원역5번출구.상계주공6단지,127.061145,37.653184
상계주공4단지,127.061765,37.650775
백병원.한국성서대학교,127.062882,37.648018
상계6.7동주민센터,127.067204,37.654421
상계중학교,127.067816,37.652354
상계2동주민센터,127.06749,37.657638
상경초등학교,127.052071,37.670797
상계주공15단지,127.056559,37.66829
마들역,127.05742,37.665283
상계주공10단지,127.058216,37.662144
노원고등학교,127.054463,37.66169
상계주공10단지상가,127.0576,37.661424
상계주공14단지,127.056828,37.669103
마들역,127.057562,37.666492
보람아파트1단지,127.065452,37.664408
보람아파트2단지,127.064382,37.664782
청원고등학교,127.061615,37.66523
상계주공12단지1202동,127.059789,37.664922
광운대역,127.061673,37.622578
광운대역,127.061828,37.622606
월계현대아파트,127.063358,37.619835
월계현대아파트,127.0634,37.619319
월계1동경로당,127.064171,37.617163
석계역1번출구.A,127.065197,37.61493
석계역2번출구,127.066973,37.615274
광운대학교,127.058639,37.62022
월계삼거리,127.060007,37.622668
청백아파트1단지,127.052187,37.635412
대우아파트,127.052164,37.63311
청백아파트3단지4단지,127.050831,37.632041
청백아파트3단지4단지,127.051035,37.631656
초안아파트.흥화브라운빌아파트,127.044305,37.63207
흥화브라운빌아파트.초안아파트,127.044064,37.6323
쌍용스윗닷홈아파트,127.045425,37.630398
신창중학교후문,127.047398,37.627967
신창중학교후문,127.047274,37.627919
염광고등학교,127.050311,37.62754
염광고등학교,127.050238,37.627301
월계주공1단지상가,127.051625,37.62669
월계공단,127.051855,37.62713
월계종합사회복지관,127.052594,37.627489
월계종합사회복지관,127.052773,37.627485
월계주공2단지,127.053808,37.62835
월계주공1단지,127.054104,37.628286
인덕대학교.월계도서관,127.055176,37.628657
인덕대학교.월계도서관,127.05541,37.628671
월계주공108동앞.롯데캐슬루나아파트,127.052593,37.626189
인덕대학교후문입구,127.055274,37.627984
월릉교앞.한진한화그랑빌아파트,127.069232,37.615805
한진한화그랑빌아파트,127.069859,37.618255
한천초등학교,127.069871,37.619453
한천초등학교,127.069969,37.619986
월계동대우아파트,127.052193,37.633037
월계미성아파트,127.069343,37.621683
월계미륭아파트,127.068392,37.62317
월계미륭아파트,127.068603,37.623325
월계삼호아파트,127.067291,37.625175
월계삼호아파트,127.067529,37.625321
월계삼호4차아파트,127.065823,37.626465
월계삼호4차아파트,127.065982,37.626663
녹천초등학교.월계이마트,127.064038,37.628387
녹천초등학교.월계이마트,127.064906,37.627552
월계사슴아파트2단지,127.06059,37.632106
월계사슴아파트3단지,127.060408,37.631957
월계역1번출구,127.059276,37.633928
월계역1번출구,127.059051,37.633735
대우아파트,127.052315,37.633894
월계119안전센터,127.057331,37.628492
신도브래뉴.한전노원변전소,127.059199,37.628187
광운중.광운인공지능고등학교,127.056305,37.618955
광운중.광운인공지능고등학교,127.05653,37.618948
광운대학교,127.058146,37.619843
월계삼거리,127.05962,37.622614
롯데캐슬루나아파트,127.051508,37.625206
인덕대학교정문입구,127.057513,37.629038
월계보건지소,127.061621,37.631976
월계보건지소,127.061714,37.63174
교육촌.벼루말,127.052715,37.621969
장석교회,127.050612,37.624206
쌍용스윗닷홈아파트,127.045026,37.630606
월계119안전센터,127.057223,37.628621
신도브래뉴.한전노원변전소,127.058803,37.628401
상명고등학교.성원아파트,127.069154,37.649913
중계1동주민센터,127.076938,37.651726
은행사거리,127.076423,37.64885
양지근린공원,127.076372,37.646721
서라벌고등학교,127.075001,37.644841
불암중학교,127.07429,37.646529
불암중학교,127.074127,37.646538
중계주공10단지.중계건영3차아파트,127.073628,37.647708
롯데우성아파트,127.073832,37.647507
중계구민체육센터,127.071209,37.647601
중계구민체육센터,127.071279,37.647768
롯데마트,127.070211,37.647192
을지중학교,127.071801,37.65054
을지중학교,127.070904,37.650209
청암중.고등학교,127.07395,37.65289
중계주공5단지514동,127.074933,37.650811
원광초등학교,127.076601,37.654491
중계역,127.064373,37.644071
노원구민의전당,127.066418,37.639391
건영옴니백화점,127.064114,37.638901
브라운스톤중계.우리은행앞,127.064092,37.639456
서울아이티고등학교,127.062437,37.64263
서울아이티고등학교,127.063103,37.641698
어린이교통공원,127.06287,37.645358
중계역,127.065089,37.643219
서울시립북서울미술관,127.06674,37.639747
중계건영2차아파트,127.065245,37.646099
중계역2번출구,127.064939,37.645618
상명초등학교,127.067784,37.647851
중계3단지목련아파트,127.067967,37.6475
상명고등학교,127.069066,37.649484
목련아파트상가,127.069877,37.646858
중계목화아파트4단지,127.071407,37.643531
용동초등학교,127.069131,37.642116
용동초등학교,127.069012,37.641872
2001아울렛중계점,127.067663,37.641688
서울시립북서울미술관후문,127.066846,37.641308
홈플러스중계점,127.068627,37.640723
노원평생학습관,127.068935,37.639343
대진여자고등학교,127.067161,37.644549
청계초등학교,127.06693,37.644508
중계역1번출구,127.063757,37.646265
상계역5번출구,127.07397,37.661364
상계역3번출구,127.073033,37.6593
상계역3번출구,127.073212,37.659431
중계주공3단지,127.077017,37.656954
중계주공2단지,127.077833,37.65705
중계주공4단지,127.07801,37.655012
중계주공4단지,127.078357,37.654137
중계1동주민센터,127.077563,37.651867
신한은행중계동지점,127.077402,37.650543
기업은행중계동WM센터,127.077628,37.650737
공릉신도2차아파트,127.071501,37.625412
노원문화예술회관.불암초등학교,127.08016,37.650678
노원문화예술회관.불암초등학교,127.080918,37.650048
영신여자고등학교입구,127.081118,37.64982
불암고등학교,127.080575,37.648502
중계본동주민센터,127.080684,37.647474
노원우체국,127.081718,37.646032
노원우체국,127.081911,37.646158
중계본동종점,127.083058,37.644643
중계주공7단지,127.079788,37.647938
중계주공6단지상가,127.079442,37.648126
대림벽산아파트,127.077428,37.647837
중계주공6단지,127.077577,37.648088
은행사거리,127.076882,37.649797
대림벽산아파트,127.076746,37.646757
하계역,127.067783,37.637388
하계미성아파트,127.068826,37.635094
서울과학기술대앞,127.076083,37.630557
중계주공9단지후문,127.076601,37.643023
중계주공9단지후문,127.076224,37.64303
시립과학관.삼익선경아파트후문,127.076359,37.639903
시립과학관.한신동성아파트,127.076093,37.640196
삼익선경아파트,127.077527,37.638108
대진고등학교.하계우방아파트,127.077394,37.637876
하계역3번출구.을지병원,127.069433,37.636585
하계역2번출구,127.069488,37.636854
한성여객종점,127.070056,37.63813
한성여객종점,127.070816,37.637271
북부여성발전센터앞,127.062362,37.643261
그린아파트101동앞,127.061918,37.644305
대진고등학교,127.073649,37.637936
골마을근린공원,127.074233,37.638346
서울온천,127.074308,37.639365
하계1동주민센터,127.07283,37.640426
노원경찰서.혜성여고,127.072526,37.64209
노원경찰서,127.07213,37.642016
동천학교,127.074236,37.644083
동천학교,127.073769,37.644074
서라벌고등학교,127.074739,37.645015
하계현대아파트,127.071149,37.644958
홈플러스중계점,127.068992,37.640467
하계한신청구아파트,127.068946,37.639192
경기기계공업고등학교,127.074054,37.630929
한천중학교,127.073443,37.630942
하계역,127.067615,37.636805
하계장미아파트상가,127.068804,37.634079
하계2동주민센터,127.068138,37.631984
하계2동주민센터,127.068118,37.63177
중평초등학교,127.065372,37.636599
하계극동아파트,127.064588,37.633833
하계시영아파트,127.065452,37.634053
하계우성아파트,127.066651,37.635141
하계장미아파트,127.066963,37.634928
중평초등학교,127.065001,37.636959
석계역1번출구,127.064773,37.615298
중계1동신안아파트,127.072292,37.651247
하계5단지아파트,127.066325,37.633941
그린아파트101동앞,127.061642,37.644343
북부여성발전센터앞,127.062174,37.643175
당현초등학교,127.058926,37.648344
상계주공2단지상가,127.057069,37.650411
월계미성아파트,127.069162,37.621467
벼루말교,127.055221,37.619849
청구빌라.연촌초등학교,127.071477,37.635095
청구빌라.연촌초등학교,127.071537,37.63528
벼루말교,127.055225,37.619665
하계1치안센터,127.072413,37.633112
하계1치안센터,127.072263,37.632949
월계중학교,127.051118,37.630055
염광중학교후문,127.051074,37.630337
월계1동경로당,127.064032,37.617054
월계역신도브래뉴아파트앞,127.059076,37.629881
구묵동교,127.078605,37.618331
석계역1번출구.B,127.065202,37.614924
삼화상운차고지,127.052946,37.626086
월계동진아교통,127.064418,37.627735
월계동진아교통,127.06447,37.627618
중계본동종점,127.082796,37.644617
한성여객종점,127.070635,37.637535
흥안운수상계4동종점,127.082276,37.670834
삼화상운,127.05038,37.627217
유원.극동아파트,127.046128,37.629602
유원.극동아파트,127.046239,37.629673
월계미륭아파트,127.068046,37.624037
7단지영업소,127.063736,37.660278
수락리버시티3.4단지,127.052687,37.687211
7단지영업소,127.064107,37.659642
경춘선숲길방문자센터,127.070398,37.631832
월계주공1단지아파트앞,127.05156,37.62626
불암산스포츠타운,127.082806,37.639016
불암산스포츠타운,127.082437,37.638687
수락현대아파트,127.060282,37.674636
서울특별시기술교육원북부캠퍼스,127.057117,37.642161
상계8동주민센터,127.051942,37.666973
온곡초등학교,127.066454,37.666715
상계역1번출구,127.073649,37.660644
수락산디자인거리,127.057876,37.674973
상계주공11단지,127.05512,37.667018
보람아파트앞,127.06617,37.664967
노원센트럴푸르지오아파트상가,127.075112,37.66394
7호선수락산역,127.055859,37.675835
마들역8번출구,127.057202,37.666379
오뚜기슈퍼,127.072757,37.664375
상계주공9단지,127.059368,37.664671
대동아파트,127.072242,37.620136
또또슈퍼,127.071604,37.665307
상계주공14단지,127.057863,37.670922
청원고등학교,127.061113,37.664517
수락산역5번출구,127.055223,37.677822
대동택시,127.070838,37.665882
14단지상가,127.059505,37.669757
상곡초등학교.상계주공9단지,127.061694,37.662265
상계금호어울림아파트입구,127.069532,37.666592
상원초등학교,127.060308,37.668107
주유소앞,127.065894,37.655617
건민약국앞,127.071976,37.625014
노일중학교,127.054694,37.67254
한신1차아파트후문,127.069208,37.665907
청원고등학교후문,127.061668,37.666996
벽산상가,127.065568,37.6356
상계1차현대아파트,127.052801,37.672062
상계한신1차아파트상가,127.068922,37.665266
상계주공13단지,127.063433,37.666747
노원역10번출구,127.064434,37.656641
한신1차아파트정문,127.068238,37.665427
보람아파트정문,127.064431,37.664555
한신3차아파트,127.067273,37.665476
상계주공15단지.16단지,127.053617,37.670638
보람사거리,127.067067,37.664369
청솔7단지아파트,127.072228,37.63173
대림아파트105동앞,127.073728,37.662869
상계6동우체국,127.058873,37.653699
석계역,127.064459,37.615422
노원역2번출구,127.063157,37.656275
노원역5번출구,127.061602,37.654327
중현초등학교,127.066992,37.63296
월계472교,127.059951,37.61641
KT플라자노원점,127.063663,37.65489
중계센트럴파크아파트,127.05969,37.643789
장석교회,127.05094,37.624267
교육촌.벼루말,127.052675,37.621867
꿈의숲SK뷰아파트,127.053651,37.620871
석계역문화공원,127.064366,37.614888
꿈의숲SK뷰아파트,127.05377,37.620878
하계장미아파트정문,127.066487,37.634083
불암산역,127.078486,37.669245
동신아파트,127.060964,37.617304
순복음교회,127.065978,37.65531
수락산역,127.055286,37.680259
하계역,127.068362,37.635345
지에스마트,127.065976,37.663791
보람아파트상가,127.06518,37.664659
삼창아파트,127.059652,37.618196
포레나노원,127.061693,37.663186
청솔7단지앞,127.072307,37.631596
경춘선숲길방문자센터,127.070405,37.631615
메디아이산부인과,127.066972,37.656492
보람1차후문,127.065699,37.662103
상계주공13단지,127.06386,37.66667
노일초교,127.05591,37.672773
노일초교앞,127.055255,37.673587
노원역,127.060992,37.651834
노원역,127.06122,37.652953
중계역,127.062765,37.647269
중계역,127.062845,37.648085
하계역,127.068859,37.63504
하계역,127.068347,37.635156
선곡경로당,127.058661,37.617081
청백아파트4단지,127.052348,37.632208
청백아파트4단지,127.05255,37.632528
월계주공2단지앞,127.054663,37.6292
인덕대후문,127.054779,37.629342
청원고등학교,127.061318,37.664621
청백아파트종점,127.052483,37.635559
롯데캐슬루나아파트,127.051546,37.625229
인덕대학교,127.055449,37.628696
인덕대학교,127.055191,37.627923
롯데캐슬루나아파트,127.051304,37.625386
수락터미널,127.053629,37.678762
상계2동주민센터,127.068271,37.658046
온곡중학교,127.065348,37.660421
청원고등학교후문,127.061973,37.667077
월계472교,127.060796,37.615751
석계역,127.06397,37.615295
마들역6번출구,127.056861,37.664478
수락리버시티3.4단지,127.05285,37.687056
14단지상가,127.059691,37.669878
월계1동경로당.농협,127.064309,37.616656
동일초등학교,127.055793,37.664412
월계1동주민센터,127.06356,37.619386
주공11단지.노원성당,127.053487,37.664495
건민약국앞,127.07187,37.625242
상계청소년문화의집.상계주공14단지,127.056679,37.670664
광운대역,127.061344,37.623188
대아아파트,127.071168,37.622988
대주아파트,127.071688,37.621562
7호선수락산역,127.056031,37.675569
대동아파트,127.072122,37.619658
성원아파트,127.065578,37.660317
수락산디자인거리,127.057699,37.674874
공릉1동삼익아파트,127.072532,37.618329
보람1차후문,127.065958,37.662117
수락현대아파트,127.059571,37.674342
하계실버센터,127.064894,37.633743
지에스마트,127.066146,37.663408
벽산상가,127.065882,37.635431
현대우성아파트,127.065188,37.637029
미도아파트앞,127.060865,37.644797
상계현대3차아파트,127.053743,37.670731
원자력병원입구,127.077599,37.627369
상원초등학교,127.060599,37.667987
상원중학교,127.05795,37.671119
노원역8번출구,127.05926,37.65532
중계그린아파트,127.064179,37.640702
브라운스톤중계,127.064073,37.640479
노원센트럴푸르지오아파트앞,127.075491,37.665389
노원롯데캐슬시그니처아파트앞,127.075761,37.66539
불암산역,127.079711,37.670617
동막골유원지,127.086635,37.6751
상계3.4동주민센터,127.083181,37.672316
상계3.4동주민센터,127.083425,37.673004
상계4동,127.084499,37.673879
동막골유원지,127.086437,37.675228
덕은교.은평차고지앞,126.884114,37.589598
덕은교.은평차고지앞,126.884787,37.589165
수색교,126.888673,37.58576
수색교,126.890179,37.584696
수색역앞,126.893238,37.583223
수색역앞,126.894103,37.583047
디지털미디어시티역,126.900505,37.579047
디지털미디어시티역,126.901345,37.578617
은평뉴타운10단지,126.915165,37.642948
은평뉴타운10단지,126.913827,37.643594
구파발역입구,126.917023,37.636164
구파발역입구,126.916837,37.637116
박석고개.신도고등학교,126.919374,37.629919
박석고개.신도고등학교,126.919017,37.631088
세명컴퓨터고등학교,126.919973,37.624215
세명컴퓨터고등학교,126.919996,37.625283
연신내역.연서시장,126.92184,37.61836
연신내역.연서시장,126.920934,37.619323
동명여고.천주교불광동성당,126.92509,37.615607
동명여고.천주교불광동성당,126.924016,37.616172
불광역3.6호선,126.928798,37.611911
불광역3.6호선,126.928155,37.612447
불광역3호선.서울혁신파크,126.931626,37.608651
불광역3호선.서울혁신파크,126.931065,37.609065
한전서대문은평.북한산푸르지오,126.93433,37.605557
한전서대문은평.북한산푸르지오,126.933805,37.606093
녹번역,126.935322,37.601862
녹번역,126.935049,37.602435
신사1동주민센터,126.911347,37.598063
불광역1번출구,126.93046,37.610088
불광역3.6호선,126.928389,37.612484
동명여고,126.924228,37.616295
연신내역,126.922162,37.618193
선일하이츠빌라,126.919943,37.622791
세명컴퓨터고등학교,126.920281,37.625749
구파발역2번출구,126.918989,37.636768
구파발역.롯데몰,126.918577,37.637248
구파발역.롯데몰,126.918531,37.637246
박석고개,126.919872,37.626237
신한은행갈현지점,126.919688,37.623847
연신내역,126.922559,37.617346
동명여고,126.924065,37.615977
불광역3.6호선,126.927845,37.612667
불광역4번출구,126.930336,37.609758
녹번역,126.932868,37.601221
은평구청,126.930407,37.601428
응암지구대,126.925956,37.601346
본서부병원,126.923797,37.6009
신진과학기술고교.이마트은평점,126.918511,37.59986
응암역.신사오거리,126.914867,37.599035
응암역.신사오거리,126.914989,37.598759
신진과학기술고교.이마트은평점,126.91863,37.599538
본서부병원,126.923579,37.60055
응암지구대,126.926653,37.601222
은평구청,126.930393,37.601197
은평마을예술창작소,126.909611,37.614877
녹번초등학교,126.926158,37.602839
역촌역.역촌오거리,126.922476,37.606957
삼성타운,126.920971,37.608703
구산역1번출구.예일여고,126.91818,37.610852
구산동청년주택.디지털동행플라자,126.914715,37.612816
구산사거리,126.912487,37.613613
선진운수종점,126.910457,37.614344
선정중고등학교,126.908389,37.615832
서울경찰청86.87기동대.우남아파트,126.906434,37.618049
서울경찰청86.87기동대.우남아파트,126.905831,37.618528
선정중고등학교,126.90808,37.615716
선진운수종점,126.91086,37.613899
구산사거리,126.912539,37.613241
구산동청년주택.디지털동행플라자,126.914677,37.612521
구산역2번출구.예일여고,126.917759,37.610774
하나은행역촌동지점,126.920038,37.609268
역촌역.역촌오거리,126.922401,37.606574
녹번초등학교,126.925031,37.603666
응암초등학교,126.921124,37.587079
은평문화예술정보학교,126.9189,37.588897
응암오거리,126.916552,37.590736
신사초등학교,126.913545,37.59314
신사동고개사거리,126.909862,37.596038
신사동고개사거리,126.909968,37.595607
신사초등학교,126.912848,37.593358
응암오거리,126.916147,37.590732
은평문화예술정보학교,126.918618,37.58883
응암초등학교,126.920309,37.587477
대림시장,126.916544,37.587827
대림시장,126.917037,37.588685
응암역.신사오거리,126.915225,37.597936
신흥시장,126.914564,37.595401
새절역,126.913395,37.590696
와산교,126.912699,37.58789
증산종합시장.증산중학교입구,126.906147,37.580831
증산종합시장.증산중학교입구,126.906388,37.580591
증산역.증산동주민센터,126.909681,37.583681
와산교,126.913084,37.588094
새절역.숭실고입구,126.913893,37.591682
신흥시장,126.914896,37.595402
응암역.신사오거리,126.915606,37.598107
역촌초등학교,126.916055,37.602181
역말사거리,126.915559,37.606149
구산역2번출구.예일여고,126.916903,37.609951
구산역1번출구,126.917537,37.611658
대조동주민센터,126.917936,37.614073
연신내역.로데오거리,126.919996,37.617821
연서시장,126.922591,37.619243
종로약국,126.924638,37.620377
불광지구대,126.926789,37.621775
북한산대창센시티아파트,126.928809,37.624807
은평경찰서,126.929475,37.627632
폭포동,126.931032,37.630715
신도중학교,126.931529,37.633348
은평노인종합복지관.신도중학교,126.931533,37.632495
폭포동.은평노인종합복지관,126.931007,37.631383
은평경찰서,126.929271,37.628113
연신초등학교,126.92877,37.625623
불광지구대,126.926506,37.621855
새장골유래비,126.92438,37.62052
연서시장,126.922534,37.619597
연신내역.로데오거리,126.919655,37.618013
은평연세병원,126.917731,37.614739
구산역4번출구,126.917188,37.611894
구산역3번출구.예일여고,126.916776,37.610504
역말사거리,126.915143,37.60621
역촌초등학교,126.915573,37.602793
응암역2번출구,126.915861,37.600421
신사동고개삼거리,126.910254,37.598413
서울기독대학교입구,126.910385,37.601437
시립서북병원세현교회앞,126.910659,37.606146
구산중학교.구산교회,126.91102,37.608955
구산동주민센터,126.911363,37.61138
구산동주민센터,126.911292,37.61221
구산중학교.구산교회,126.910834,37.608802
시립서북병원세현교회앞,126.91046,37.606017
서울기독대학교입구,126.910227,37.602032
우남교통,126.910125,37.599767
신사동고개삼거리,126.910067,37.598601
갈현1동주민센터,126.916924,37.623968
한일탕,126.918368,37.626073
한일탕,126.918707,37.626162
갈현1동주민센터,126.917045,37.623247
불광롯데캐슬아파트,126.932072,37.613075
진관초교입구,126.925847,37.646905
푸르지오625동앞.관음사입구,126.928674,37.648984
삼천리골입구56사단북한산부대,126.935105,37.650426
백화사,126.938959,37.653551
흥국사,126.94201,37.656762
북한산성입구교차로,126.945365,37.658087
북한산성입구교차로,126.945341,37.658187
흥국사,126.942189,37.657267
백화사,126.939003,37.653745
삼천리골입구56사단북한산부대,126.93331,37.650081
진관초교관음사입구,126.926869,37.647774
푸르지오618동앞.관음사입구,126.929231,37.649685
진관중고교약수사입구,126.923382,37.645605
응암2동주민센터,126.923602,37.595925
응암2동주민센터,126.923083,37.595653
이마트은평점,126.918585,37.600049
서부경찰서,126.920594,37.601364
해주드림빌APT,126.922066,37.604167
역촌역.역촌오거리,126.923243,37.606802
대조시장앞,126.926517,37.608656
양광교회앞,126.928242,37.608462
불광역.불광1동주민센터,126.93229,37.609096
독박골.북한산래미안APT앞,126.939795,37.610513
구기터널입구,126.944937,37.61041
구기터널입구,126.945775,37.610752
독박골.북한산래미안APT,126.939603,37.610744
불광역.불광1동주민센터,126.932608,37.609529
양광교회,126.928952,37.608545
대조시장,126.926161,37.608792
역촌오거리,126.923968,37.607655
역촌역1번출구,126.922174,37.605241
서부경찰서,126.920548,37.602019
이마트은평점,126.918138,37.60024
응암1동주민센터,126.926767,37.600151
영락중학교입구,126.92434,37.597336
시립은평병원,126.922969,37.5932
백련산힐스테이트4차,126.922675,37.59001
충암고교앞.대주피오레아파트,126.922653,37.586846
충암고교앞.대주피오레아파트,126.922852,37.586957
백련산힐스테이트2차,126.92287,37.590313
시립은평병원,126.923128,37.593286
영락중학교입구,126.924166,37.596909
응암1동주민센터,126.927046,37.600396
한솔아파트입구.선정중학교후문,126.913707,37.615796
갈현동미미아파트,126.915152,37.618203
선일여고입구,126.915713,37.619342
갈현동성당앞,126.916592,37.620795
갈현동성당앞,126.916227,37.620538
선일여고입구,126.915526,37.6194
갈현동미미아파트,126.914944,37.618186
한솔아파트입구.선정중학교후문,126.913754,37.616078
불광역9번출구.불광초등학교,126.930516,37.611285
불광대호아파트,126.932471,37.61448
불광1동공동주차장앞,126.932999,37.615697
불광1치안센터.독바위역,126.933141,37.61736
수리초등학교입구,126.932556,37.619249
북한산한양수자인.불광삼익아파트,126.931666,37.621681
불광중학교,126.93095,37.622872
북한산대창센시티아파트,126.929935,37.623728
북한산대창센시티아파트,126.929682,37.623849
불광중학교,126.931053,37.622501
북한산한양수자인.불광삼익아파트,126.931657,37.621046
수리초등학교입구,126.932511,37.619089
불광1치안센터.독바위역,126.933073,37.617938
불광1동공동주차장앞,126.932729,37.616301
불광대호아파트,126.931992,37.613883
불광초등학교,126.930457,37.61157
신사동고개사거리,126.910343,37.595676
백련산SK뷰아이파크아파트,126.919156,37.595846
서부경찰서후문,126.922337,37.602433
신진과학기술고등학교,126.920323,37.597911
응암시장,126.91798,37.594314
서서울농협본점,126.918083,37.593496
신진과학기술고등학교,126.920673,37.597822
서부경찰서후문,126.922648,37.602673
디지털미디어시티역,126.900601,37.579265
수색역,126.896195,37.58189
덕은교.은평차고지앞,126.885614,37.588578
덕은교.은평차고지앞,126.883447,37.589961
수색교,126.888692,37.585562
수색동주민센터.은평문화원,126.892428,37.583469
수색역,126.897298,37.580725
디지털미디어시티역,126.901294,37.57827
수색초등학교.DMC아트포레자이,126.898899,37.584885
e편한세상수색에코포레,126.900207,37.585871
은평터널앞,126.905834,37.591613
e편한세상수색에코포레,126.900269,37.586102
수색초등학교.DMC아트포레자이,126.898375,37.58469
DMC파인시티자이,126.896608,37.583379
DMC파인시티자이,126.896455,37.583013
새마을금고앞,126.911852,37.589
새마을금고앞,126.912369,37.588722
미성아파트앞,126.910124,37.589961
미성아파트앞,126.910175,37.589724
상신중학교앞,126.906102,37.590661
상신중학교앞,126.906163,37.590549
숭실고입구,126.906148,37.591691
현대아파트앞,126.907943,37.593712
현대아파트앞,126.907717,37.59364
신사사거리,126.908973,37.595679
신사사거리,126.908814,37.595726
동명여고후문,126.92432,37.613397
동명탕앞,126.922049,37.611378
하나은행역촌동지점,126.920424,37.608336
충북슈퍼앞,126.917834,37.605993
역촌동주민센터,126.914824,37.605728
제각말5단지.은평뉴타운도서관,126.93551,37.638398
제각말5단지.은평뉴타운도서관,126.934437,37.636736
연신초등학교,126.929189,37.625896
증산역.증산동주민센터,126.909322,37.583755
연신초등학교.연신내성당,126.929043,37.626872
신사1동주민센터,126.910826,37.598163
시립서북병원,126.910312,37.604689
신사동고개,126.909917,37.597767
녹번역,126.934226,37.600872
시립서북병원,126.910563,37.605176
구산동사거리,126.912234,37.614271
구산동사거리,126.91212,37.614367
역촌동성당,126.912147,37.60556
역촌동성당,126.912536,37.605737
호림아파트앞,126.920819,37.609152
은평권역공영차고지,126.884376,37.591462
응암정보도서관,126.919897,37.586571
응암정보도서관,126.920189,37.58675
서울중앙교회앞,126.918144,37.585237
대림에코빌,126.918876,37.585043
응암오거리,126.915986,37.590859
갈현노인복지센터,126.917214,37.624722
녹번동대림.JR아파트앞,126.93721,37.59927
연서중학교입구,126.912278,37.586229
연서중학교입구,126.911754,37.586171
은덕교.금암문화공원,126.917494,37.645044
은덕교.금암문화공원,126.919687,37.644849
진관중고교약수사입구,126.922962,37.645161
응암3동주민센터,126.917313,37.591161
롯데캐슬823동앞,126.921756,37.642073
진관중고교.약수사앞,126.92309,37.643408
아이파크701동앞,126.928093,37.646045
푸르지오621동앞,126.930479,37.648435
진관초교앞,126.929324,37.64623
생태공원앞.구립상림도서관,126.92897,37.644075
진관중고교.약수사앞,126.924129,37.643629
래미안909동앞,126.921548,37.641157
하나고.삼천사.진관사입구,126.938408,37.641815
응암3동주민센터,126.917696,37.591629
입곡삼거리,126.936391,37.649452
입곡삼거리,126.937377,37.651692
아이파크709동앞,126.926677,37.644858
은진초교입구.은뜨락도서관,126.920801,37.630759
은진초교입구.은뜨락도서관,126.920918,37.63102
은평구민체육센터앞,126.922569,37.631421
은평구민체육센터앞,126.923249,37.631656
신도초중교입구.한국고전번역원,126.925337,37.631489
신도초중교입구.한국고전번역원,126.926904,37.631563
은평성모병원,126.917751,37.633228
아이파크714동앞,126.926199,37.644775
푸르지오604동앞,126.930094,37.647764
푸르지오614동앞,126.931495,37.649745
아이파크708동앞,126.92713,37.645633
진관동주민센터.은평우체국,126.919781,37.634543
진관동주민센터.은평우체국,126.91982,37.634698
동부센트레빌324동앞,126.924649,37.634156
두산위브253동앞,126.923168,37.634274
동부센트레빌320동앞,126.927804,37.634095
신도초교.은평메디텍고등학교,126.929249,37.634314
하나고.삼천사.진관사입구,126.938107,37.641764
두산위브205동앞,126.926262,37.634267
래미안922동앞,126.921336,37.64408
롯데캐슬820동앞,126.921569,37.644002
진관공영차고지,126.907954,37.646654
진관공영차고지,126.908325,37.646847
기자촌11단지앞,126.93258,37.634757
수국사입구,126.906782,37.616772
응암초교.백련산힐스테이트3차,126.922809,37.588748
신도초교.은평메디텍고등학교,126.930539,37.634092
응암초교.백련산힐스테이트3차,126.922553,37.588334
녹번센트레빌아파트,126.925902,37.5988
녹번센트레빌아파트,126.925981,37.59916
선진운수종점,126.909605,37.614377
기자촌사거리,126.932132,37.634433
갈현중앙시장,126.918393,37.623466
갈현중앙시장,126.918962,37.623359
덕산중학교.씨티아파트,126.904511,37.600189
덕산중학교.두산위브아파트,126.90458,37.600372
대성중.고등학교,126.911365,37.622242
시립은평병원.파크자이아파트,126.921959,37.593375
경향파크아파트,126.906406,37.609813
12번지건영아파트,126.913968,37.629266
상신초교.두산.한신아파트,126.906506,37.599579
선일여고.빅데이터고,126.912752,37.620513
신비로마트,126.920713,37.593508
대동슈퍼,126.906919,37.609145
미미슈퍼,126.914501,37.628749
신사1동경로당,126.906588,37.601105
미미아파트,126.914575,37.61933
응암시장입구,126.918408,37.593851
구산근린공원.GS편의점,126.908101,37.607844
충남슈퍼,126.915238,37.628189
라이프씨티후문.광성교회,126.906537,37.601957
갈현초교.로데오거리,126.917143,37.618302
구산마트,126.909935,37.607515
신창슈퍼,126.916213,37.62754
역촌센트레빌,126.906673,37.603644
연신내역.물빛공원,126.920064,37.617937
금호아파트,126.921594,37.599146
엔에스아파트,126.91296,37.607401
대한슈퍼,126.917039,37.626492
천사원입구.서북병원,126.907223,37.604606
서부경찰서후문,126.922503,37.601158
미주아트빌,126.914462,37.607361
한일탕,126.918115,37.625863
GS편의점.제일영광교회,126.909001,37.603869
응암지구대,126.926654,37.602627
동아문구,126.917232,37.625065
역촌노인복지관,126.911091,37.602902
불광보건소,126.927696,37.621226
은평문화예술회관,126.927553,37.603658
구산전철역,126.917699,37.610789
갈현1동주민센터,126.916904,37.623798
역촌초등학교후문,126.913078,37.602166
금강골드,126.930058,37.62204
현대아파트,126.928934,37.605202
삼성아파트후문,126.921292,37.609454
우리들약국,126.915582,37.602327
불광중학교,126.931596,37.622312
삼거리,126.930893,37.606027
동명탕,126.922259,37.61137
불광동팀수양관,126.933717,37.622582
서울혁신파크,126.933287,37.606434
동명여고후문,126.924556,37.613405
은평성모병원,126.915263,37.633821
불광중학교,126.931548,37.622529
녹번전철역,126.935222,37.601652
대조동우체국,126.926635,37.613092
하나은행역촌지점,126.920362,37.608243
금강골드,126.930019,37.622153
불광전철역,126.930404,37.609787
갈현1동주민센터,126.917178,37.623467
불광보건소,126.927728,37.621475
양광교회앞,126.92888,37.608552
갈현노인복지센터,126.917368,37.624971
한일탕,126.918268,37.625749
연신내역.물빛공원,126.919619,37.617948
서강스카이빌,126.921579,37.599638
금원빌라,126.918222,37.627308
갈현초교.로데오거리,126.917204,37.618389
영진빌라,126.917228,37.628024
미미아파트,126.914774,37.619484
응암시장입구,126.919108,37.593634
일진빌라,126.916509,37.628646
선일여고.빅데이터고,126.912874,37.620585
신비로마트,126.920327,37.593465
미주아트빌,126.914876,37.607476
미곡빌라,126.91571,37.629203
시립은평병원.파크자이아파트,126.922315,37.593159
엔에스아파트,126.913155,37.607515
양지빌라,126.914912,37.62871
구산마트,126.910039,37.607691
구파발역.롯데몰,126.918502,37.637574
하나은행역촌지점,126.920162,37.608355
구산근린공원.GS편의점,126.908522,37.607827
은평마을,126.907219,37.608224
대동슈퍼,126.907093,37.609168
우리들약국,126.915545,37.602421
역촌초등학교후문,126.913043,37.602266
역촌노인복지관,126.91107,37.603008
GS편의점.제일영광교회,126.908963,37.603913
천사원입구,126.907281,37.604711
역촌센트레빌,126.906535,37.603612
라이프씨티아파트후문.광성교회,126.9064,37.601998
신사1동경로당,126.906426,37.601056
연신내역6번출구,126.92061,37.618794
상신초교.두산.한신아파트,126.906351,37.599626
청구성심병원후문,126.919377,37.620324
역촌역,126.923438,37.605524
역촌역,126.921947,37.60497
응암역,126.915151,37.597682
응암역,126.915618,37.5979
새절역,126.913421,37.591137
새절역,126.914027,37.59167
증산역,126.909762,37.583728
증산역,126.909376,37.583819
연갈현공판장후문,126.919112,37.623194
삼성래미안아파트,126.937963,37.611393
현대힐스테이트1차정문,126.937085,37.612019
현대힐스테이트1차후문,126.935835,37.612274
현대홈타운아파트,126.933261,37.612121
불광역9번출구,126.930241,37.611052
현대홈타운아파트,126.933319,37.611976
현대힐스테이트1차후문,126.935281,37.612412
현대힐스테이트1차정문,126.936717,37.612034
삼성래미안아파트,126.938006,37.611091
힐스테이트302동앞,126.925375,37.588342
힐스테이트116동앞,126.924909,37.58963
서울연은초등학교,126.924515,37.590748
힐스테이트1단지정문앞,126.924244,37.591504
힐스테이트2단지후문앞,126.923985,37.592007
서울연은초등학교,126.924442,37.590541
힐스테이트212동앞,126.924821,37.589494
힐스테이트302동앞,126.925315,37.588118
태평양약국,126.917829,37.593111
국민은행,126.91666,37.589804
풍림아그네스앞,126.918605,37.603007
역촌유치원입구,126.91846,37.604161
새생명약국앞,126.918222,37.606022
새생명약국앞,126.918076,37.605958
역촌유치원입구,126.918296,37.604147
풍림아그네스앞,126.918449,37.60295
대림e편한세상1단지,126.906145,37.612224
대림e편한세상2단지,126.906631,37.612833
현대아파트입구,126.906411,37.613338
임창빌라,126.907992,37.613636
온누리약국,126.909198,37.614311
G캐슬아파트,126.915077,37.615206
길마어린이공원,126.916055,37.614801
길천사우나,126.917239,37.61429
대림모터스,126.918007,37.614501
연서시장,126.921014,37.61958
청구성심병원,126.919102,37.620856
아름다운교회,126.918542,37.616314
길마어린이공원,126.91616,37.614932
G캐슬아파트,126.915372,37.615244
한솔아파트입구,126.913895,37.615842
온누리약국,126.909272,37.614393
임창빌라,126.908003,37.613689
현대아파트입구,126.906535,37.613459
대림e편한세상2단지,126.906448,37.612863
대림e편한세상1단지,126.906099,37.612293
와산교,126.914194,37.588885
서울정형외과,126.918757,37.595288
벧엘블래스빌,126.918516,37.595403
숭실고등학교,126.903747,37.592436
숭실고등학교입구,126.905839,37.592284
서신초교.내를건너서숲으로도서관,126.907402,37.591644
삼거리.명진아파트,126.910656,37.590419
안디옥교회.새절역,126.912773,37.590341
신사초등학교.새절역,126.913479,37.593165
상신초등학교입구,126.908053,37.596735
행운슈퍼,126.905923,37.595955
상신초교후문.산새마을종점,126.905126,37.596862
행운슈퍼,126.905784,37.5959
상신초등학교입구,126.90848,37.5966
새절역,126.913387,37.590645
삼거리.명진아파트,126.910498,37.590586
서신초교.내를건너서숲으로도서관,126.907348,37.591806
숭실고등학교입구,126.905773,37.59242
경남아너스빌.서북병원,126.905511,37.604844
힐스테이트상가,126.923802,37.592644
서부중앙교회,126.922321,37.589181
응암초등학교,126.921238,37.589376
성암문구사거리,126.920041,37.589703
응암감리교회대림시장앞,126.918663,37.5888
응암동성당,126.919532,37.589041
성암문구사거리,126.920006,37.589574
응암초등학교,126.921363,37.589169
백련산힐스테이트2차앞,126.922792,37.589346
백련산힐스테이트2차상가앞,126.923013,37.591975
은평세무서음식문화거리,126.925139,37.602044
은평여성인력개발센터,126.932145,37.607214
대조시장.NC백화점,126.927836,37.609518
행정연구원건너편,126.936462,37.609608
파크자이105동앞,126.922917,37.591968
브라운스톤빌앞,126.912458,37.590544
6번지입구,126.919032,37.626869
북가좌동삼거리,126.904527,37.575446
북가좌동삼거리,126.905143,37.575143
DMC래미안e편한세상.요진아파트,126.90961,37.571678
DMC래미안e편한세상.요진아파트,126.910313,37.571577
모래내시장.가좌역,126.915063,37.569077
모래내시장.가좌역,126.913786,37.569862
사천교,126.918154,37.567559
연희104고지앞.궁동근린공원,126.925083,37.566284
연희104고지앞.궁동근린공원,126.925786,37.566357
서대문우체국,126.931988,37.561952
서대문우체국,126.931462,37.562533
연세대앞,126.935337,37.559956
연세대앞,126.9355,37.560157
세브란스병원앞,126.938451,37.559967
세브란스병원앞,126.938924,37.560133
이대후문,126.943301,37.5626
이대후문,126.943648,37.563064
동교동삼거리,126.92952,37.557765
신촌오거리.현대백화점,126.934504,37.555983
신촌오거리.2호선신촌역,126.938694,37.555732
이대역,126.947271,37.556876
산골고개.e편한세상서대문,126.939996,37.595302
산골고개.e편한세상서대문,126.940516,37.594969
홍제역.서대문세무서,126.944365,37.588491
홍제역.서대문세무서,126.945323,37.587843
홍제삼거리.인왕산한신휴플러스,126.947843,37.585207
무악재역,126.94981,37.583154
무악재역,126.950655,37.581865
안산초등학교,126.951572,37.580686
독립문역.한성과학고,126.957577,37.574689
독립문역.한성과학고,126.956561,37.575641
영천시장,126.962533,37.569939
영천시장,126.963135,37.569528
서대문역,126.96583,37.566475
경찰청.동북아역사재단,126.969224,37.562476
인왕산.홍제원아파트,126.948862,37.584397
경찰청.동북아역사재단,126.968047,37.564312
웨딩타운,126.952554,37.557239
아현역,126.956885,37.557389
충정로역,126.963312,37.560858
충정로역,126.962492,37.559801
서대문역사거리,126.966565,37.565579
모래내시장.가좌역,126.913963,37.569923
사천교,126.918313,37.567753
연희104고지앞.궁동근린공원,126.924211,37.566297
연희104고지앞.궁동근린공원,126.924998,37.56655
서대문우체국,126.930442,37.563229
서대문우체국,126.931163,37.563001
연세대학교앞,126.935306,37.559819
연대앞,126.934836,37.560454
세브란스병원,126.937841,37.559868
세브란스병원,126.939242,37.560265
이대부중,126.942992,37.562216
이대부중,126.944163,37.563644
이대부고,126.946431,37.565532
이대부고,126.946476,37.566318
홍은동동부센트레빌,126.938708,37.596757
산골고개.e편한세상서대문,126.940575,37.595069
홍은사거리.북한산더샵아파트앞,126.941266,37.592378
홍제우체국,126.946047,37.586895
영천시장,126.96202,37.570228
금화초등학교.서울시교육청,126.964326,37.567901
충정로역2번출구,126.964027,37.559611
이대역4번출구,126.946575,37.556984
신촌기차역입구,126.943843,37.556808
신촌역2호선,126.939641,37.556188
신촌아트레온,126.940788,37.55651
동교동삼거리연희동방면,126.927499,37.558658
연세로.명물거리,126.936977,37.558146
연세로.스타광장,126.936764,37.556409
연희동대우아파트,126.927955,37.562623
연희교차로,126.93029,37.565853
연희교차로,126.930035,37.565947
연희3거리,126.931902,37.567905
연희3거리,126.93161,37.567933
한성화교중고교.서대문소방서,126.935413,37.572301
한성화교중고교.서대문소방서,126.935209,37.572477
서대문자연사박물관입구,126.935409,37.57517
서대문자연사박물관입구,126.935242,37.575226
서대문구청.보건소.구의회,126.936066,37.578245
서대문구청.서대문구의회,126.935843,37.578616
동신병원.홍제폭포,126.93601,37.580831
서대문보건소별관.홍제폭포,126.936286,37.582662
정원여중,126.934988,37.58625
정원여중.스위스그랜드호텔,126.93526,37.587662
홍은현대아파트.스위스그랜드호텔,126.936428,37.588649
홍은현대아파트,126.938346,37.590058
유진상가,126.942868,37.591754
유진상가,126.943139,37.59218
문화촌현대아파트,126.946545,37.592247
문화촌현대아파트,126.946807,37.592652
서울여자간호대학교.홍은초등학교,126.949222,37.596107
서울여자간호대학교.홍은초등학교,126.948705,37.595642
유원하나아파트,126.952678,37.595884
유원하나아파트,126.952065,37.595743
홍지문.옥천암,126.956592,37.596572
홍지문,126.956263,37.59691
북가좌오거리,126.911478,37.579833
북가좌오거리,126.911461,37.5803
북가좌2동주민센터,126.913137,37.582037
북가좌2동주민센터,126.913402,37.582864
동도하이츠아파트,126.915018,37.584677
동도하이츠아파트,126.914769,37.584901
DMC파크뷰자이,126.916237,37.573862
삼성래미안2차아파트,126.913812,37.57125
모래내삼거리,126.913277,37.570786
DMC래미안e편한세상2.4단지,126.910992,37.576741
모래내우체국.증가교회,126.911726,37.576441
북가좌삼호.DMC아이파크아파트,126.91331,37.575268
북가좌삼호.DMC아이파크아파트,126.913058,37.57553
DMC센트레빌아파트,126.915772,37.575307
DMC파크뷰자이.별동상가,126.916085,37.575189
래미안루센티아.DMC쌍용,126.918536,37.575567
명지대사거리,126.920982,37.577371
DMC에코자이아파트,126.919556,37.576434
DMC센트럴아이파크아파트,126.921853,37.57822
명지대,126.923549,37.579137
명지대,126.924291,37.579884
명지대삼거리,126.926098,37.58096
명지대삼거리,126.926363,37.58127
고은초등학교.홍제센트럴아이파크,126.944699,37.58523
신연중학교서대문도서관,126.940834,37.583958
백련교.홍제폭포,126.937549,37.582901
서대문문화체육회관입구,126.935391,37.581408
홍연2교.두산아파트앞,126.93088,37.578421
홍남교,126.927497,37.576642
연가교,126.922182,37.572561
연희파크푸르지오앞,126.927335,37.575359
홍연시장,126.930687,37.577133
연희홍연아파트,126.932355,37.577998
서대문구청,126.934872,37.579051
남가좌현대아파트,126.921859,37.574918
신촌기차역,126.942452,37.558782
신촌기차역,126.942933,37.558356
증산교앞,126.904803,37.57804
연희지하차도,126.932557,37.57715
연희지하차도,126.932206,37.577501
홍연2교.현대교통종점,126.929987,37.578214
홍연2교.현대교통종점,126.930204,37.578401
명지대입구.서울무용센터,126.927408,37.580849
명지중고등학교,126.925698,37.582561
명지중고등학교,126.925689,37.582933
명지전문대.충암중고등학교,126.923595,37.584666
명지전문대.충암중고등학교,126.923958,37.584668
연희동자치회관,126.931268,37.569518
연희동자치회관,126.931296,37.569748
서대문구보훈회관,126.929364,37.571702
서대문구보훈회관,126.929537,37.571831
홍남교.서대문구행복그린센터,126.926983,37.574638
홍남교.서대문구행복그린센터,126.927027,37.574886
백련시장,126.92493,37.576647
백련시장,126.924701,37.57709
명지대사거리.백련시장,126.922581,37.577426
명지대사거리.국민은행앞,126.922419,37.57761
연가초교.DMC래미안클라시스,126.917294,37.579119
연가초.연희중.래미안클라시스,126.918068,37.578959
북가좌사거리,126.914669,37.581182
북가좌사거리,126.914142,37.581838
북가좌119안전센터,126.912621,37.582705
북가좌119안전센터,126.912037,37.583446
충정로역9번출구,126.964018,37.561714
미동초등학교,126.964451,37.563158
DMC한양아파트,126.908519,37.57649
북가좌초교·DMC현대아파트,126.908436,37.576788
DMC파크뷰자이1단지입구,126.91693,37.571091
독립문역·서대문형무소역사관,126.956433,37.575419
경찰청,126.968395,37.563413
충정로역2호선,126.964211,37.559721
연가교,126.922147,37.572817
가좌역3번출구,126.914759,37.569163
명지대입구.신원지벤스타,126.928151,37.580457
창서초등학교.현대백화점,126.933002,37.556666
서대문종합사회복지관,126.920025,37.57126
서대문종합사회복지관,126.920144,37.570963
홍남교.백련시장입구,126.925184,37.575286
북가좌초교사거리,126.910255,37.578726
북가좌초교사거리,126.910333,37.578365
은가어린이공원.구150번종점,126.91962,37.582934
DMC두산위브아파트,126.915324,37.580557
DMC두산위브아파트,126.915941,37.580347
서대문독립공원·극동아파트,126.959319,37.571853
봉원동사거리,126.946477,37.566861
봉원사,126.946105,37.570102
봉원사,126.946115,37.570109
봉원동사거리,126.946701,37.566796
서대문독립공원.삼호아파트,126.959411,37.57149
서부운수기점,126.910257,37.581632
중소기업은행,126.912989,37.582257
봉원사길,126.946017,37.568354
봉원사길,126.946109,37.568602
연세로.문학의거리,126.937004,37.556263
독립공원사거리,126.955309,37.576394
독립공원사거리,126.955225,37.576488
가재울초등학교,126.918977,37.573982
가재울초등학교,126.918761,37.574434
산골고개.e편한세상서대문,126.940303,37.594833
DMC래미안e-편한세상3단지,126.906764,37.575166
DMC래미안e-편한세상3단지,126.907055,37.575047
연흥교회,126.921165,37.572609
홍제역4번출구,126.943083,37.589373
남가좌동새마을금고,126.917304,37.574429
국립대한민국임시정부기념관,126.953572,37.575831
독립문파크빌.한성과학고,126.951858,37.574578
두산아파트,126.932057,37.57877
DMC파크뷰자이,126.916342,37.573766
아현가구단지,126.960892,37.558661
DMC쌍용.래미안루센티아,126.91881,37.575592
정원슈퍼,126.931724,37.586436
홍은동국민주택,126.94985,37.605675
백련사,126.928529,37.584836
풍진베이스타운.안산자락길입구,126.94332,37.582427
개미마을,126.953915,37.589798
두산아파트,126.949261,37.55912
북아현삼거리,126.952975,37.564805
궁동근린공원입구,126.924199,37.569577
뜨란채아파트101동,126.958773,37.565837
삼성빌라,126.93384,37.595601
소공원,126.932518,37.586336
풍림.극동아파트,126.949472,37.603639
명지고후문,126.929089,37.584107
명진아트빌라,126.943682,37.582815
홍은초등학교,126.950323,37.59689
삼거리연탄가게,126.953384,37.590492
초원약국,126.950034,37.559771
추계초등학교,126.954193,37.563592
궁동근린공원회관,126.925368,37.570943
서서울농협홍은지점.동신병원,126.936117,37.580979
뜨란채아파트.노인복지관,126.959016,37.568067
금화장오거리,126.959291,37.564363
미성아파트,126.934464,37.593289
삼성그린빌,126.932675,37.586971
팔각정,126.930167,37.583299
고은초교삼거리,126.943852,37.584312
문화촌주유소,126.948592,37.595273
버드나무가게,126.952885,37.591037
신촌푸르지오1단지후문.힐스테이트신촌,126.951643,37.560851
새마을금고,126.954874,37.56312
서대문지역자활센터,126.926276,37.572123
산경아파트,126.9603,37.568527
경기대후문,126.961446,37.563915
홍은중학교,126.934601,37.592336
동원빌라,126.933297,37.587054
포방공영주차장,126.948937,37.600889
서대문문화체육회관,126.931995,37.581229
성원아파트,126.942787,37.584232
홍은사회복지관별관,126.948049,37.594173
금강빌라.인왕중학교,126.951992,37.591823
중앙여고,126.955554,37.562222
홍제초등학교,126.943406,37.592238
천연동마을금고,126.96145,37.568438
미동초교,126.964949,37.564274
차고앞,126.934887,37.591725
싸이버아파트,126.934002,37.587122
포방시장,126.948392,37.599465
서대문내품애센터,126.933397,37.580209
문화촌현대아파트,126.94736,37.592319
오동나무앞,126.95111,37.592868
경남아파트.북아현119안전센터,126.95587,37.561027
행복하우스,126.928695,37.573136
삼거리,126.935294,37.590022
정원여중입구,126.93458,37.586437
호박골다리,126.946708,37.598145
송죽원,126.939073,37.58395
홍제역해링턴플레이스,126.946705,37.591094
동성교회,126.949604,37.594179
중앙여고,126.954855,37.561869
한성고교,126.956498,37.559452
현대그린마트,126.96102,37.571345
충정로역8번출구,126.963069,37.560906
스위스그랜드호텔앞,126.93637,37.588977
간호대정문,126.947427,37.597
홍은사거리,126.941298,37.592395
인왕초등학교,126.945505,37.58925
문화공원입구,126.948395,37.594406
충정로역7번출구,126.962423,37.559865
산골고개,126.940603,37.595039
홍은초등학교.간호대입구,126.948894,37.596456
가산빌라,126.936067,37.584882
사러가쇼핑,126.930246,37.567294
영천시장입구,126.963026,37.569278
나이스신용정보.(구)한국예술원,126.961905,37.56124
반석블레스아파트,126.941012,37.595167
평화슈퍼,126.935707,37.586269
북아현로입구,126.956271,37.557825
아현역1번출구,126.955392,37.557507
육교앞,126.964301,37.567938
광염교회,126.961936,37.562301
풍림1차아파트,126.942086,37.594354
스위스그랜드호텔,126.936442,37.587768
웨딩타운,126.951526,37.557272
서대문문화체육회관,126.934913,37.580748
서대문사거리,126.965457,37.566695
경기대사회교육원,126.962425,37.563365
팔각정,126.943242,37.595275
남양아파트,126.938341,37.589124
서대문전철역,126.965999,37.56528
인창중고,126.963642,37.564213
홍은유원아파트,126.945046,37.596965
유진상가다리앞,126.944684,37.591921
문화촌현대아파트입구,126.947139,37.592605
바비엥스위트,126.967318,37.564777
종근당,126.962918,37.559827
이대농협,126.944053,37.556824
미동초등학교,126.965151,37.564396
인창중고,126.964167,37.564664
사천교,126.918064,37.568063
벽산아파트후문,126.945977,37.596289
현대백화점,126.934714,37.556169
아트레온,126.94009,37.556263
신촌자이엘라,126.942535,37.556764
인창중고,126.964205,37.564492
연희초등학교,126.933575,37.569957
광산사우나,126.964578,37.565609
스위스그랜드호텔.현대아파트,126.936378,37.589332
모래내시장,126.915615,37.569093
연희초등학교,126.933031,37.56972
홍은성당,126.946408,37.596021
간호대입구올해피장애인복지센터,126.949129,37.595931
우리은행홍제동지점,126.945178,37.591779
미동초등학교,126.964886,37.563109
연희삼거리,126.934498,37.57157
연희삼거리,126.933268,37.569513
서대문구청,126.9358,37.578465
서대문구청,126.936131,37.578514
그랜드힐튼호텔,126.935757,37.587854
그랜드힐튼호텔,126.935516,37.58804
CGV신촌아트레온,126.938555,37.555793
경기대후문,126.961672,37.564006
서대문성당,126.964044,37.567271
삼거리,126.935433,37.590005
벽산아파트정문,126.946011,37.594645
서대문역7번출구,126.966987,37.565239
신촌전철역,126.937149,37.55539
금화장오거리,126.959338,37.564486
동명여중,126.962919,37.568064
차고앞,126.935129,37.591571
고은초교삼거리,126.943685,37.584262
영천시장입구,126.961959,37.568481
홍은중학교,126.934702,37.592671
정원여중입구,126.934637,37.58656
명진아트빌라,126.943546,37.582914
문화공원입구,126.948497,37.594291
가재울초등학교,126.918359,37.574562
연대앞.세브란스병원,126.935592,37.560294
미성아파트,126.93468,37.593655
남가좌동아이파크후문,126.920614,37.574504
싸이버아파트,126.934039,37.587219
동신병원사거리,126.935603,37.581567
동성교회,126.949468,37.59414
연희성당,126.931101,37.563051
남가좌동아이파크정문,126.921574,37.574949
동원빌라,126.933303,37.587159
홍은2동주민센터,126.934715,37.580909
오동나무,126.950735,37.593009
연희브라운스톤,126.93023,37.565708
3호선독립문역,126.95845,37.57246
삼성그린빌,126.932546,37.586898
서대문내품애센터,126.933496,37.580321
금강빌라.인왕중학교,126.951626,37.592211
하나은행연희동지점,126.931247,37.566994
이진아기념도서관,126.956586,37.572709
서대문문화체육회관,126.931857,37.581535
버드나무가게,126.952751,37.590994
종근당후문,126.963744,37.55947
사러가쇼핑,126.930373,37.567211
국민은행,126.931818,37.56781
극동아파트119동,126.954753,37.572968
사천교,126.918542,37.568317
팔각정,126.930336,37.583314
삼거리연탄.약수터입구,126.953267,37.590473
민속식당,126.929616,37.567962
이진아기념도서관,126.95648,37.572642
유진상가,126.942678,37.59166
명지고후문,126.929221,37.584166
개미마을,126.953779,37.589714
아현전철역,126.957723,37.557491
서연중학교,126.92859,37.569142
3호선독립문역,126.958384,37.572405
이대입구,126.945286,37.5569
백련사,126.928628,37.584906
평화교회,126.926001,37.569505
극동아파트입구,126.958532,37.57192
신촌아트레온,126.940725,37.556489
북아현동주민센터,126.956777,37.559642
삼호아파트.천연동주민센터,126.959391,37.570791
홍은초등학교.간호대입구,126.948398,37.596813
경남아파트.북아현119안전센터,126.956039,37.560781
홍제폭포.동신병원,126.935467,37.580039
영천시장입구,126.961441,37.568955
간호대정문,126.947133,37.597313
중앙여고,126.954953,37.562058
중앙여고,126.955617,37.56245
홍은2동어린이집앞,126.934174,37.579547
감리신학대학교,126.962572,37.567922
추계초등학교,126.954262,37.563695
두산아파트,126.932043,37.57872
서대문센트레빌,126.963936,37.567172
포방시장,126.948564,37.599351
홍은2동주민센터,126.934452,37.580414
광산사우나,126.964431,37.565611
포방공영주차장,126.949159,37.60086
힐스테이트신촌.신촌푸르지오1단지후문,126.95155,37.560897
인창중고,126.964114,37.564733
호박골다리,126.946886,37.598137
초원약국,126.94987,37.559811
홍은동국민주택,126.949907,37.605197
풍림.극동아파트,126.949505,37.603476
홍은동국민주택,126.949966,37.605646
홍제역3번출구,126.944233,37.588432
홍제우체국,126.946333,37.586761
홍제2동주민센터,126.949649,37.586186
인왕산현대아파트입구,126.947967,37.585448
삼호아파트.천연동주민센터,126.960009,37.570507
홍제역1번출구,126.944048,37.589035
유진상가.인왕시장,126.942188,37.590788
연희브라운스톤,126.930217,37.566066
신촌기차역,126.942633,37.558726
인왕산현대아파트입구,126.948753,37.585181
인왕산현대아파트117동,126.951021,37.586307
북아현로입구,126.956455,37.55818
인왕산현대아파트117동,126.95102,37.586416
이대전철역,126.946819,37.556974
유진상가,126.941937,37.590657
인왕산현대아파트101동,126.950437,37.586123
홍은2동주민센터,126.934161,37.580196
뜨란채아파트101동,126.958513,37.56591
뜨란채아파트101동,126.958626,37.565789
홍지문35통,126.956138,37.596794
옥천교앞,126.954366,37.596361
대명빌라,126.927022,37.572927
인왕시장,126.942912,37.591139
창덕에버빌,126.917427,37.569394
영천동,126.960599,37.570137
독립문,126.959373,37.571482
영천동,126.960382,37.570063
동원베네스트아파트입구,126.944765,37.598258
홍은유원아파트입구,126.945171,37.597231
동원베네스트주차장.두산위브입구,126.944215,37.599116
홍은사회복지관별관,126.947438,37.594128
서강아파트1차정문앞,126.934065,37.594918
연희상가아파트,126.928044,37.573122
봉원사입구,126.946427,37.566731
증산역(증산2교),126.911353,37.583707
행운부동산앞,126.916578,37.580989
은가경로당앞,126.917958,37.58104
우리동네키움센터.삼성유치원,126.918504,37.581511
두란노어린이집앞,126.920784,37.581582
은혜감사어린이집,126.92248,37.582046
백련어린이공원(공영주차장),126.923699,37.582661
상록운수,126.923358,37.584028
명지대학교교회,126.925363,37.582581
명지대후문(세븐일레븐),126.924852,37.581468
백련어린이공원,126.923994,37.582256
은혜감사어린이집앞,126.922361,37.582088
두란노어린이집,126.920527,37.581742
우리동네키움센터.삼성유치원,126.91848,37.58174
행운부동산앞,126.916558,37.580827
북가좌사거리,126.913783,37.581535
북가좌오거리,126.912496,37.581156
북가좌파출소,126.911174,37.581366
해담는다리앞,126.909384,37.582228
이마트24앞,126.921478,37.581934
증산2교,126.910933,37.583907
홍제천입구,126.932147,37.578835
마포역,126.947964,37.540943
마포역,126.946785,37.540277
공덕역,126.950905,37.543605
공덕역,126.951354,37.544502
아현동주민센터,126.952907,37.546365
아현동주민센터,126.953242,37.547078
마포경찰서,126.955212,37.5502
마포경찰서,126.955305,37.55077
아현초등학교,126.9571,37.554078
아현초등학교,126.957335,37.554898
합정역,126.912989,37.548999
합정역,126.913856,37.549532
서교동,126.919582,37.553637
서교동,126.920047,37.554149
홍대입구역,126.923465,37.55664
홍대입구역,126.924316,37.557326
동교동삼거리,126.928543,37.558067
신촌오거리.현대백화점,126.935893,37.555397
신촌오거리.2호선신촌역,126.940153,37.556107
이대역,126.944496,37.556654
웨딩타운,126.951517,37.557092
아현역,126.954942,37.557294
아현동가구단지,126.960665,37.557967
마포구청.성산자동차검사소,126.902423,37.564954
마포구청,126.90189,37.564902
마포농수산물시장.월드컵공원,126.897454,37.566107
월드컵경기장남측.월드컵공원,126.896326,37.566668
월드컵경기장서측.문화비축기지,126.895468,37.569236
월드컵경기장서측.문화비축기지,126.894294,37.568726
월드컵파크3단지.난지천공원,126.887957,37.573355
월드컵파크3단지.난지천공원,126.888462,37.572319
서부면허시험장,126.880437,37.577883
서부면허시험장,126.880398,37.577561
DMC첨단산업센터,126.885188,37.585344
DMC첨단산업센터,126.884787,37.585598
월드컵공원입구.문화비축기지입구,126.892748,37.568523
월드컵파크3단지정문,126.889228,37.573822
월드컵파크2단지.에스플렉스센터,126.890647,37.575267
월드컵파크2단지.에스플렉스센터,126.890291,37.575338
합정역7번출구,126.914301,37.548591
합정역6번출구,126.914625,37.548797
성산중학교,126.917506,37.548189
성산중학교,126.917445,37.547937
상수역,126.921647,37.547683
상수역,126.921564,37.547874
서강초등학교,126.925367,37.547803
서강초등학교,126.926194,37.547491
광흥창역,126.930541,37.547609
광흥창역,126.930584,37.547352
광흥창역4번출구,126.933939,37.547312
마포세무서,126.939092,37.546971
중앙잔디광장,126.879249,37.566476
마포역,126.945737,37.539709
노을공원입구(난지미술창작스튜디오),126.880695,37.569406
공덕역10번출구,126.952875,37.54194
공덕역10번출구,126.95289,37.541723
난지천공원다목적구장,126.88344,37.57356
난지천공원,126.886099,37.574166
월드컵경기장역,126.900197,37.569526
마포구청.농수산물시장,126.899583,37.566299
난지천공원다목적구장,126.883278,37.573857
공덕역.공덕시장,126.953031,37.544413
공덕시장,126.954148,37.544352
신덕성결교회,126.956691,37.545941
신덕성결교회,126.956162,37.545892
한겨레신문사,126.958816,37.548147
한겨레신문사,126.958987,37.547997
노을공원입구(난지미술창작스튜디오),126.880486,37.569584
공덕역6번출구,126.953163,37.543073
공덕역7번출구,126.953332,37.542751
용마루고개.신공덕삼성아파트,126.955885,37.541871
서울대동창회관,126.950744,37.542445
공덕역8번출구,126.951632,37.543494
도화동현대아파트,126.955701,37.540332
도화동현대아파트,126.955833,37.540543
중동초등학교,126.910419,37.566873
중동초등학교,126.910308,37.566622
성산2동주민센터,126.908326,37.567793
성산2동주민센터,126.908437,37.568004
성산119안전센터,126.903857,37.569862
성산119안전센터,126.903713,37.569713
성산아파트,126.901499,37.571597
성산아파트,126.901413,37.571461
DMC상암센트럴파크,126.89604,37.575184
DMC상암센트럴파크,126.895485,37.575155
상암초등학교,126.893422,37.576392
상암초등학교,126.89372,37.57655
신촌로터리,126.936883,37.553809
신촌로터리,126.937268,37.553524
서강대학교,126.93797,37.5511
서강대학교,126.937315,37.551827
광성중고등학교,126.938672,37.549355
광성중고등학교,126.93986,37.548952
대흥역,126.940989,37.548107
대흥역,126.94272,37.547675
용강초등학교,126.943515,37.546977
동도중학교.서울디자인고등학교,126.945401,37.546478
동도중학교.서울디자인고등학교,126.946767,37.545641
공덕역2번출구,126.948341,37.5452
공덕역1번출구,126.949321,37.544432
서서울농협홍대역점,126.91971,37.556592
동교로사거리,126.920948,37.555846
성산동,126.906903,37.564769
성산2교,126.912473,37.564277
성산2교,126.913205,37.563863
성미약수터,126.915105,37.561797
성미약수터,126.914066,37.562464
경성중고.홍대부속여중고입구,126.915807,37.560552
경성중고.홍대부속여중고입구,126.916614,37.559651
경성중고.홍대부속여중고입구,126.917281,37.559409
아만티호텔서울,126.91932,37.557228
아만티호텔서울,126.918203,37.557879
마포구청역7번출구,126.902663,37.562728
마포구청역6번출구,126.902472,37.562459
마포중앙도서관,126.906729,37.563676
마포중앙도서관,126.907457,37.564253
성산2교,126.913555,37.565668
성산2교,126.912644,37.565693
광흥창역.서강동주민센터,126.931914,37.548278
광흥창역.서강동주민센터,126.931412,37.548255
창전현대홈타운,126.932655,37.550882
창전현대홈타운,126.9322,37.550712
신촌로터리,126.934562,37.55389
신촌로터리,126.935683,37.554051
이대역6번출구,126.944787,37.55649
이화여대입구,126.945732,37.555916
이대역5번출구,126.946021,37.555799
대흥교회,126.945758,37.55405
대흥교회,126.946058,37.553789
서강대후문.마포아트센터,126.943946,37.550495
마포자이2차아파트.대흥역,126.942535,37.548758
굴레방다리.아현역,126.957461,37.557152
양화진성지공원입구,126.912248,37.548658
홍대입구,126.920375,37.554594
홀트아동복지회,126.912178,37.549011
합정역2번출구,126.91561,37.55106
합정역4번출구,126.915307,37.550218
홍대입구역1번출구,126.923044,37.556561
홍대입구역,126.923813,37.556652
연남동,126.927541,37.562522
신촌역8번출구,126.934761,37.555638
극동방송,126.923151,37.549424
극동방송,126.922923,37.549429
홍익대학교,126.923805,37.552191
홍익대학교,126.924641,37.553071
산울림소극장,126.929808,37.55437
산울림소극장,126.930157,37.554958
신수중학교,126.932648,37.545242
신수중학교,126.932752,37.545436
래미안웰스트림아파트,126.936236,37.544231
한국출판콘텐츠센터,126.935409,37.544655
용강동주민센터,126.940419,37.541918
용강동주민센터,126.941179,37.54171
용강동입구,126.944105,37.539633
메세나폴리스,126.912932,37.550948
마포한강푸르지오,126.912592,37.550787
성산초등학교입구,126.911868,37.55313
성산초등학교입구,126.912262,37.553218
기업은행서교동지점(최규하대통령가옥),126.911464,37.554792
기업은행서교동지점(최규하대통령가옥),126.910896,37.55487
망원시장.망원동월드컵시장입구,126.90876,37.557337
망원시장.망원동월드컵시장입구,126.908943,37.557591
망원동방울내길입구,126.906365,37.560428
망원동방울내길입구,126.905725,37.560595
성서초등학교,126.911498,37.558803
성서초등학교,126.911173,37.558514
합정한강아파트,126.907238,37.551094
미원아파트입구,126.903216,37.559123
미원아파트입구,126.903323,37.559165
망원2동주민센터,126.903095,37.560006
망원2동주민센터,126.902929,37.560081
청기와빌라,126.904393,37.560782
청기와빌라,126.904751,37.560761
망원정입구,126.906994,37.552594
성산초등학교,126.910099,37.553594
서서울농협,126.906063,37.553553
서서울농협,126.906006,37.553409
망원1동주민센터,126.904894,37.555624
망원1동주민센터,126.905106,37.555441
동교초등학교,126.904215,37.557946
동교초등학교,126.904087,37.557891
월드컵파크7단지,126.87842,37.58115
월드컵파크7단지,126.878963,37.581876
월드컵경기장북측,126.89947,37.572855
상암사거리.월드컵경기장북측,126.898104,37.573967
경성중고.홍대부속여중고입구,126.915653,37.559732
한강버스망원선착장,126.897648,37.555741
삼진제약,126.926722,37.553354
홍대입구역사거리,126.922205,37.554738
상암DMC홍보관.YTN,126.891323,37.577985
상암DMC홍보관.YTN,126.891288,37.577461
월드컵파크5단지.상암중고등학교입구,126.886335,37.580921
월드컵파크5단지,126.886518,37.580333
구룡근린공원,126.882612,37.583431
상암고등학교,126.8842,37.581924
월드컵파크3단지후문,126.889762,37.571242
서강대후문.마포아트센터,126.943771,37.549828
월드컵파크4단지후문.JTBC,126.889895,37.577361
디지털미디어시티역2번출구,126.899674,37.575208
월드컵파크4단지후문.JTBC,126.889946,37.577857
누리꿈스퀘어.MBC,126.889637,37.578988
월드메르디앙아파트,126.923428,37.545073
월드메르디앙아파트,126.924291,37.544809
한강밤섬자이아파트,126.927793,37.545736
한강밤섬자이아파트,126.927729,37.545549
서강해모로아파트,126.929497,37.545686
서강해모로아파트,126.928887,37.545537
서교동주민센터.마포신문사,126.916353,37.554892
동교로사거리,126.919828,37.555645
상암사거리.월드컵경기장북측,126.897992,37.573758
강변한신코아,126.943979,37.53744
난지한강공원,126.878194,37.568009
난지한강공원,126.875087,37.568764
월드컵공원입구.문화비축기지입구,126.892749,37.568177
디지털미디어시티역,126.900755,37.575078
월드컵파크9.10.11.12단지,126.878833,37.58533
월드컵파크9.10.11.12단지,126.879967,37.584395
용마루고개.브라운스톤공덕아파트,126.95683,37.541133
하늘초등학교,126.879658,37.585322
월드컵파크10단지,126.881348,37.586205
월드컵파크11.12단지,126.880899,37.58627
수색교,126.883982,37.587215
수색교,126.88396,37.587082
가좌역1번출구,126.914941,37.568316
가좌역,126.915369,37.567897
디지털미디어시티역3번출구A,126.90078,37.575526
청구아파트.참누리아파트,126.902858,37.574232
청구아파트.참누리아파트,126.903103,37.573833
중동현대아파트,126.907268,37.571686
중동현대아파트,126.907288,37.571464
가좌행복주택.건영월드컵아파트,126.912102,37.569451
가좌행복주택.건영월드컵아파트,126.912037,37.569305
월드컵아이파크,126.913607,37.566734
월드컵아이파크,126.913685,37.566471
DMC첨단산업센터,126.886546,37.584059
DMC첨단산업센터,126.886623,37.583619
SBS.YTN,126.894378,37.57983
SBS.YTN,126.893959,37.579832
공항철도디지털미디어시티역,126.899007,37.576698
공항철도디지털미디어시티역,126.898197,37.576963
디지털미디어시티역3번출구,126.900584,37.575355
상암동주민센터앞,126.893928,37.578461
MBC,126.890732,37.582083
MBC,126.890786,37.581827
난지천공원.박정희대통령기념관,126.886173,37.574413
공덕시장,126.954167,37.544387
마포16번종점,126.898859,37.560866
서부면허시험장.월드컵파크8단지,126.882111,37.578532
창전중앙하이츠아파트,126.927526,37.549919
망원유수지.마포구민체육센터,126.898593,37.556497
양화진성지,126.911931,37.54564
홍대입구역,126.923668,37.557325
홍대입구역,126.923439,37.557728
아현전철역,126.956246,37.557137
샛별문방구.마포전철역,126.947629,37.539824
청암대,126.947736,37.535742
한겨레신문사,126.958979,37.547156
동원데자뷰아파트,126.899221,37.560338
창전삼성아파트109동,126.930278,37.550245
홍대후문,126.927367,37.551206
광성중고등학교입구,126.937571,37.549798
태양빌딩,126.899382,37.55611
난지천공원.박정희대통령기념관,126.886053,37.574088
다운교회,126.912826,37.545625
동교로사거리,126.92103,37.555791
코오롱아파트106동앞,126.923101,37.560909
가든호텔.삼성프라자,126.949209,37.540745
우성아파트3동,126.947507,37.536165
대상아파트,126.899642,37.559743
디지털미디어시티역9번출구,126.896982,37.577777
창전삼성아파트107동,126.930995,37.550732
서강유치원,126.927995,37.551912
삼익아파트.마포아이파크포레,126.935604,37.549907
신촌역교차로,126.936847,37.554479
월드컵파크3단지,126.888354,37.572625
한이맨션,126.914158,37.545516
코오롱아파트104동앞,126.921975,37.562293
돼지슈퍼,126.961677,37.556961
형제식당,126.961069,37.557353
하나님의교회,126.959879,37.546218
신부파스카아파트,126.900356,37.558757
창전삼성아파트104동,126.931585,37.551077
육완순무용원,126.929099,37.552735
신수경남아파트,126.933617,37.55001
성원아파트,126.901603,37.556576
서일빌딩,126.915983,37.545416
청원빌딩,126.918165,37.558415
코오롱아파트사거리,126.921394,37.563035
신일약국,126.962599,37.55601
아현실버복지관,126.960216,37.557641
S마트,126.943554,37.547055
동교초등학교,126.901444,37.557227
창전삼성아파트입구,126.932408,37.55163
와우공원입구,126.930021,37.553181
마포소방서,126.932694,37.549081
광흥창역.서강동주민센터,126.932634,37.5483
대흥역,126.941073,37.548072
동교초등학교,126.902952,37.556811
마포농수산물시장.월드컵경기장,126.897268,37.566069
마포새빛문화숲,126.917905,37.54529
경성고교입구,126.916636,37.560111
대룡빌딩,126.922272,37.563682
공덕역입구,126.95158,37.542036
성원아파트,126.901586,37.556736
한강공원입구,126.899256,37.556266
금호태영아파트,126.931725,37.55372
경의선책거리.산울림소극장,126.93037,37.554925
신수동성당.신수동주민센터,126.93385,37.54726
서강수협.신수중학교,126.93239,37.545315
용강초등학교,126.943553,37.547056
망원동사거리,126.904322,37.55714
마포구청.마포구청역,126.900946,37.56575
마포새빛문화숲후문,126.921655,37.545101
마포FM,126.917714,37.560996
연남동주민센터,126.923068,37.564086
도화현대1차아파트111동앞,126.954366,37.541175
성원아파트,126.937183,37.547172
한국출판콘텐츠센터,126.935384,37.544696
서울여자중고등학교,126.94715,37.547055
망원시장,126.905979,37.557492
월드컵경기장역,126.90029,37.56927
상수동,126.923041,37.546692
경성중고.홍익디자인고,126.919259,37.561914
에덴지우아파트,126.924218,37.564591
도화현대1차아파트,126.955431,37.540483
망원유수지.마포구민체육센터,126.899167,37.55588
마포세무서,126.938947,37.547016
신수현대아파트.래미안웰스트림,126.936702,37.543718
염리삼성아파트,126.947566,37.548486
구)망원우체국사거리,126.907698,37.557825
상수역,126.92359,37.547637
코오롱아파트사거리,126.920851,37.563698
에덴맨션,126.924946,37.563984
서부수도사업소,126.959873,37.556805
화평교회,126.901159,37.554437
신촌역,126.934806,37.55562
굴다리시장,126.941417,37.546279
신석초등학교,126.938657,37.543164
일성여자중고등학교,126.948411,37.548873
망원전철역,126.909936,37.556111
상수두산아파트,126.924441,37.547547
경성중고후문,126.920297,37.564379
하모니마트사거리,126.925388,37.563366
만물사부동산,126.960737,37.555348
하나님의교회,126.955313,37.539332
MBC,126.891737,37.579628
월드컵파크4단지,126.887741,37.577801
상암중학교,126.887244,37.578972
서울산업진흥원.국악방송,126.888951,37.580737
우리기술사옥.한국지역정보개발원,126.887879,37.582261
DMC빌,126.885591,37.582393
우리금융상암센터.DMC빌,126.885575,37.581932
도화현대1차아파트단지내,126.954593,37.539783
상암고등학교,126.882533,37.580978
상암월드컵파크6.7단지,126.88054,37.581273
상암월드컵파크6.7단지,126.880624,37.581059
상암고등학교,126.883671,37.580685
스탠포드호텔,126.886117,37.582423
스탠포드호텔,126.885685,37.582451
월드컵파크6단지상가,126.885664,37.579807
공덕역10번출구,126.953095,37.541848
공덕역10번출구,126.952886,37.541834
웨딩타운,126.951583,37.556971
상지초등학교,126.881454,37.579721
아현전철역,126.956835,37.557174
스탠포드호텔,126.886565,37.582559
우리기술사옥.한국지역정보개발원,126.887812,37.582027
전자회관,126.888656,37.580806
상암중학교,126.887213,37.57933
월드컵파크6단지,126.887311,37.578179
YTN뉴스퀘어.CJE&M,126.891577,37.579007
R2(홍대걷고싶은거리),126.924971,37.556163
경의선숲길공원(홍대입구역3번출구),126.925221,37.558837
경의선숲길공원(연남동),126.921448,37.563432
망원&월드컵시장(망리단길),126.90592,37.557656
망원한강공원(서울함공원),126.899189,37.556253
서울월드컵경기장(마포농수산물시장),126.89647,37.566631
하늘공원,126.892421,37.566661
난지천공원(박정희대통령기념관),126.886027,37.574677
난지캠핑장,126.875156,37.568809
마포반려동물캠핑장(난지물놀이장),126.880352,37.565848
서울양화나루와잠두봉유적(하늘길),126.911838,37.545677
마포새빛문화숲,126.918056,37.545309
마포용강맛길,126.944071,37.539414
도화꽃길.갈매기골목(공덕역9번출구),126.951822,37.542683
경의선숲길공원(염리동),126.949433,37.543812
R6(레드로드광장.상수역),126.920695,37.547927
R4(홍대축제거리),126.921447,37.550685
마포365구민센터(마포365천문대),126.922144,37.545007
마포한강아이파크아파트,126.904114,37.552423
중동초등학교,126.910109,37.566823
대흥태영아파트,126.943064,37.545751
용강동주민센터,126.940558,37.541883
마포현대아파트,126.949154,37.548776
성산초등학교,126.912343,37.554226
서강초등학교,126.926264,37.54749
경의선숲길공원입구,126.919051,37.565894
대명아파트,126.924312,37.562451
환일고등학교,126.960819,37.554562
용산성당.현대홈타운,126.953166,37.537606
가구단지,126.960721,37.558023
하모니마트,126.905998,37.55228
창전삼성아파트입구,126.932519,37.551779
대흥세양아파트,126.944727,37.544846
아현1동경로당,126.961026,37.553606
마포전철역,126.94455,37.539618
공덕삼성3차아파트후문,126.951238,37.549153
고니빌딩,126.91404,37.554514
서강쌍용아파트.광흥창역,126.930287,37.547946
사천고가앞,127.074999,37.613647
원효초등학교,126.95092,37.536212
새서울의원,126.90702,37.55126
창전삼성아파트104동,126.93149,37.551282
와우산로오거리,126.929964,37.554442
마포자이아파트,126.94601,37.544105
성지빌딩,126.946064,37.541749
엘지빌딩,126.953817,37.548666
서교동주민센터,126.915351,37.55474
이랜드,126.931537,37.549199
만리동고개,126.962263,37.551619
한강타운.우성아파트16동앞,126.949517,37.535939
공덕전철역,126.952685,37.543284
남경장,126.90982,37.548758
창전삼성아파트107동,126.930916,37.55085
와우공원입구,126.929942,37.553261
염리초등학교,126.94676,37.542603
염리초등학교,126.947137,37.542626
아현동주민센터,126.953106,37.547118
우리은행서교동지점,126.917348,37.553259
마포노인복지관,126.93231,37.549529
공덕동주민센터,126.960089,37.55052
청암대,126.947881,37.535827
성서초등학교,126.912608,37.558663
홍대입구,126.923414,37.556334
마포역서울가든호텔,126.947109,37.54074
창전어린이공원,126.929512,37.550277
창전어린이공원,126.929252,37.550164
창전삼성아파트109동,126.930362,37.550404
육완순무용원,126.929057,37.552855
중부여성발전센터,126.945138,37.541218
재화스퀘어,126.946898,37.543896
공덕역3번출구,126.951018,37.545521
마포구청역,126.902736,37.562522
마포구청역,126.902958,37.562824
월드컵파크7단지,126.880464,37.582256
월드컵파크7단지,126.879241,37.581984
상암동입구,126.899415,37.573785
상암동입구,126.898385,37.573825
상암월드컵파크5단지,126.886477,37.580847
상암월드컵파크5단지,126.886407,37.580476
홍대입구역사거리,126.920978,37.554526
창전현대홈타운,126.932723,37.550874
삼우빌딩,126.957945,37.549212
합정역,126.914793,37.549849
희성교회,126.914081,37.556804
서강유치원,126.927963,37.552041
마포전철역,126.944269,37.539621
염리중앙하이츠아파트,126.944934,37.544929
신촌연세병원.기업은행,126.93322,37.551992
공덕동성당,126.956887,37.548381
우리은행서교동지점,126.917534,37.551943
서교동주민센터.마포신문사,126.916248,37.554873
홍대후문,126.92731,37.551309
대흥태영아파트,126.943091,37.545951
동도중학교.서울디지인고등학교,126.945504,37.546446
서울서부지방법원,126.955349,37.5488
세븐일레븐,126.955996,37.540407
동교로사거리,126.919871,37.555658
신석초등학교,126.938847,37.543423
굴다리시장,126.941713,37.54639
서교동주민센터,126.915052,37.5556
서교푸르지오아파트,126.923179,37.553627
홍대입구역,126.923216,37.55669
신수현대아파트.래미안웰스트림,126.936944,37.543833
마포세무서,126.939039,37.547298
대흥역사거리,126.942321,37.548105
신촌역8번출구,126.935633,37.555324
마포경찰서,126.955328,37.550338
도화현대1차아파트111동앞,126.954564,37.54124
홍대정문,126.923888,37.552982
동교로사거리,126.919761,37.555869
한국출판콘텐츠센터,126.93555,37.544747
신수세양아파트,126.937325,37.547409
서교동교회,126.919202,37.551662
애오개역,126.956534,37.552595
공덕역입구,126.951624,37.542223
레드로드입구,126.921095,37.55087
서교동주민센터.마포신문사,126.916141,37.555066
서강수협.신수중학교,126.932502,37.545476
신수동성당.신수동주민센터,126.934707,37.547483
숭문중고등학교후문,126.945344,37.552092
레드로드입구,126.921447,37.550643
가든호텔.삼성프라자,126.949052,37.540743
희성교회,126.914296,37.556872
광흥창역.서강동주민센터,126.932824,37.548123
마포프레스티지자이아파트,126.946069,37.553476
홍대정문,126.923651,37.552004
아현초등학교,126.955808,37.555837
샛별문방구.마포전철역,126.947597,37.540057
상지초등학교,126.881393,37.579565
합정역1번출구,126.914951,37.550586
성서초등학교,126.912838,37.558685
마포소방서,126.933117,37.550423
이대전철역,126.946022,37.555914
홍대정문,126.924831,37.553151
라사라패션직업전문학교,126.929512,37.554128
사천고가앞,126.917412,37.566915
S마트,126.947454,37.538834
경성중고사거리,126.916167,37.560644
서교푸르지오아파트,126.92318,37.55391
경의선숲길공원입구,126.919185,37.565463
우성아파트입구,126.947384,37.537969
성미약수터,126.914665,37.562297
경성중고후문,126.920121,37.564436
우성아파트3동,126.947396,37.536403
하모니마트,126.90612,37.552521
성모병원사거리,126.912526,37.564644
코오롱아파트사거리,126.920841,37.563581
도화현대1차아파트,126.955304,37.540454
마포한강아이파크아파트,126.904174,37.552639
중동초등학교,126.910702,37.566575
신한은행서교동금융센터점,126.918354,37.557385
경성중고.홍익디자인고,126.919496,37.562287
망원파출소.롯데장학관,126.902646,37.55369
대우미래사랑아파트,126.916968,37.556741
효성약국,126.917709,37.561208
화평교회,126.901309,37.554616
성산시영아파트,126.903683,37.569973
한국해양전략연구소,126.915716,37.556159
망원파출소.롯데장학관,126.902747,37.553456
망원유수지.마포구민체육센터,126.899253,37.555986
서교동주민센터,126.914608,37.555645
창전삼성아파트,126.932527,37.551583
임오빌딩,126.917399,37.558771
월드컵경기장역,126.898313,37.573873
새화빌딩,126.913445,37.555111
신촌이랜드청년주택,126.931521,37.549512
성산초등학교,126.911927,37.55442
우리은행서교동지점,126.917495,37.553395
서강쌍용아파트.광흥창역,126.930126,37.547972
동교로사거리,126.921045,37.55606
동교초등학교,126.901629,37.55709
망원전철역,126.910258,37.556114
서교동주민센터,126.915277,37.55565
서강초등학교,126.926356,37.547746
신부파스카아파트,126.900473,37.558785
KBS미디어센터,126.891268,37.57625
구)망원우체국사거리,126.907297,37.557933
홍대후문,126.925408,37.547768
대상아파트,126.899855,37.559656
월드컵파크2단지,126.890312,37.575256
망원동월드컵시장,126.905989,37.557626
상수역,126.922389,37.547839
동원데자뷰아파트,126.899421,37.560266
망원동사거리,126.904716,37.557387
레드로드입구,126.920504,37.547926
마포16번종점,126.898957,37.560928
서부면허시험장.월드컵파크8단지,126.881969,37.578255
동교초등학교,126.902956,37.557002
합정동,126.91812,37.547607
마포새빛문화숲,126.917116,37.54551
서일빌딩,126.915963,37.545554
삼성래미안공덕2차201동앞,126.961189,37.551177
성우맨션,126.91425,37.545636
다운교회,126.912795,37.545737
월드컵경기장역,126.900146,37.569516
마포구청.마포구청역,126.899575,37.566331
상암고등학교,126.884387,37.582056
상암고등학교,126.883495,37.582337
우성아파트입구,126.947502,37.53798
망원교회,126.900162,37.556235
망원교회,126.900529,37.556496
신촌역7번출구,126.935975,37.554699
경성중고사거리,126.91574,37.56062
삼진제약,126.92683,37.553207
한국영화아카데미,126.929439,37.554298
서교동교회,126.919414,37.551751
성산2동주민센터,126.908387,37.568024
월드컵파크7단지,126.879869,37.580411
창전삼성아파트110동,126.928352,37.549935
신촌역,126.935896,37.554287
신촌역,126.935626,37.554491
신촌농협.하나로마트,126.933201,37.556188
기업은행.신촌연세병원,126.933488,37.553166
세븐일레븐,126.955938,37.540151
아현고개,126.94698,37.55662
백합아파트,126.90093,37.557951
백합아파트,126.901071,37.557939
홍익병원목동관,126.86403,37.530908
금호어울림.대원칸타빌아파트,126.866544,37.532691
목동3단지후문,126.86991,37.534324
영도초등학교,126.870519,37.535556
신목중학교.목동2단지후문,126.873552,37.538165
목동2단지,126.877987,37.5366
목동3단지,126.875742,37.534747
목동4단지상가.목동종합운동장,126.875115,37.532298
목동3.4단지사잇길,126.87198,37.532796
목동사거리,126.863836,37.53327
영도중.강서고입구.기아양서대리점,126.863622,37.536174
목동시장.대일고교.배광교회,126.863841,37.539005
신목중학교,126.871897,37.537123
목동스카이아파트.목동3단지,126.86961,37.534288
금호어울림.대원칸타빌아파트,126.866861,37.532878
신목동역2번출구,126.882342,37.543855
신목동역1번출구,126.882069,37.543922
서울경서농협,126.856298,37.521363
목동2차성원아파트,126.863175,37.542295
목3동주민센터.현대아이파크.실로암안과,126.862401,37.544833
등촌역6번출구.목동깨비시장,126.863937,37.549695
월촌초등학교,126.87707,37.541188
월촌초등학교.우성아파트,126.875367,37.540503
목원초등학교.서울지방식품의약품안전청,126.881136,37.542533
용왕산,126.874232,37.53913
한국전파진흥협회,126.881498,37.545944
목동한신청구아파트,126.880165,37.540638
목동한신청구아파트,126.880351,37.540729
목동1.2단지사잇길,126.878476,37.538388
월촌중학교.목동1단지,126.881671,37.537912
양천YMCA.서울에너지공사,126.88266,37.538842
양천YMCA.서울에너지공사,126.882857,37.539035
목동5단지C상가.목동운동장북문,126.877493,37.53282
파리공원,126.878326,37.534622
목동5단지B상가.목5동주민센터,126.881307,37.53577
이대목동병원.목동6단지앞,126.884428,37.536847
목동아파트601동앞.이대병원,126.883253,37.535893
경인초교.목동아파트5.6단지사잇길,126.88385,37.53287
오목교역3번출구,126.876383,37.52507
양정고등학교,126.887902,37.535223
목1동주민센터.양천소방서,126.87358,37.529802
목동역3번출구.홍익병원,126.864432,37.527381
CBS방송국,126.874149,37.528097
목운초등학교.목운중학교,126.87377,37.526419
목동7단지동문,126.870231,37.52851
목운초등학교.목운중학교,126.873395,37.526126
목동운동장남문.아이스링크,126.876592,37.528474
목동7단지.종로학원,126.868763,37.525672
오목교역1번출구.대학빌딩,126.873313,37.524957
오목교역.동신한방병원,126.876822,37.524449
갈산초등학교정문,126.870486,37.512805
오목교역6번출구.청학빌딩,126.875447,37.523427
신목동새마을금고,126.873639,37.52107
서울출입국외국인청사거리,126.871424,37.518983
오목교역.동신한방병원,126.876922,37.524085
신목초등학교입구,126.870927,37.517471
목동14단지B상가,126.87189,37.514708
현대아파트정문,126.877421,37.519785
현대아파트정문,126.878236,37.520788
삼성아파트정문,126.876904,37.51635
현대아파트109동앞,126.87715,37.518115
현대아파트후문,126.878172,37.52193
목동14단지C상가앞,126.874176,37.514046
목일중학교,126.873927,37.514019
목동13.14단지사거리,126.869399,37.514268
목동13.14단지사거리,126.869582,37.514742
신트리공원,126.857917,37.514489
목동12.13단지사잇길,126.863545,37.513054
목동12.13단지사잇길,126.86327,37.513232
신목초등학교입구,126.870786,37.517302
목동14단지A상가,126.872211,37.515143
목동11단지,126.858309,37.51322
목동14단지관리사무소앞,126.871691,37.514796
양천구청역,126.865328,37.512567
양천공원,126.869642,37.517872
양천구청,126.86703,37.516543
양천구민체육센터.양천일자리센터,126.864239,37.515544
신정7동주민센터.목동12단지,126.860328,37.514182
갈산초등학교정문,126.870109,37.512828
갈산초등학교후문,126.868709,37.511089
갈산초등학교후문,126.869212,37.511288
은정초등학교,126.866703,37.510324
은정초등학교,126.867106,37.510094
목동2차우성아파트,126.86571,37.507198
세양청마루2차아파트,126.864209,37.508451
양천아파트,126.863349,37.508174
봉영여중.목동고입구,126.861841,37.507281
봉영여중.목동고입구,126.861427,37.507391
봉영여중.목동고,126.861816,37.508634
양천어르신종합복지관,126.859178,37.510288
양천구청역,126.866609,37.51287
양천아파트103동앞,126.862762,37.510264
신정네거리해누리분수광장,126.851514,37.521886
신정네거리.신정119안전센터,126.85073,37.522023
동방아파트,126.846325,37.521882
신월종합사회복지관.동방아파트,126.84629,37.521426
신곡시장.금빛새마을금고,126.843743,37.519643
신곡시장.금빛새마을금고,126.84382,37.519285
신한은행신월동지점,126.841603,37.518019
신한은행신월동지점,126.841864,37.517828
양강중학교,126.849994,37.523711
신월2동주민센터입구,126.84569,37.522759
강서초등학교.신월4동주민센터,126.841931,37.521878
한빛종합사회복지관,126.83925,37.521256
신월동남부주유소,126.838585,37.519393
신월2동우체국,126.851248,37.523082
신트리공원앞교차로,126.855949,37.513115
신트리아파트,126.85414,37.512901
정랑고개.양천벤처타운,126.850382,37.511577
신정학마을아파트,126.843963,37.507421
양천고등학교,126.845657,37.509927
계남공원삼거리.계남초교입구,126.85843,37.509753
목동아파트11단지(1117동),126.859907,37.507306
신정1동주민센터.신오새마을금고,126.854371,37.517203
양명초교.신서중,126.855703,37.514305
신트리공원.목동아파트11단지,126.857183,37.51392
목동10단지A상가,126.859677,37.515969
양천문화회관.양천일자리센터,126.862381,37.516933
목동10단지농협,126.856382,37.517801
목동13.14단지사거리,126.8693,37.514514
목동아파트1332동앞,126.868028,37.513527
신서초등학교,126.861841,37.520641
신정1동우체국,126.861673,37.521953
우리은행신정동지점,126.859385,37.521705
목동프라자,126.860278,37.519876
목동10단지,126.856652,37.519087
신정네거리역,126.853403,37.521039
신정네거리역4번출구,126.853398,37.519464
길훈로즈빌아파트,126.871157,37.522433
미래탐구초중학원.종로학원,126.8694,37.52481
목동역5번출구,126.865405,37.525797
목동8단지.등촌지하차도,126.866912,37.520048
양천구청.양천보건소,126.866163,37.518163
목동8단지.한전,126.868329,37.520183
진명여고,126.865104,37.52394
남부법원.검찰청교차로,126.865547,37.52179
남부법원.검찰청교차로,126.865932,37.52185
오목교역7번출구.청학빌딩,126.875315,37.523628
현대아이파크아파트,126.873257,37.521034
목동중학교.서울출입국.외국인청,126.870846,37.519877
오목교역8번출구.대학빌딩,126.872864,37.524726
목동7단지,126.867125,37.525587
제일은행앞,126.8641,37.5193
서울남부지방법원.서울남부지방검찰청,126.863369,37.522194
목동중학교,126.870349,37.519061
목동역7번출구.진명여고,126.864574,37.524507
우리은행신정동지점,126.858713,37.521901
목동역8번출구.목동오거리,126.863107,37.525806
신서고등학교.영상고등학교입구,126.859973,37.525396
신정역(은행정).신정4동주민센터,126.854299,37.52463
신정1동우체국,126.861415,37.522153
서울남부지방법원.서울남부지방검찰청,126.864353,37.522534
신정네거리역,126.853432,37.521277
신서고등학교.영상고등학교앞,126.859449,37.522625
목동제일여성병원,126.851879,37.522474
서울경서농협,126.855173,37.521516
목동역.홍익병원,126.863915,37.52805
목동역.목동오거리,126.862791,37.525959
신서고교.영상고교입구,126.860399,37.525653
신정역(은행정).신정4동주민센터,126.853972,37.524864
양강중학교,126.850553,37.525067
신월문화체육센터,126.835249,37.519969
신월동우성상가,126.833826,37.521781
중부운수앞,126.83078,37.524104
신월문화체육센터,126.836202,37.520117
신월동우성상가,126.83399,37.521718
신정현대6차아파트107동앞,126.840295,37.508058
서울과학수사연구소입구,126.837035,37.522355
신안파크아파트후문,126.828836,37.523926
신안파크아파트후문,126.828914,37.524098
서울과학수사연구소.고강동종점,126.825779,37.523455
신정1동주민센터.신오새마을금고,126.853876,37.517603
신정네거리역,126.852822,37.519853
신트리아파트,126.853868,37.513033
정랑고개.양천벤처타운,126.849855,37.511661
서부트럭터미널.신정동일하이빌아파트,126.842363,37.510935
강신중학교,126.84036,37.515271
남명초교.신정3동주민센터,126.854913,37.515077
금옥중.금옥여고.백암고등학교,126.844583,37.509852
양강중학교,126.85028,37.524862
양강중학교,126.849505,37.52385
신월2동주민센터입구.경창전통시장,126.84604,37.523101
강서초등학교.신월4동주민센터,126.841679,37.522026
한빛종합사회복지관,126.838748,37.521342
서울과학수사연구소입구,126.836962,37.521905
서부트럭터미널.신정동일하이빌아파트,126.8424,37.510089
서부트럭터미널.신정현대아파트,126.842984,37.50836
넓은들공원,126.8392,37.510796
넓은들공원,126.838645,37.511066
신정현대아파트,126.84214,37.508782
신정숲속마을아파트,126.834135,37.506447
신정숲속마을아파트.댓골마을입구,126.835612,37.506764
양천중앙도서관.푸른마을2단지,126.834091,37.514191
양천중앙도서관.푸른마을2단지,126.833988,37.514032
강월초등학교.신월시영아파트,126.83553,37.515731
강월초등학교.신월시영아파트,126.835305,37.515937
강월초교입구사거리,126.837784,37.51636
강월초교입구사거리,126.837858,37.516693
금실어린이공원,126.837774,37.517954
금실어린이공원,126.837853,37.517429
강신중학교,126.839809,37.515863
양서중학교,126.83095,37.531546
신월1동주민센터.신월보건지소,126.831048,37.532181
신월3동주민센터.신월3동우체국,126.828829,37.534665
서부여성발전센터,126.829012,37.535164
가로공원공영주차장.신영시장,126.833027,37.536376
신월사거리.국민은행신월동지점,126.829108,37.535805
서서울호수공원,126.832572,37.529035
서서울호수공원,126.832921,37.529251
하나은행신월동지점,126.837993,37.530477
가로공원공영주차장,126.83258,37.536651
양원초교.광영여고,126.823507,37.539025
국민은행신월동지점,126.829604,37.536215
메디힐병원.서울금융고등학교,126.827777,37.536993
신화중학교,126.831354,37.539651
신월5동주민센터.신월중학교,126.827532,37.539478
신월5동주민센터.신월중학교,126.827618,37.53925
신월중학교입구,126.825283,37.539901
신월중학교입구,126.825658,37.540132
광영고.신동아파밀리에아파트,126.823362,37.539358
서울금융고등학교,126.827025,37.53732
신화중학교,126.830763,37.539355
경창빌딩,126.838582,37.518659
신월시영아파트중문,126.836719,37.519095
신월시영아파트중문,126.836581,37.519084
목원초등학교.서울지방식품의약품안전청,126.881355,37.543037
양천어르신종합복지관,126.859079,37.510412
양서중학교,126.830243,37.532796
양명초등학교,126.857242,37.516083
신목동역.서울지방식품의약품안전청,126.883182,37.543803
목동파라곤,126.875521,37.530069
서부트럭터미널.신정현대아파트,126.842007,37.509011
대일관광고.푸른마을3단지,126.836222,37.511178
대일관광고.푸른마을3단지,126.835885,37.511319
신월문화체육센터,126.836877,37.520512
목동아파트1102동앞,126.860115,37.51158
목동아파트1434동앞,126.871984,37.515661
목동아파트1216동앞,126.862188,37.511505
신월동기점,126.838529,37.529477
목동아파트1218동앞,126.863621,37.511717
양천공영차고지,126.83724,37.508424
서울과학수사연구소.고강동종점,126.825933,37.523631
신월동기점,126.838662,37.529577
양천공영차고지,126.837647,37.508701
신정이펜하우스3단지,126.830415,37.514121
푸른마을1단지아파트,126.835388,37.512653
신정교입구,126.873902,37.518605
중부운수앞,126.830779,37.52422
서남병원.이든채아파트,126.83488,37.512878
신정교입구,126.873617,37.518571
신월청소년문화센터,126.826442,37.535452
계남공원삼거리.계남초교입구,126.857759,37.510124
신목동역.서울지방식품의약품안전청,126.883633,37.543627
신월6차보람아파트,126.835483,37.5298
신월6차보람아파트,126.835242,37.529904
신정이펜하우스2단지,126.830542,37.514503
신정이펜하우스1단지아파트,126.82808,37.513987
이펜하우스1단지.어르신요양센터,126.82882,37.513394
양천어르신요양센터,126.828443,37.513618
신정이펜하우스3.4단지,126.830462,37.511288
서남병원.신정이펜하우스5단지,126.833471,37.511196
푸른마을아파트3단지,126.836588,37.512079
강서보건소.9호선등촌역,126.868048,37.549038
염창역.골든서울호텔,126.876151,37.54687
목2동주민센터,126.87138,37.546177
동일하이빌아파트,126.840816,37.510014
팔복부동산.목동교회,126.870383,37.543895
목동문화체육센터.건영아파트,126.869035,37.541756
한성교회.금옥여고.백암고,126.843065,37.510785
우신웨스트빌.목동보건지소,126.869038,37.539463
대림.수정아파트,126.842443,37.512338
벽산.대주아파트,126.84153,37.51439
성원.극동아파트,126.871647,37.538004
목동센트럴2단지,126.841031,37.51553
목동센트럴1단지,126.840707,37.516427
농협.영도초등학교,126.87055,37.535918
학마을2단지아파트,126.844281,37.508838
한신청구아파트,126.881575,37.53969
학마을2단지아파트,126.844096,37.50896
신정1동주민센터,126.854713,37.518365
목동10단지,126.856625,37.518937
오목교역.대학학원,126.874157,37.524811
목동프라자,126.859371,37.5194
신서초교,126.862167,37.520635
서울남부지법,126.862984,37.521681
한신청구아파트정문,126.881617,37.539818
목동8단지.목동성당,126.868882,37.522598
목동3.4단지사잇길,126.871644,37.532798
용왕산입구,126.873106,37.538088
성원.극동아파트,126.871785,37.538007
목동9단지B상가,126.860685,37.518265
현대아파트.월드메르디앙아파트,126.869913,37.539052
목동프라자,126.859218,37.519508
우신웨스트빌.목동보건지소,126.868808,37.540239
목동문화체육센터.건영아파트,126.869198,37.54185
신정1동주민센터,126.85438,37.518409
팔복부동산.목동교회,126.870499,37.543849
목2동주민센터,126.871333,37.546695
양동중학교,126.868752,37.547522
수명산입구,126.828876,37.543414
거산아파트,126.831971,37.540197
신곡시장,126.842581,37.518745
목동센트럴1단지,126.840471,37.516552
목동센트럴2단지.이마트24,126.840815,37.515745
벽산.대주아파트,126.841348,37.514561
대림.수정아파트,126.84235,37.512299
한성교회.백암고,126.842932,37.511108
동일하이빌아파트,126.840652,37.510144
현대아파트.월드메르디앙아파트,126.870358,37.538712
롯데캐슬아파트.목3동시장,126.867161,37.54815
신정이펜하우스1단지,126.828089,37.51506
서남병원,126.832598,37.51174
신은초등학교,126.833539,37.513338
신은초등학교,126.833666,37.513444
서남병원,126.832526,37.511757
이펜하우스3.4단지,126.829581,37.512049
양천어르신요양센터,126.82891,37.513442
신정이펜하우스1단지.새금성교회,126.828498,37.514453
목동역,126.864285,37.525367
목동역,126.864726,37.525335
갈산초등학교,126.870005,37.512936
갈산초등학교,126.870384,37.513046
화곡입구,126.827222,37.536993
화곡입구,126.827728,37.537099
국립과학수사연구소,126.836615,37.523021
서부트럭터미널,126.843788,37.507827
대일고등학교,126.863878,37.539409
양천공영차고지,126.837418,37.508412
오목교역,126.875144,37.523438
오목교역,126.875376,37.52333
신도림4차e편한세상,126.887744,37.512198
목동현대백화점,126.87418,37.528169
강서양천교육지원청,126.829937,37.541566
신원중학교,126.824801,37.535733
거산아파트,126.831691,37.540717
신월사거리,126.827744,37.535934
염창역.서울도시가스,126.875897,37.547146
염창역.서울도시가스,126.874716,37.546918
등촌역.강서보건소,126.868638,37.548988
등촌역.강서보건소,126.867436,37.549624
등촌중학교.백석초등학교,126.861439,37.552626
등촌중학교.백석초등학교,126.860681,37.552905
강서구청사거리.서울디지털대학교,126.855527,37.554887
강서구청사거리.서울디지털대학교,126.854084,37.555236
KBS스포츠월드,126.850512,37.556782
KBS스포츠월드,126.848927,37.557051
한국가스기술공사,126.845633,37.558022
한국가스기술공사,126.843736,37.557972
발산역,126.83922,37.558502
송정역,126.809825,37.561452
송정역,126.810938,37.561354
"공항중학교.마곡엠밸리9,10단지",126.815548,37.560801
발산역,126.837611,37.558573
마곡역,126.827513,37.559695
마곡역,126.826223,37.559728
"공항중학교.마곡엠밸리9,10단지",126.817153,37.560738
마곡동로사거리,126.833992,37.559073
마곡동로사거리,126.832475,37.559105
강서세무서,126.822199,37.560135
강서세무서,126.82286,37.560161
화원중학교,126.84104,37.537833
가양동탑산문화공원,126.846129,37.565705
서울식물원.식물문화센터,126.835058,37.568337
백석초등학교.한국임업진흥원,126.861654,37.552704
등촌중학교.한국임업진흥원,126.860104,37.552952
강서대학교.강서LG베스트샵,126.856033,37.554845
하이웨이주유소.강서대학교,126.855793,37.554534
서울식물원.숲문화학교,126.834146,37.566228
LG사이언스파크,126.833527,37.561979
강서송도병원,126.843795,37.558193
발산역4번출구,126.839282,37.558627
발산역5번출구,126.839484,37.558211
송정역,126.811408,37.561419
공항중학교.송정역,126.815009,37.561102
송정역4번출구,126.81072,37.561176
송정역,126.809017,37.561679
공항시장,126.808833,37.562265
공항시장,126.80875,37.562423
공항시장역3번출구,126.810949,37.563825
공항시장역.공항성산교회,126.811384,37.564746
방화주유소,126.812731,37.566695
방화2동청성아파트앞,126.811615,37.566976
방신전통시장입구,126.812863,37.569953
마곡우촌아파트,126.811475,37.570023
방신전통시장정문.방화사거리,126.81159,37.572719
방신전통시장정문.방화사거리,126.811341,37.572657
한서고등학교.보람아파트,126.811733,37.57483
한서고등학교.보람아파트,126.811419,37.574816
방화역2번출구,126.812627,37.576742
방화역3번출구,126.812359,37.576912
방화3동주민센터.국립국어원,126.813513,37.57913
방화7단지.국립국어원,126.813354,37.579308
가양역4번출구.가양8단지아파트,126.855912,37.561862
가양역7번출구.마포중고교,126.854204,37.558928
가양역8번출구.마포중고교,126.854194,37.559559
경복비즈니스고등학교,126.853448,37.557528
경복비즈니스고등학교,126.853122,37.557663
강서구청.한국건강관리협회,126.850584,37.552628
강서구청.한국건강관리협회,126.850232,37.552784
우장초등학교,126.848181,37.550353
우장초등학교,126.847753,37.549406
한국폴리텍1.서울강서대학교,126.845275,37.546087
한국폴리텍1.서울강서대학교,126.844732,37.545843
화곡본동시장,126.842628,37.543179
화곡본동시장,126.843251,37.543343
화곡역6번출구,126.838751,37.541038
화곡역7번출구B,126.837006,37.540873
강서구청소년상담복지센터,126.835564,37.540195
화곡푸르지오,126.834479,37.540151
외발산신광명마을,126.821526,37.546065
외발산신광명마을,126.821132,37.545958
강서면허시험장.메이필드호텔,126.819496,37.549684
강서면허시험장.메이필드호텔,126.820226,37.547798
강서농수산물도매시장,126.81998,37.55187
영인운수.차고지,126.817935,37.545335
대한항공.메이필드호텔,126.816818,37.549723
공항동송정중학교,126.814936,37.552777
공항동송정중학교,126.815368,37.55313
국립항공박물관.공항동천주교회,126.811917,37.555638
국립항공박물관.공항동천주교회,126.811943,37.555152
공항동지하도입구,126.808185,37.559087
영인운수.차고지,126.818294,37.545213
방화중학교,126.805917,37.564621
방화동도시개발11단지,126.804202,37.570852
개화119안전센터,126.8026,37.575195
개화119안전센터,126.802225,37.575128
개화역1번출구.개화검문소,126.800345,37.578455
개화역1번출구.개화검문소,126.799788,37.578494
부석마을.상사마을입구,126.798564,37.582493
부석마을.상사마을입구,126.798335,37.58182
영일고등학교.강서도서관,126.863355,37.548989
아이파크아파트.백석중학교.실로암안과,126.862141,37.545145
등촌2동주민센터.등촌동대림아파트,126.862957,37.542088
대일고교.임광아파트.배광교회,126.863587,37.539924
용문사.시립화곡청소년센터,126.863346,37.537097
목동사거리,126.863522,37.533199
목동사거리,126.863609,37.531634
화곡동남부시장,126.858854,37.531836
성석교회,126.857591,37.531512
서울신정초등학교,126.852908,37.531129
서울신정초등학교,126.85253,37.530931
화곡8동주민센터,126.849591,37.530823
화곡8동주민센터.까치산시장,126.84882,37.530589
KT강서지사,126.847517,37.529972
KT강서지사,126.847881,37.529954
화곡동유림아파트,126.844302,37.530479
화곡동유림아파트,126.844428,37.530353
황외과앞,126.837839,37.530963
까치산역2번출구,126.846846,37.531771
까치산역4번출구,126.846193,37.532239
화곡동백구사,126.842522,37.5326
화곡동백구사,126.840794,37.532382
화곡대림아파트,126.838926,37.533003
화곡동대림아파트.화곡중앙시장,126.838324,37.53418
강서문화원.강서K병원,126.837192,37.536773
강서문화원.강서K병원,126.836874,37.53744
강서문화원.강서K병원,126.83667,37.536906
강서문화원.강서K병원,126.836293,37.537179
다운어린이공원.화곡동교회,126.843795,37.532564
화원중학교,126.840433,37.537977
신월초등학교,126.838969,37.538635
신월초등학교,126.839491,37.538965
화곡역5번출구,126.840945,37.540648
화곡역4번출구,126.841122,37.540953
화곡역1번출구,126.839516,37.542798
화곡역8번출구,126.838889,37.542929
대원시장,126.838226,37.544063
대원시장,126.837313,37.544525
화곡중고등학교,126.836222,37.547224
화곡중고등학교,126.836471,37.54742
우장산역1번출구,126.836503,37.549241
우장산역4번출구,126.836228,37.549794
명덕고등학교.서울스타병원,126.836521,37.553094
명덕고등학교.서울스타병원,126.836372,37.553291
발산역.우장산힐스테이트,126.837625,37.556039
발산역.우장산힐스테이트,126.837484,37.556766
발산역2번출구,126.838558,37.56009
발산역3번출구,126.83897,37.56017
서울호서전문학교.등촌주공3단지아파트,126.839465,37.562868
서울호서전문학교.등촌주공3단지아파트,126.839755,37.562662
서울강서우체국,126.840369,37.564567
서울강서우체국,126.840052,37.564567
양천향교역.휴먼빌아파트,126.841602,37.569216
양천향교입구,126.841425,37.57003
가양한강타운아파트,126.843453,37.570403
가양한강타운아파트,126.84381,37.570506
가양2단지성지아파트.동양고등학교,126.846539,37.569628
가양2단지성지아파트.동양고등학교,126.847348,37.569644
한보구암마을아파트,126.849028,37.56877
가양동천주교영등포공업고등학교,126.84965,37.568483
서울서진학교.우체국앞.허준박물관,126.851331,37.566849
탑산초등학교.허준박물관,126.851761,37.566698
가양4단지아파트,126.853291,37.565262
대림경동아파트,126.853216,37.565588
가양5단지아파트,126.85513,37.564242
가양2동강변아파트,126.855638,37.56418
가양6단지아파트,126.857904,37.562946
가양초등학교,126.85982,37.561717
강서구청별관,126.859759,37.561199
가양3동주민센터,126.860753,37.561413
가양9단지아파트,126.863307,37.559812
가양9단지아파트.세현고등학교,126.86361,37.559812
염창동아3차아파트.나이아가라호텔,126.877627,37.549122
염창동아3차아파트,126.877689,37.548817
염창동새마을금고,126.873324,37.550235
염창동새마을금고,126.872794,37.550157
염창동한마음.관음삼성아파트,126.869719,37.553047
염창동관음삼성아파트,126.869358,37.55293
태영.삼성한사랑아파트,126.865457,37.555065
금호.한솔아파트,126.865485,37.555447
블루나인비지니스센터,126.863744,37.556243
블루나인비지니스센터,126.863919,37.556507
증미역1번출구.강서소방서,126.861435,37.557863
증미역3번출구.강서소방서,126.861719,37.557231
가양역6번출구.현대프린스텔,126.85635,37.56022
가양역5번출구.현대아파트,126.856727,37.560412
가양역9번출구.우성아파트,126.853974,37.561452
가양역1번출구.우성아파트,126.853228,37.562223
SBS공개홀,126.8508,37.563489
SBS공개홀,126.849849,37.563659
가양4.5단지상가앞,126.852627,37.564085
서울서진학교,126.849851,37.565616
등촌동대림아파트,126.848394,37.564405
강서한강자이아파트,126.847871,37.565015
가양동문화공원,126.844935,37.566654
가양동문화공원,126.844063,37.566813
양천향교역1번출구.양천초교,126.840356,37.569105
양천향교역8번출구.양천초교,126.840489,37.568749
겸재정선미술관.서울식물원,126.838569,37.569778
겸재정선미술관.서울식물원,126.837295,37.570773
마곡실내배드민턴장,126.829847,37.572619
마곡실내배드민턴장,126.831956,37.572675
서남물재생센터,126.827319,37.573005
서남물재생센터,126.827158,37.57277
서남환경공원.마곡청구아파트,126.823329,37.573282
서남환경공원.마곡청구아파트,126.822208,37.573137
방화2단지아파트,126.81844,37.573256
방화2단지아파트,126.818829,37.573514
방화동동부센트레빌아파트,126.813864,37.573323
방화동동부센트레빌아파트,126.814217,37.573528
한서고등학교.방화사거리,126.810512,37.573128
한서고등학교.방화사거리,126.809421,37.573162
개화산역2번출구,126.806172,37.572521
개화초교.개화산역2번출구,126.805346,37.572655
한강버스마곡선착장,126.842988,37.573494
등촌3동천주교회,126.845798,37.560081
등촌3동천주교회,126.846035,37.559958
등촌3동5단지아파트.등촌고등학교,126.84519,37.561745
등촌3동5단지아파트.등촌고등학교,126.845205,37.561949
등촌3동주공4단지아파트,126.843181,37.562429
등촌동부영아파트,126.84275,37.562722
등촌3동주공10단지아파트,126.847415,37.561966
등촌3동대림아파트,126.84749,37.56259
마곡13단지힐스테이트아파트,126.817966,37.556696
서울디지털콘텐츠고등학교,126.816627,37.575529
방화1.2단지아파트,126.816882,37.575223
서울백영고등학교,126.816832,37.569517
서울백영고등학교,126.816406,37.569091
공항중학교.신성교회,126.816266,37.563189
공항중학교.마곡엠밸리9단지,126.81676,37.562458
양천향교역7번출구,126.840749,37.567
방신전통시장입구,126.81266,37.570053
방화주유소,126.812529,37.566691
제과점앞,126.809942,37.560211
공항동천주교회,126.811612,37.557387
강서한방병원,126.839032,37.530126
강서한방병원,126.839341,37.529993
강서한강자이아파트,126.850072,37.566365
강서구청별관,126.859807,37.561162
우장산동주민센터,126.841576,37.547925
블리스빌,126.844226,37.546915
우장산투웨니퍼스트오피스텔,126.84579,37.547199
가양7단지상가,126.861713,37.560708
등촌주공9단지,126.850602,37.561643
강서구민올림픽체육센터,126.850182,37.559912
등촌주공6단지,126.848477,37.560553
등현초등학교,126.84727,37.561103
가양7단지상가앞,126.861831,37.560749
우장산휴먼빌아파트,126.843478,37.547438
우장산동주민센터,126.841406,37.548076
우장산아이파크이편한세상,126.837021,37.548002
우장산파크빌,126.845333,37.546653
강서힐스테이트아파트,126.836963,37.547853
등촌주공6단지앞,126.848447,37.560355
강서구민올림픽체육센터,126.850322,37.559795
등촌주공8단지상가,126.850932,37.561875
가양4.5단지상가앞,126.852823,37.563943
삼정그린코아아파트,126.811701,37.571596
강서농협,126.812887,37.568322
강서농협,126.812767,37.568388
서울방화초등학교,126.805304,37.568165
공항동주민센터,126.810557,37.55883
공항동성당,126.812261,37.556398
마곡나루역4번출구.서울식물원,126.827773,37.565254
마곡나루역5번출구.서울식물원,126.827501,37.565369
마곡역4번출구,126.828573,37.55935
이대서울병원,126.83483,37.55874
김포공항국내선(6번홈),126.804207,37.558742
김포공항국내선(2번홈),126.804647,37.558391
김포공항국제선,126.801112,37.56531
김포공항국제선,126.801031,37.564998
발산역7번출구,126.837903,37.557738
신방화역5번출구,126.817448,37.567395
마곡엠밸리6.7단지.마곡중학교,126.82145,37.567108
마곡나루역1번출구,126.8258,37.566754
마곡역,126.826863,37.56108
마곡역,126.827203,37.560522
마곡나루역1번출구.웰튼병원,126.826556,37.566956
마곡동로사거리,126.831496,37.559467
마곡엠밸리11.12단지,126.821571,37.560064
마곡13단지힐스테이트후문,126.818736,37.556634
공진초등학교,126.821643,37.558432
김포공항국내선(4번홈),126.804569,37.558517
송정역,126.812279,37.561316
외발산동기점,126.821332,37.545209
김포공항국내선(7번홈),126.803805,37.559077
한국공항공사,126.798872,37.562433
한국공항공사,126.798762,37.562522
개화동상사마을종점,126.80181,37.588697
마곡수명산파크7단지,126.823065,37.549219
마곡수명산파크5단지6단지,126.825355,37.551308
마곡수명산파크2단지,126.826423,37.554907
마곡수명산파크2단지,126.826058,37.554787
마곡수명산파크3단지4단지,126.825223,37.551685
마곡수명산파크7단지,126.822762,37.549322
마곡역6번출구,126.825491,37.559571
마곡역2번출구,126.825875,37.559992
화곡2동주민센터,126.855223,37.531377
화곡2동주민센터,126.854484,37.531176
마곡엠밸리14단지아파트,126.826412,37.557467
마곡엠밸리15단지아파트,126.82675,37.557439
발산역9번출구,126.836514,37.558919
공항동주민센터,126.810619,37.558964
신방화사거리,126.816922,37.572868
신방화사거리,126.816535,37.572786
마곡우촌아파트,126.811713,37.570135
개화역광역환승센터,126.797811,37.57845
개화역광역환승센터,126.797978,37.57822
방화2동청성아파트,126.811893,37.566564
핑크힐병원,126.875559,37.549315
롯데몰.김포공항역,126.803023,37.56238
송정중학교정문,126.816229,37.554337
염창동주민센터,126.871127,37.55368
세븐일레븐강서메인점,126.856133,37.535149
강원슈퍼,126.856929,37.535661
화곡보람3차아파트,126.858238,37.536495
에이엔케슬,126.859169,37.537136
한광고,126.858481,37.537793
서울신정고등학교,126.857541,37.537284
명지해드는터아파트,126.856471,37.536636
동우아트빌,126.855933,37.536469
미주아파트,126.854937,37.537414
방송인아파트,126.854109,37.537033
곰달래약국,126.858041,37.53152
중앙하이츠빌라,126.858189,37.530764
곰달래아파트,126.85658,37.529658
삼성아파트,126.854128,37.529219
은창아파트,126.851883,37.528935
화곡전화국,126.847908,37.529476
까치산역4번출구,126.846066,37.532643
까치산시장,126.846278,37.533743
화곡탑건진선미아파트,126.846709,37.536181
GS화곡개나리점,126.848008,37.536642
빨래터세탁소,126.849162,37.537169
공작세탁소,126.854574,37.536592
주영렉스빌,126.855148,37.536047
세븐일레븐강서메인점,126.855998,37.534843
국민약국,126.857847,37.531754
주영렉스빌,126.855046,37.535898
약수터,126.851639,37.538778
신광명마을,126.824069,37.547108
수명중고등학교,126.824095,37.549302
마곡.수명산파크4단지,126.824487,37.550615
방화중학교,126.806558,37.564267
한마음아파트,126.868023,37.555108
우성아파트앞,126.8709,37.555516
우성아파트,126.870949,37.555562
봉제산정상,126.851795,37.53667
생태공원,126.818541,37.583434
NC백화점앞,126.840247,37.559476
염창역1번출구.강서평생학습관,126.873756,37.547298
명지해드는터아파트,126.856358,37.536764
하이웨이주유소,126.85428,37.554469
서광아파트,126.819443,37.578833
마곡엠밸리7단지앞,126.824465,37.565421
대림아파트,126.875141,37.54833
하나마트,126.853102,37.552492
정곡초교,126.818617,37.576001
등명중학교,126.842961,37.559095
동아3차아파트,126.876029,37.549462
미주아파트,126.855102,37.537505
백연공원,126.852088,37.550629
방화4단지,126.813403,37.576745
등촌3동성당사거리,126.845865,37.558826
새마을금고,126.873276,37.550238
방송인아파트,126.854056,37.537197
강서대학교,126.851224,37.549479
방화3동주민센터,126.813948,37.578176
등촌6단지,126.847678,37.55957
관음삼성.보람더하임아파트,126.870383,37.552422
공작세탁소,126.854381,37.536466
골목시장,126.850236,37.548619
염창중학교,126.870934,37.553352
세븐일레븐강서메인점,126.855856,37.535057
SK브로드밴드강서방송,126.849284,37.54781
정곡초교,126.819572,37.575847
강서세무서.공항초교,126.820609,37.562005
남부시장,126.857698,37.53252
수정빌딩,126.847544,37.545808
다솔마을,126.816664,37.555154
화곡유치원,126.846133,37.544422
마곡엠밸리14단지,126.82567,37.558036
등촌7단지아파트,126.853036,37.561263
삼천리아파트,126.869849,37.556174
화곡중앙하이츠빌라,126.858042,37.530748
본동시장,126.84422,37.542831
마곡엠밸리14단지,126.824727,37.558324
한서고등학교.보람아파트,126.811493,37.574867
한마음아파트,126.867815,37.555045
곰달래아파트,126.857215,37.529794
본동사무소,126.847735,37.542702
볏골어린이공원,126.841976,37.540968
방신전통시장앞,126.812587,37.573342
마곡엠밸리11.12단지상가,126.821037,37.558663
삼성아파트,126.854212,37.529434
거성빌라,126.849074,37.542179
마곡13단지힐스테이트상가,126.820138,37.558364
겸재정선미술관입구,126.837411,37.572225
한국건강관리협회,126.850997,37.553825
증미역2번출구,126.862608,37.55718
은창아파트,126.851807,37.529121
강서구립봉제산어르신복지센터,126.850291,37.541773
본동시장.새마을금고본점,126.842742,37.542819
금호APT,126.83712,37.57434
강서구청입구,126.849614,37.553204
등촌강변샤르망오피스텔,126.857149,37.558625
대영마트,126.851055,37.540575
우체국,126.845932,37.544194
벽산아파트,126.836759,37.575564
우장산꿈에그린아파트,126.8478,37.553292
등촌현대아파트,126.855086,37.556617
까치산역1번출구,126.846335,37.532606
정은파크빌,126.851417,37.540006
화곡초교,126.846557,37.543585
벽산아파트,126.836681,37.575739
롯데3차APT,126.846577,37.552872
하이웨이주유소,126.854085,37.555591
까치산시장,126.84608,37.533541
약수터,126.851508,37.538772
금호APT,126.83696,37.574294
강서구민회관,126.844271,37.553066
선교교회,126.847761,37.534342
겸재정선미술관입구,126.83743,37.571831
발산어린이집,126.841654,37.554367
화곡탑건진선미아파트,126.846819,37.535993
삼거리,126.850132,37.537388
롯데1차,126.840979,37.554513
GS화곡개나리점,126.848044,37.536567
내발산복합복지센터,126.83998,37.554532
빨래터세탁소,126.849238,37.536963
안골공원,126.851259,37.535932
우장산월드메르디앙아파트,126.837889,37.55479
방화동동부센트레빌아파트,126.813811,37.573369
삼거리,126.850233,37.537337
강남슈퍼,126.851024,37.535194
프라임마트,126.818238,37.572874
태창아파트,126.850856,37.537577
신정초교,126.851208,37.532597
정은파크빌,126.851507,37.540028
마곡한솔솔파크,126.82266,37.570045
가양역,126.856651,37.56045
길훈아파트,126.822572,37.568684
마곡중학교,126.820558,37.568962
김포공항국내선(9번홈),126.803279,37.559511
마곡나루역,126.827792,37.567223
롯데R&D센터,126.828427,37.571319
마곡나루역,126.828066,37.567163
대한항공,126.815062,37.549983
LG사이언스파크,126.833984,37.562765
마곡엠밸리1단지,126.819153,37.567809
마곡나루역1번출구,126.825817,37.566686
마곡나루역5번출구,126.827478,37.565315
대한항공.메이필드호텔,126.816483,37.549889
서울식물원.숲문화학교,126.834511,37.566316
마곡역2번출구,126.825997,37.559963
강서세무서.공항초교,126.820934,37.561902
강서세무서,126.821395,37.562356
마곡엠밸리7단지입구,126.824676,37.565172
마곡엠밸리7단지,126.823575,37.56717
마곡엠밸리3단지입구,126.819997,37.567457
마곡중학교후문,126.820822,37.568637
길훈아파트,126.8227,37.568833
마곡한솔솔파크,126.822844,37.569673
프라임마트,126.818187,37.572986
방화동동부센트레빌아파트,126.814202,37.573524
방신전통시장앞,126.81292,37.573612
한서고등학교.보람아파트,126.811749,37.575012
동아1.2차아파트,126.871881,37.554667
약수터,126.85152,37.538284
동아1.2차아파트,126.872063,37.554659
화곡역7번출구A,126.838773,37.54133
마곡우림필유아파트,126.820665,37.572019
마곡우림필유아파트,126.820268,37.572049
대영마트,126.851143,37.540598
롯데R&D센터,126.828545,37.570312
마곡엠밸리7단지.712동,126.823522,37.567176
신방화역4번출구.마곡중학교,126.819924,37.56745
신방화역7번출구,126.816377,37.56661
마곡엠밸리4단지,126.824981,37.568932
신방화역6번출구.마곡엠밸리5단지,126.816778,37.566192
화곡중앙골목시장,126.837776,37.534702
송화벽화시장,126.835252,37.547982
삼천리아파트,126.869805,37.556112
LG주유소,126.857746,37.53153
오쇠동꽃단지,126.797864,37.538221
오쇠동꽃단지,126.797494,37.538209
강서구립봉제산어르신복지센터,126.850392,37.541778
화곡중.고등학교,126.833277,37.548016
증미역,126.863635,37.55669
삼거리,126.850105,37.53718
남부시장,126.857807,37.532536
송정역,126.809145,37.561344
거성빌라,126.849591,37.542196
김포공항국내선(10번홈),126.803042,37.559678
강서면허시험장,126.818828,37.550273
염창역.골든서울호텔,126.876193,37.547257
덕원여자고등학교.덕원예술고등학교,126.832174,37.549251
증미역,126.86384,37.556287
봉제산정상,126.851612,37.536678
성우빌딩,126.857556,37.533627
발산초등학교,126.831418,37.550788
김포공항국내선(5번홈),126.804361,37.558644
로미오이발클럽,126.853037,37.536035
강서면허시험장메이필트호텔,126.818191,37.550248
강서구의회,126.862143,37.545184
강서구의회,126.862906,37.546349
대일고등학교,126.863475,37.539009
목동사거리,126.863681,37.530675
김포공항국제선,126.802176,37.565871
강서면허시험장.강서농수산물시장,126.818468,37.550098
염창역2번출구,126.87631,37.547248
태영송화아파트,126.867514,37.553875
김포공항국제선,126.801935,37.565706
세븐일레븐강서메인점,126.856275,37.534925
화곡초교,126.84677,37.543428
수명산근린공원,126.830814,37.552013
관음삼성.보람더하임아파트,126.870351,37.552052
청송평화아파트,126.853736,37.5353
아람마트,126.854962,37.534407
마곡수명산파크1단지앞,126.829825,37.553419
새마을금고,126.872418,37.55039
성심사,126.854175,37.533689
성심사,126.854019,37.533831
마곡.수명산파크2단지,126.82786,37.553618
아람마트,126.855059,37.53428
현대빌라,126.853912,37.534438
화곡역7번출구,126.838655,37.54127
마곡.수명산파크3단지,126.825898,37.553186
청송평화아파트,126.853828,37.535221
마곡수명산파크3단지.4단지,126.825241,37.551745
화곡보람3차아파트,126.858382,37.536395
로미오이발클럽,126.853119,37.536157
푸르지오APT,126.831122,37.541858
염동초교.염창보람더하임아파트,126.870437,37.552058
에이엔케슬,126.859361,37.537226
염동초교.염창보람더하임아파트,126.870606,37.552274
화곡유치원,126.846232,37.544244
나이아가라.골든서울호텔,126.87784,37.548858
한광고,126.858651,37.53789
수정빌딩,126.847645,37.54568
마곡수명산파크7단지정문,126.824229,37.54797
서울신정고등학교,126.857473,37.53746
SK브로드밴드강서방송,126.849183,37.547587
나이아가라.골든서울호텔,126.877893,37.549126
골목시장,126.850225,37.548475
서울자동차학원,126.821596,37.546905
강서대학교,126.851313,37.549401
백연공원,126.852199,37.550627
하나마트,126.853195,37.552447
강서구청후문,126.850225,37.550456
화곡보람2차아파트,126.854026,37.553885
화곡6동주민센터,126.850727,37.551573
본동사무소,126.847722,37.542808
황제참치,126.851476,37.552774
청과시장2,126.821217,37.551854
콘티넨탈호텔,126.852242,37.554091
강서면허시험장,126.819107,37.549501
등촌역1번출구,126.862806,37.5522
발산역3번출구,126.83863,37.559246
마곡수명산파크7단지상가,126.821878,37.547383
마곡수명산파크7단지정문,126.824277,37.547851
수명중.고등학교,126.824169,37.550068
기업은행,126.840861,37.566088
마곡수명산파크5단지.6단지,126.825397,37.551408
김포공항국내선(11-2번홈),126.802705,37.559957
마곡수명산파크상가,126.826199,37.553341
2.8공원,126.83789,37.570708
마곡수명산파크5단지아파트,126.828131,37.553472
김포공항국내선(11-3번홈),126.802614,37.560016
수명산파크1단지아파트앞,126.829739,37.553258
수명산근린공원,126.830908,37.551571
발산초등학교,126.831836,37.549627
2.8공원,126.837737,37.570747
화곡중.고등학교,126.833124,37.547876
송화벽화시장,126.835319,37.547871
우장산월드메르디앙아파트,126.837944,37.554625
내발산복합복지센터,126.839511,37.554471
롯데1차,126.840485,37.554371
김포공항국제선(1경기),126.801332,37.565277
발산어린이집,126.841557,37.55427
강서구민회관,126.844205,37.552884
방화3동주민센터,126.813655,37.578386
롯데3차APT,126.846457,37.552741
방화동삼익아파트,126.813228,37.576807
공영주차장,126.847838,37.553187
강서구청입구,126.849806,37.553128
서광아파트,126.819651,37.578833
생태공원,126.818577,37.583482
등촌7단지,126.853503,37.561259
등촌미주.진로아파트,126.847747,37.559907
등촌3동성당사거리,126.845636,37.558963
등촌5단지,126.843916,37.559142
원당근린공원앞,126.841774,37.55935
발산역.NC백화점,126.839459,37.559745
동우아트빌,126.856074,37.536568
태창아파트,126.850788,37.537754
김포공항역3번출구,126.801792,37.562538
강서농수산물도매시장,126.818103,37.553498
강서농수산물도매시장종점,126.822673,37.554517
등촌동주공9단지,126.849752,37.562918
등촌주공9단지,126.849983,37.562735
등촌동주공8단지,126.85139,37.562101
국립항공박물관,126.807681,37.556331
등촌주공8단지,126.8521,37.561624
대한항공화물청사,126.813221,37.551432
대한항공훈련센터,126.813175,37.546288
김포공항화물청사,126.811261,37.55342
김포공항세관.국립항공박물관,126.808068,37.555661
강원슈퍼,126.857026,37.535516
대한항공,126.814569,37.550734
대한항공.메이필드호텔,126.816854,37.549578
김포공항국제선,126.80081,37.564886
신도림역,126.889223,37.509676
신도림역,126.888464,37.509108
신도림동.구로역,126.883979,37.506002
신도림동.구로역,126.883228,37.505344
구일역.중앙유통상가,126.8747,37.499881
구일역.제일제당,126.874536,37.499703
동양미래대학.구로성심병원,126.867998,37.499634
동양미래대학.구로성심병원,126.867019,37.499376
개봉역.영화아파트,126.860179,37.496907
개봉역.한마을아파트,126.862057,37.496477
경인중학교.개봉사거리,126.855423,37.497383
경인중학교.개봉사거리,126.855132,37.497171
구로디지털단지역,126.901548,37.483099
신도림역,126.892116,37.506546
신도림역,126.891571,37.507016
서울미래초등학교,126.889452,37.505102
서울미래초등학교,126.889449,37.505305
한국SGI,126.889782,37.502477
거리공원.구로신협본점앞,126.888549,37.50278
거리공원,126.891835,37.499974
구로도서관.대성스카이렉스,126.891076,37.499564
구로고등학교,126.891577,37.496568
영림중학교,126.891623,37.496914
구로구청,126.887927,37.494562
구로구청,126.887604,37.494751
고대구로병원후문,126.884566,37.493232
대림역,126.893977,37.490946
대림역,126.893799,37.491137
영서중학교,126.892203,37.489831
영서중학교,126.892336,37.490201
구로두산아파트,126.890072,37.488807
구로종합사회복지관,126.889168,37.487893
남구로역2번출구,126.886787,37.485278
남구로역5번출구.구로4동자치회관,126.886453,37.48531
지밸리비즈플라자.이마트구로점,126.896754,37.484141
고용노동부관악지청.이마트구로점,126.89805,37.483651
디지털산업1단지,126.895039,37.483851
디지털산업1단지,126.894764,37.483966
하이엔드1차·보건지소·치매센터,126.89293,37.481748
지하이시티·보건지소·치매센터,126.892635,37.481698
디지털단지오거리,126.890884,37.480022
디지털단지오거리,126.890398,37.479933
퀸즈빌,126.833311,37.487516
가리봉시장,126.887128,37.483008
가리봉시장,126.886993,37.482429
남구로역3번출구,126.886268,37.48418
남구로역,126.885645,37.486098
구로시장,126.884862,37.487991
구로시장,126.88461,37.48798
구로4동우체국.고대구로병원정문,126.88424,37.490248
구로4동우체국.고대구로병원정문,126.884065,37.489902
구로119안전센터,126.883231,37.493784
구로119안전센터,126.882956,37.493836
우리유앤미아파트,126.882384,37.496774
구로변전소.구로초등학교,126.884077,37.497789
구로2동성당,126.882334,37.499574
구로역·NC신구로점,126.882849,37.500038
구로역·NC신구로점,126.882581,37.500846
구로역.구로기계공구상가,126.879309,37.503568
구로역.구로기계공구상가,126.878999,37.503417
기업은행구로중앙지점,126.877402,37.505166
기업은행구로중앙지점,126.877244,37.504873
두암빌라,126.825716,37.495086
항동우남퍼스트빌,126.819013,37.476616
신도림중학교,126.884953,37.506494
신도림중학교,126.884705,37.506772
구로역,126.882277,37.50455
구로역,126.88214,37.504845
초롱타운회전교차로,126.879838,37.495703
솔길공원,126.880365,37.489291
GS25,126.88021,37.492883
한일유앤아이아파트,126.876035,37.485646
항동우남퍼스트빌,126.818753,37.476682
구로SKV1지식산업센터,126.817186,37.477689
구로SKV1.제일풍경채포레스트,126.817093,37.47758
하늘도서관,126.880881,37.486117
개봉사거리,126.857297,37.497145
경인중학교,126.8563,37.496895
개봉치안센터,126.851858,37.498196
오류1동주민센터.오류문화센터,126.846142,37.496838
오류1동주민센터.오류문화센터,126.844651,37.496531
오류동역,126.84336,37.495692
오류동역,126.842537,37.495602
씨티월드,126.840683,37.494463
오류지구대.텃골,126.839465,37.494265
서울가든빌라앞,126.831108,37.491203
서울가든빌라앞,126.831671,37.491563
성공회대학교.유한공고앞,126.825044,37.489447
소공원사거리.영풍마드레빌아파트,126.839538,37.491131
연세중앙교회,126.835423,37.493108
궁동청소년문화의집,126.83282,37.493324
궁동청소년문화의집.구로검사소,126.833632,37.493133
우신중고등학교,126.830847,37.4933
우신중고등학교,126.830451,37.493063
온수역,126.82376,37.492802
온수역,126.824401,37.492777
온수동새마을금고,126.824387,37.496056
정진학교.온수힐스테이트아파트,126.822146,37.496975
수궁동주민센터,126.830866,37.494651
수궁동주민센터,126.830853,37.494359
수궁119안전센터,126.829596,37.496815
수궁119안전센터,126.829334,37.496784
예림디자인고.오류고.서울공연예술고,126.829242,37.498605
예림디자인고.오류고.서울공연예술고,126.82904,37.4984
서서울생활과학고.궁동도서관,126.828971,37.502839
서서울생활과학고.궁동도서관,126.829184,37.502204
오남중학교.삼미주택,126.836798,37.488533
오남중학교,126.837157,37.488104
구로2동지하차도입구,126.881254,37.490197
구로우체국.이펜하우스5단지후문,126.842281,37.481946
천왕역4번출구,126.839371,37.485941
오류2동주민센터,126.839782,37.488643
오류2동주민센터,126.839681,37.488887
오류2동새마을금고,126.840651,37.490523
오류2동새마을금고,126.840572,37.490622
대원주유소,126.85653,37.486934
대원주유소,126.856185,37.487358
현대아파트.개봉중앙시장,126.856131,37.490757
현대아파트.개봉중앙시장,126.855866,37.490534
덕의초등학교,126.85944,37.506338
덕의초등학교,126.858358,37.506158
고척근린공원,126.855298,37.504722
고척근린공원.고척도서관,126.854469,37.504634
세곡초등학교,126.849842,37.502668
세곡초등학교,126.850607,37.503182
개봉푸르지오아파트,126.847831,37.502137
개봉푸르지오아파트,126.848053,37.501994
고척근린시장,126.850809,37.501123
용두연립,126.851795,37.499002
우리유엔미아파트,126.882634,37.497215
구로2동성당,126.882579,37.499838
고척파크푸르지오아파트,126.859314,37.507542
매봉초등학교,126.845109,37.50415
고척시장,126.861942,37.503851
고척시장,126.861991,37.503137
고척중학교,126.863865,37.500466
고척중학교,126.863242,37.500967
구로디지털단지역,126.901646,37.48349
삼부르네상스.효성아파트,126.894636,37.478744
구일우성아파트,126.875701,37.489498
구일우성아파트,126.875812,37.49013
개봉역,126.856724,37.493979
개봉역,126.85757,37.493484
개봉1동사거리.개봉푸르지오아파트,126.846795,37.501413
개봉1동사거리.호반써밋개봉,126.846915,37.50047
구로1동우체국,126.874503,37.491568
구일우성아파트,126.876261,37.488715
디지털단지입구,126.876458,37.486424
구로보건소,126.889172,37.500231
궁동삼거리,126.828451,37.506401
구일우성아파트,126.875826,37.489743
개봉역,126.857,37.493447
웰크론,126.893855,37.482906
남구로역2번출구,126.887371,37.484932
개봉고가,126.855585,37.493656
구로남초등학교,126.891011,37.48399
연세중앙교회,126.835981,37.493303
가리봉파출소,126.891741,37.479246
동양빌라,126.831597,37.49519
남구로역6번출구,126.888567,37.487732
궁동입구,126.83408,37.493439
신도림현대아파트,126.886618,37.504635
롯데아파트,126.884725,37.502823
구로역1번출구.NC신구로점,126.882557,37.501827
롯데아파트,126.88475,37.502721
제중요양병원,126.886615,37.503615
구로역1번출구,126.882775,37.502071
화원복지관.구로중앙하이츠아파트,126.87982,37.498287
신동아미래지움아파트,126.880376,37.500121
초롱타운아파트,126.880012,37.495829
한양수자인아파트앞,126.824629,37.478107
온수동종점,126.821273,37.491642
온수동종점,126.821218,37.491968
구로구청,126.888481,37.495929
대림역3번출구,126.894374,37.493501
구로중학교,126.890808,37.493093
우신중고등학교후문,126.824903,37.496044
동양빌라,126.831301,37.495317
궁동입구,126.834217,37.493455
동부골든아파트,126.840162,37.498731
거성푸르뫼아파트,126.84332,37.500322
거성푸르뫼아파트,126.843553,37.500616
오류동삼거리,126.840878,37.49537
오류동삼거리,126.840776,37.495268
동부골든.한신플러스타운,126.840383,37.498632
구로역.신구로자이나인스에비뉴,126.88348,37.499823
개봉1동사거리,126.845371,37.501211
개봉1동사거리,126.845533,37.501068
동부골든아파트후문,126.842311,37.50008
동부골든아파트후문,126.841915,37.499568
항동하버라인3단지,126.822943,37.478747
항동하버라인3단지,126.823045,37.479161
푸른수목원,126.824438,37.481495
항동복합행정센터,126.822093,37.479631
푸른수목원,126.824552,37.48119
항동복합행정센터,126.82228,37.47952
푸른수목원후문.저수지앞,126.822425,37.48429
매화빌라,126.823155,37.476654
그린빌라정문,126.823432,37.486043
매화빌라,126.823319,37.476712
푸른수목원후문.저수지앞,126.822293,37.483782
항동중흥S클래스,126.821601,37.481084
항동하버라인2단지,126.821657,37.481277
디지털단지오거리,126.888753,37.480115
연지타운2단지,126.840833,37.483731
연지타운2단지,126.84123,37.4838
원각사입구,126.829526,37.500557
삼각공원,126.89252,37.501853
고척고교.한일유앤아이.삼익아파트,126.852461,37.508236
삼덕마을입구,126.85008,37.50748
삼덕마을입구,126.850102,37.507341
그랜드아파트.홍진연립,126.847951,37.508083
오류중학교,126.846911,37.507975
연지마을,126.84227,37.482763
경남아너스빌아파트,126.839452,37.490846
서울남부교정시설,126.839734,37.476881
오류남초등학교후문,126.837191,37.489316
서울남부교정시설입구,126.841644,37.476795
천왕이펜하우스6단지후문,126.841954,37.477261
미래여성병원,126.840203,37.491285
동부그린아파트,126.832299,37.490048
오류동푸르지오아파트.송기산내과의원,126.841559,37.491298
1호선구일역,126.872234,37.495476
SK허브수.한신아파트,126.873386,37.495483
그린빌라정문,126.823438,37.485846
경서농협앞,126.863948,37.502674
고척고교.한일유앤아이.삼익아파트,126.852643,37.508036
개봉소공원.호반써밋개봉아파트,126.846883,37.500312
구로디지털단지역,126.901495,37.484484
천왕역3번출구,126.838619,37.487193
대림역4번출구,126.89419,37.494408
동아1차아파트105동,126.882003,37.510083
오류동역.시장입구,126.843811,37.493467
개봉한진아파트.기점,126.852077,37.486047
개봉역,126.858686,37.495112
개봉역,126.858128,37.495034
구.사조참치,126.900046,37.483175
신도림중학교,126.884444,37.510697
개봉사거리,126.855917,37.497441
우리은행앞,126.84346,37.492266
123전자타운.2001아울렛,126.862339,37.497097
개봉3동주민센터,126.854016,37.486161
국민은행.구로구민회관.구로아트밸리,126.889684,37.495821
1호선구일역,126.872228,37.495305
용두연립,126.852061,37.498799
남부종합상가,126.842481,37.491665
고척공구상가,126.860665,37.498506
개봉전화국,126.856007,37.486358
세븐일레븐편의점,126.85571,37.491652
대림6차.태영프라자,126.883187,37.506252
고척초등학교,126.858036,37.499641
개봉1동주민센터,126.851015,37.500386
보람아파트,126.896874,37.486285
개봉역.림괄아파트,126.858684,37.493882
덕의초등학교.고척동성당,126.857652,37.505642
이마트,126.854009,37.491571
구로고대병원정문,126.883465,37.492351
대림5차아파트.신도림주민센터,126.881361,37.507449
세곡초등학교,126.849364,37.502716
새마을금고사거리,126.859043,37.501699
삼환로즈빌아파트,126.856783,37.498885
낙원할인마트,126.849537,37.499978
오류고등학교.수궁동복지회관,126.828652,37.498761
경북슈퍼마켓,126.856838,37.488178
오류동삼거리,126.840427,37.495676
대림5차아파트702동,126.879686,37.507659
서울가든아파트,126.860358,37.501074
성화단지앞,126.855746,37.50046
현대별장맨션타운4차.덕성교회,126.82655,37.498153
구로2동지하차도입구,126.881173,37.490164
대림3차아파트,126.8785,37.506881
고척1동주민센터.한효아파트,126.862083,37.500775
대우아파트,126.856127,37.502356
개봉1치안센터,126.846979,37.503377
우신중고후문,126.825511,37.496007
항동중학교,126.822025,37.483237
항동중학교,126.821535,37.482758
한일유엔아이APT.현대로얄APT,126.876544,37.48599
신도림미성아파트,126.876481,37.506004
금강수목원아파트정문.동도아트빌,126.832499,37.489296
청구아파트후문,126.863507,37.501146
경남아파트앞,126.856411,37.503916
삼원목욕탕,126.846294,37.504724
온수초교후문,126.824785,37.494345
월드아파트,126.876848,37.505388
서해그랑블아파트.금강수목원아파트후문,126.830946,37.48832
고척시장,126.862377,37.503104
양우아파트,126.855919,37.504874
경북슈퍼마켓,126.856916,37.488109
오류중학교,126.845401,37.506497
온수역,126.825091,37.492955
센츄리아파트,126.861266,37.504966
고척2동주민센터.고척지구대,126.858509,37.506604
철산교앞,126.859418,37.488093
우신중고후문,126.825514,37.495872
오류동교회,126.839635,37.49673
리가아파트,126.860804,37.506059
덕의공원,126.855762,37.506879
현대IPARK후문,126.860086,37.488917
건강약국,126.844646,37.502796
현대별장맨션타운4차.덕성교회,126.826654,37.498105
항아리,126.886431,37.498676
한일유앤아이아파트,126.87595,37.485618
럭비구장,126.826998,37.491279
세양청마루아파트,126.862395,37.506723
진성아파트,126.855089,37.507073
현대IPARK정문,126.860909,37.491044
개봉전화국,126.856012,37.486443
개봉중학교,126.84296,37.5023
오류중학교,126.845263,37.506498
오류고등학교.수궁동복지회관,126.828402,37.498671
온수역,126.823823,37.492037
경남1차.중앙하이츠아파트,126.863013,37.505363
구민체육센터후문,126.853961,37.507527
현대2차APT,126.860544,37.491881
개봉3동주민센터,126.854008,37.486274
건강약국,126.844706,37.502665
삼원목욕탕,126.846185,37.50471
거성아파트,126.85077,37.489861
GS25.한신아파트,126.874043,37.495734
구로고.구로도서관,126.890803,37.49857
천왕역1번출구,126.839175,37.485766
오류동역2번출구,126.843791,37.493629
미래빌라,126.84199,37.492708
우림필유아파트,126.847189,37.494245
동부에이스,126.849717,37.494903
개봉푸르지오후문,126.849164,37.50017
개봉푸르지오정문,126.84875,37.501046
개봉1동사거리,126.845545,37.501416
신도림역.아이파크아파트,126.888458,37.510607
동아2차아파트상가,126.886787,37.508608
동진빌라.오정초등학교,126.825339,37.490669
마젤란아파트.예인학원앞,126.863296,37.504409
개봉한진아파트.기점,126.852075,37.486149
정도주택,126.851695,37.494106
신세기아파트,126.853448,37.49391
브라운스톤,126.853146,37.490893
개웅어린이공원,126.853241,37.489956
거성슈퍼,126.852692,37.489958
대림그린빌라,126.851855,37.489962
에덴맨션,126.851471,37.492718
구로보건소.금호새솔아파트,126.890565,37.500356
구로공구상가,126.877414,37.504717
한화비즈메트로,126.893568,37.480647
한국산업기술시험원.디지털탑프라자,126.897362,37.481613
구로디지털단지우체국,126.898152,37.482987
JNK디지털타워,126.897469,37.482092
에이스하이엔드타워2차.G밸리산업박물관,126.895789,37.480811
대륭포스트타워8차,126.894584,37.480603
에이스하이엔드타워1차,126.892911,37.481223
천왕이펜하우스6단지후문,126.842784,37.477907
천왕이펜하우스6단지후문,126.842674,37.478207
연지타운2단지,126.844867,37.481935
연지타운2단지,126.84523,37.482106
남부교도소,126.8407,37.476432
남부교도소,126.84094,37.47628
지타워.G밸리산업박물관,126.894942,37.480558
작은굴다리,126.84554,37.502962
개봉1치안센터,126.846696,37.503289
하이츠.영화.우방.한국현대,126.874854,37.496852
영림중학교,126.891508,37.497674
유한공고.성공회대앞,126.824602,37.48848
우성꿈동산.산업인아파트,126.863614,37.503535
거성푸르뫼아파트입구,126.846391,37.501322
삼성그린빌라,126.851679,37.490485
SK허브수.구로우성APT,126.873802,37.495684
구로구민회관,126.890557,37.496299
KEB하나은행,126.895774,37.484493
동삼빌라,126.823911,37.487265
천왕이펜하우스2단지,126.837975,37.485652
구로우체국.이펜하우스3단지후문,126.842145,37.481896
금강수목원아파트,126.834398,37.489294
덕성빌라,126.851638,37.491115
현대상선.구일중학교,126.874592,37.495325
구로구청,126.88918,37.494687
오류동교회,126.839732,37.496977
한일한의원,126.864452,37.50194
항동하버라인10단지,126.825692,37.479763
굴다리.호반써밋개봉아파트,126.847276,37.499307
항동제일풍경채,126.816872,37.475893
선경아트빌라,126.851532,37.492002
구로중학교,126.890181,37.493286
항동생활체육관,126.822706,37.4774
디지털단지오거리,126.890807,37.479996
디지털1단지,126.894898,37.483749
포포인츠바이쉐라톤서울구로,126.899187,37.483518
포포인츠바이쉐라톤서울구로,126.8992,37.483303
유풍약국,126.865311,37.501273
구민체육관후문,126.85372,37.507409
개봉교입구,126.856147,37.48596
크로바마트,126.851413,37.493548
동구로새마을금고,126.892156,37.491109
동양미래대학교.구로성심병원,126.866449,37.500294
진성아파트,126.854953,37.50692
대원카센터,126.854604,37.485124
낙원할인마트,126.8496,37.499837
개봉사거리,126.855827,37.497121
구로주공APT,126.87592,37.491557
구로시장.남구로시장,126.890946,37.489292
푸른수목원후문,126.822527,37.484202
청구아파트.동아한신아파트,126.864478,37.500508
덕의공원,126.855944,37.506573
한진APT후문,126.853908,37.483812
개봉1동주민센터,126.851059,37.500318
롯데시티호텔구로,126.897994,37.48509
롯데시티호텔구로,126.897004,37.4854
구일우성아파트,126.875811,37.489901
구로3동주민센터.삼성래미안아파트,126.890511,37.487411
신도림역,126.88772,37.508548
고척1동주민센터.한효아파트,126.862442,37.500834
금강수목원아파트,126.834457,37.489458
항동하버라인4단지,126.825401,37.481904
고척2동주민센터.고척지구대,126.858576,37.506402
별장쉐르빌앞,126.832939,37.487055
덕일전자공업고등학교,126.837526,37.489848
개명초교,126.852675,37.482281
푸른수목원.항동하버라인4단지,126.825956,37.482718
항동하버라인3단지아파트,126.82525,37.479732
우성아파트,126.885606,37.511584
신도림역,126.889775,37.510558
도림천역2번출구,126.883116,37.514573
구로3파출소,126.891652,37.486149
동삼빌라,126.823976,37.487199
천왕이펜하우스3단지입구,126.838209,37.482418
신도림동아3차아파트,126.883688,37.510211
구로보건소,126.888964,37.50036
서울가든아파트,126.860474,37.501161
구로역(NC백화점),126.883134,37.4997
구로역(NC백화점),126.882991,37.50048
구로구청,126.890321,37.495788
구로구청,126.888541,37.49587
오류동입구,126.846952,37.500479
개봉역입구,126.855839,37.491225
개봉역입구,126.856151,37.491033
개봉교,126.856136,37.487647
개봉교,126.856586,37.48658
대림역,126.894416,37.493353
고척사거리.고척파크푸르지오,126.859654,37.506825
대상APT,126.849968,37.482057
구로시장.남구로시장입구,126.881534,37.490175
에이스테크노타워,126.894149,37.485022
구로공구상가,126.879572,37.503356
보성운수기종점,126.892828,37.490159
새마을금고사거리,126.858628,37.501503
양우아파트,126.855765,37.504818
영화APT,126.848571,37.482414
천왕역,126.838635,37.486299
대우자동차정비소,126.882134,37.491542
고척초등학교,126.85815,37.499467
경남아파트,126.856355,37.503874
남부주유소,126.847269,37.482344
신도림역2번출구,126.891884,37.507637
구로고대병원후문,126.885637,37.493478
구로3동현대아파트,126.89785,37.486989
공구상가,126.860118,37.498625
대우아파트,126.855998,37.502353
123전자타운.2001아울렛,126.861809,37.497293
성화단지앞,126.855655,37.50058
구로디지털단지입구,126.900649,37.482927
삼환로즈빌아파트,126.856642,37.498702
문성골,126.899995,37.481492
에이스테크노타워,126.893784,37.48527
구로3파출소,126.891792,37.486183
구로3동주민센터.삼성래미안아파트,126.890562,37.487387
구로시장.남구로시장,126.891194,37.489169
구로구청후문,126.88805,37.496035
동구로새마을금고,126.892262,37.491408
구로구청,126.889434,37.494732
강서수도사업소.민원센터,126.890836,37.496092
영림중학교,126.891664,37.497617
구로고.구로도서관,126.890872,37.498621
항아리,126.886292,37.498853
미성아파트,126.877469,37.50582
대림1.2차아파트,126.878239,37.506347
대림5차아파트702동,126.87984,37.507473
대림5차아파트.신도림주민센터,126.881325,37.507342
대림6차.태영프라자,126.88308,37.50622
신도림역,126.890041,37.510724
현대우성아파트,126.885441,37.511746
동아1차아파트102동,126.884131,37.510818
동아1차아파트105동,126.882406,37.510002
1호선구일역,126.872215,37.495217
금강수목원아파트정문,126.83299,37.489206
고척근린시장,126.851013,37.500985
구로시장.남구로시장입구,126.883867,37.490766
구로주공.구일우성APT,126.875976,37.491378
구로1동주민센터.연예인APT,126.876159,37.492956
천왕이펜하우스5단지입구,126.842181,37.479443
구일고교.구일초등학교,126.874765,37.493193
구로1동주민센터.연예인APT,126.875995,37.493073
구로디지털단지역,126.901828,37.484058
구일초등학교.구일고등학교,126.874803,37.493264
개봉역,126.858658,37.495266
개봉역,126.858765,37.495016
KEB하나은행,126.895851,37.484957
천왕이펜하우스3단지입구,126.838419,37.482707
천왕역2번출구,126.83834,37.486364
천왕이펜하우스4단지,126.838628,37.481044
천왕이펜하우스6단지,126.84067,37.479376
천왕이펜하우스5단지,126.840309,37.479893
천왕이펜하우스3.4단지,126.838693,37.481233
온수남부역,126.82421,37.491843
온수남부,126.824308,37.491975
궁동삼거리,126.82791,37.506097
유한공고.성공회대학교,126.824741,37.489545
문성초등학교.금천가족문화센터,126.898666,37.475364
문성초등학교.금천가족문화센터,126.89833,37.474034
금천우체국,126.89803,37.468978
금천우체국,126.898003,37.470136
말미고개.금천소방서,126.897554,37.463603
말미고개.금천소방서,126.897498,37.464833
금천구청.금천경찰서,126.898872,37.459209
금천구청.금천경찰서,126.899302,37.457841
시흥사거리,126.90157,37.452222
시흥사거리,126.901128,37.453089
박미삼거리.국립전통예술중고,126.903273,37.447843
박미삼거리.국립전통예술중고,126.902663,37.449067
시흥유통센터,126.903626,37.440193
시흥유통센터,126.903373,37.440963
한일유앤아이아파트,126.876226,37.485459
디지털3단지.롯데이노베이트,126.876718,37.484867
에이스하이엔드타워5차,126.879325,37.485697
디지털3단지.영창실업,126.879078,37.483255
디지털3단지운동장,126.877893,37.482163
가산디지털단지역9번출구,126.881042,37.481293
가산디지털단지역9번출구,126.881481,37.480804
디지털3단지.월드벤처센터,126.879444,37.478901
디지털3단지.(주)로옴코리아,126.88022,37.479607
디지털3단지사거리,126.880577,37.476671
디지털3단지사거리,126.88045,37.475845
디지털3단지사거리,126.881341,37.475777
금천패션아울렛사거리.마리오,126.888337,37.478263
금천패션아울렛사거리.W몰,126.887876,37.477662
금천패션아울렛사거리.현대아울렛,126.888489,37.478115
디지털단지오거리.가산로입구,126.890716,37.47821
디지털단지오거리.가산로입구,126.890971,37.478293
가산동우체국,126.893435,37.478556
가산초등학교,126.895556,37.478235
가산동주민센터.금천글로벌센터,126.892099,37.476612
가산동주민센터.금천글로벌센터,126.892719,37.476244
세일중학교.구립가산도서관,126.893887,37.474622
세일중학교.구립가산도서관,126.894566,37.4741
독산사거리,126.895962,37.472015
독산사거리,126.8966,37.471784
독산주공13단지,126.88762,37.456844
독산1동한신코아,126.888212,37.456713
독산동우시장.금천50플러스센터,126.895025,37.466594
독산동우시장.금천50플러스센터,126.89549,37.466417
시흥사거리.시흥대교,126.899592,37.454485
시흥사거리.금천파출소,126.899688,37.454297
벽산아파트1단지.호압사입구,126.92076,37.452757
벽산아파트1단지.호압사입구,126.921186,37.453077
벽산아파트5단지,126.918947,37.446766
벽산아파트5단지,126.918687,37.446347
시흥동은행나무.은행나무시장,126.909045,37.451031
시흥동은행나무.은행나무시장,126.909058,37.450843
은행나무입구사거리,126.907208,37.451784
은행나무입구사거리,126.906735,37.451855
독산한신아파트,126.889949,37.456922
금하마을,126.891509,37.454121
독산고개.금천구가족문화센터,126.898465,37.475515
독산고개.금천구가족문화센터,126.898932,37.476442
독산사거리.한국전력구로금천지사,126.898102,37.472076
남문시장.청춘삘딩,126.898631,37.472965
금천우체국.독산1동주민센터,126.897785,37.470192
디지털단지오거리.가산파출소,126.888331,37.479824
홈플러스금천점,126.897693,37.468925
시흥사거리,126.900957,37.452863
문일고입구,126.90173,37.451115
문일고입구,126.902328,37.450803
남서울힐스테이트.국립전통예술고,126.903377,37.446809
금천폭포공원.천주교시흥성당,126.903517,37.447713
박미마을,126.903206,37.441353
박미마을.금천고등학교,126.903941,37.443009
기아대교,126.902983,37.439488
시흥3동주민센터,126.903627,37.440167
석수역,126.903311,37.435524
백산초.금천청소년문화의집,126.903978,37.448763
백산초.금천청소년문화의집,126.904301,37.448726
은행나무입구사거리,126.905788,37.451112
은행나무입구사거리,126.90599,37.451426
경남아파트,126.906261,37.453615
시흥초등학교.금천구보훈회관,126.905823,37.454568
시흥초등학교.금천구보훈회관,126.905944,37.455353
동산교회앞,126.905284,37.457347
동산교회앞,126.905614,37.457027
현대시장.시흥4동주민센터,126.904824,37.459602
현대시장.시흥4동주민센터,126.90517,37.45924
남부여성발전센터,126.904106,37.462455
남부여성발전센터,126.904353,37.462457
독산동정훈단지,126.902132,37.465526
독산동정훈단지,126.903006,37.464452
금천평생학습관.독산초등학교,126.899409,37.466594
금천평생학습관.독산초등학교,126.899878,37.466401
독산4동주민센터,126.902038,37.46758
독산동성당앞,126.902226,37.468916
독산동성당앞,126.902744,37.469707
독산동쌈지공원,126.902946,37.471265
독산동쌈지공원,126.903198,37.471409
독산3동주민센터,126.903355,37.475327
독산3동주민센터,126.903641,37.475823
모두의학교.금천문화예술정보학교,126.903696,37.478839
모두의학교.금천문화예술정보학교,126.903935,37.478659
모두의학교.금천문화예술정보학교,126.905593,37.47995
관악구보훈회관.신림푸르지오,126.909139,37.48064
독산고등학교,126.911463,37.477326
독산고등학교,126.911503,37.47713
금천진로진학지원센터독산센터,126.907188,37.476766
금천진로진학지원센터독산센터,126.907331,37.476537
금천우체국.독산1동주민센터,126.897265,37.469758
진도아파트,126.892429,37.470416
수출의다리.퍼블릭가산,126.886092,37.474529
금천구노동자종합지원센터,126.885213,37.476722
마리오아울렛,126.884381,37.478546
국민연금공단구로금천지사앞,126.88402,37.480692
가산디지털단지역2번출구,126.882965,37.481141
마리오아울렛,126.884008,37.47882
금천구노동자종합지원센터,126.885146,37.476226
수출의다리.퍼블릭가산,126.885906,37.474506
진도아파트,126.892317,37.470199
현대지식산업센터,126.895544,37.469904
가산디지털단지역입구,126.886715,37.481438
가산동기점,126.875255,37.485227
가산동종점,126.875162,37.485215
가산디지털단지역2번출구,126.88343,37.481755
범일운수종점,126.911733,37.450413
삼익아파트앞,126.909455,37.462545
삼익아파트,126.909395,37.462425
디지털3단지.영창실업,126.878963,37.483327
디지털3단지.가산비즈니스센터,126.879734,37.479611
디지털3단지운동장,126.878019,37.482526
남문시장입구,126.900847,37.471241
가산디지털단지역4번출구,126.883117,37.481417
스타밸리앞,126.884861,37.481159
독산보건지소.별빛남문시장,126.903198,37.473744
독산보건지소.별빛남문시장,126.903414,37.473347
금빛공원앞,126.904297,37.453107
금빛공원앞,126.904456,37.45328
삼화약국,126.90401,37.450279
삼화약국,126.904055,37.450172
대우당약국,126.906509,37.45075
화인전자산업,126.906159,37.45087
은행나무로입구,126.907944,37.450992
시흥대교,126.897268,37.45328
가산디지털단지역11번출구,126.881152,37.481676
가산한화비즈메트로2차,126.882162,37.472534
RSM타워.르노코리아서부사업소,126.883112,37.471015
시흥1동공영주차장.금천노인종합복지관,126.897101,37.451425
독산한신코아.한신아파트,126.88771,37.456579
가산디지털단지역2번출구,126.882956,37.481317
벽산3단지,126.917504,37.453381
성지아파트,126.898616,37.451185
롯데캐슬1차서문.해가든아파트,126.89245,37.460087
무지개아파트,126.898662,37.456857
벽산3단지앞,126.916911,37.452982
독산역,126.889226,37.467
문성중학교,126.905867,37.475625
문일중고입구.기아금천지점,126.900203,37.45092
금천현대아파트.청소년문화의집,126.891382,37.462587
독산주공1319동,126.88763,37.458462
아톰주식회사,126.882984,37.470773
시흥동향나무.삼층석탑,126.915183,37.452222
남문교회,126.905968,37.473711
탑동초등학교.청담종합사회복지관,126.914466,37.452054
태영빌라,126.906309,37.47182
무지개아파트,126.898573,37.457088
두산초등학교,126.891646,37.46649
독산주공14단지,126.885827,37.459398
온누리아파트.가산비전파크,126.886709,37.473492
어울샘.동산중앙교회,126.911851,37.452051
구민문화체육센터,126.906683,37.470179
독산현대아파트.금천50플러스센터,126.894452,37.467122
시흥유통상가.금천고,126.903526,37.443249
에이스하이엔드타워클래식,126.889316,37.473579
은행나무시장입구동편,126.910491,37.451358
해찬아파트,126.907081,37.468246
진도3차아파트,126.8939,37.468408
박미마을,126.903169,37.440932
가산테라타워,126.889936,37.47397
시흥동은행나무,126.907938,37.451454
시흥사거리.대명시장,126.901265,37.454725
구립독산도서관,126.907773,37.467194
유창슈퍼,126.892472,37.468545
구립가산도서관.두산위브아파트,126.892406,37.473524
은행나무입구사거리,126.905464,37.452625
시흥초등학교.시흥1동주민센터,126.903583,37.453549
산기슭공원,126.906711,37.463977
독산역,126.889814,37.46605
진도2차아파트,126.891789,37.470134
시흥초등학교.금빛공원,126.90424,37.453368
한울중학교.금강아파트,126.906826,37.462773
두산로입구,126.887268,37.471856
빅마켓.청광아파트,126.893718,37.470519
대륭테크노타운2차,126.884404,37.468945
두산위브아파트정문,126.893882,37.47488
길상마트,126.893889,37.472021
대륭테크노타운12차,126.883722,37.46949
가산동주민센터.금천글로벌센터,126.893689,37.476076
대륭테크노타운19차,126.881667,37.47427
에이스태세라타워,126.882473,37.472455
고원약국,126.894746,37.476699
꿈나래어린이집,126.897213,37.454828
우방아파트.범일운수종점,126.91325,37.449984
가산초교,126.89651,37.477082
STXV타워,126.883254,37.476777
독산고개입구.금천구가족문화센터,126.8977,37.475906
벽산아파트5단지,126.921018,37.450058
빅마켓,126.895412,37.47003
한신IT타워,126.886242,37.47993
가산동주민센터,126.890959,37.476908
가산아스크타워,126.889466,37.476304
가산로데오거리,126.887811,37.478394
호압사입구,126.920576,37.451723
이앤씨드림타워7차,126.886664,37.4798
현대아울렛,126.888645,37.476912
가산디지털단지역9번출구,126.881421,37.480915
금천육교앞,126.891524,37.455416
벽산1단지입구,126.919849,37.450143
시흥모터스,126.889442,37.470577
문성초등학교,126.898118,37.473974
섭리의집,126.908762,37.446342
섭리의집,126.908789,37.446228
가산디지털단지역3번출구,126.88331,37.480205
KCC웰츠밸리,126.879844,37.483553
독산고개입구,126.898463,37.477162
벽산6단지입구,126.918117,37.44996
독산역2번출구,126.887652,37.46631
독산역2번출구,126.887891,37.466503
남부여성발전센터앞,126.905318,37.462634
남부여성발전센터앞,126.90515,37.462753
BYC하이시티,126.88292,37.477009
에이스하이엔드10차,126.886969,37.468496
대륭테크노타운17차,126.886643,37.468514
금천패션아울렛사거리.마리오,126.887442,37.477817
범일운수종점,126.911603,37.450277
한울중학교,126.907201,37.462674
한울중학교,126.907302,37.462522
STXV타워,126.883144,37.477047
서울시립금천청소년센터,126.916104,37.44832
서울시립금천청소년센터,126.915964,37.448241
탑스빌아파트.벽산6단지아파트,126.916113,37.449201
가산초교,126.896486,37.477166
동일여고.금천사이언스큐브,126.916816,37.449982
두산로입구,126.887063,37.47191
가산디지털단지역,126.884209,37.480782
가산디지털단지역,126.882968,37.481212
패션단지,126.888594,37.47849
패션단지,126.888745,37.478239
디씨아이(데이터센터),126.877977,37.483105
벽산디지털밸리2차,126.877348,37.48395
고원약국,126.89467,37.476869
안천중학교,126.887343,37.458656
제일교회,126.913499,37.450134
청년취업사관학교금천캠퍼스,126.895862,37.472373
대륭테크노타운8차,126.876896,37.484879
가산동주민센터.금천글로벌센터,126.893529,37.476146
범일운수종점,126.911085,37.450593
벽산디지털밸리6차,126.879153,37.48564
두산위브아파트정문,126.893614,37.474887
독산한신아파트,126.889287,37.457191
길상마트,126.893783,37.472067
가산디지털단지역9번출구,126.881283,37.480969
한국건설생활환경시험연구원,126.880092,37.483314
빅마켓.청광아파트,126.893613,37.47051
롯데캐슬2차,126.893439,37.458027
구립가산도서관.두산위브아파트,126.892305,37.473641
롯데캐슬2차,126.893468,37.457664
진도2차아파트,126.8917,37.470248
한진택배,126.881081,37.475087
가산테라타워,126.890258,37.47413
금천구종합청사.금천구청역,126.895347,37.456079
유창슈퍼,126.892766,37.468495
마이크로오피스사거리앞,126.882658,37.472114
에이스하이엔드타워클래식,126.889197,37.473606
시흥모터스,126.889173,37.470416
문일중고입구.기아금천지점,126.899693,37.45093
진도3차아파트,126.893701,37.468595
대륭테크노타운12차,126.883396,37.469837
온누리아파트.가산비전파크,126.887416,37.473665
성지아파트,126.898738,37.451263
독산현대아파트.금천50플러스센터,126.894378,37.467037
대륭테크노타운2차,126.884797,37.46883
시흥1동공영주차장.금천노인종합복지관,126.896631,37.451388
두산초등학교,126.891608,37.466637
교학사,126.886211,37.469241
홈플러스금천점,126.897548,37.469491
독산역,126.88967,37.466
청년취업사관학교금천캠퍼스,126.895599,37.472379
은행나무시장입구동편,126.910523,37.45121
금천구종합청사.금천구청역,126.894511,37.456172
어울샘.동산중앙교회,126.911701,37.45183
한울중학교.금강아파트,126.907067,37.462862
탑동초등학교.청담종합사회복지관,126.914049,37.451875
산기슭공원B,126.906804,37.463932
안천초등학교,126.888126,37.457538
시흥동향나무.삼층석탑,126.915718,37.452211
구립독산도서관,126.907918,37.467214
벽산3단지앞,126.91707,37.453023
해찬아파트,126.907245,37.468241
구민문화체육센터,126.906815,37.470149
한일유앤아이아파트,126.87601,37.485529
태영빌라,126.906496,37.471727
남문교회,126.906094,37.473634
문성중학교,126.906009,37.475635
난곡중학교,126.911014,37.477082
산기슭공원,126.906718,37.46385
하안주공1317동,126.888273,37.457607
금천현대아파트.청소년문화의집,126.891156,37.462656
롯데캐슬1차서문.해가든아파트,126.892298,37.459925
금빛공원,126.905135,37.452725
시흥사거리.대명시장,126.90182,37.454764
시흥동은행나무,126.909263,37.450684
시흥2동주민센터.동일여고,126.914014,37.449962
두산어린이공원,126.894139,37.473628
금천구종합청사.금천구청역,126.89549,37.456375
두산어린이공원,126.894257,37.473619
롯데캐슬3차,126.896293,37.459972
롯데캐슬1차정문.해가든아파트,126.894248,37.460804
롯데캐슬1차동문,126.896463,37.459167
롯데캐슬1차정문.해가든아파트,126.894092,37.461002
백운한비치.금광포란재아파트,126.911716,37.451266
시흥5동주민센터,126.908704,37.451353
삼성산자연공원.삼성체육공원,126.909495,37.454825
시흥아파트앞,126.908119,37.456431
신흥초등학교,126.908269,37.459357
한빛무궁화아파트,126.907925,37.460471
금천폭포공원,126.903705,37.447212
영일빌라,126.906402,37.44735
시흥계곡앞,126.910349,37.446645
시흥5동성당,126.911523,37.448328
한울중학교앞,126.907774,37.462326
한빛무궁화아파트,126.907923,37.460614
신흥초등학교,126.908136,37.459321
시흥아파트앞,126.907887,37.456617
삼성체육공원.삼성산자연공원,126.909291,37.454676
시흥5동주민센터,126.908577,37.451632
금광포란재.백운한비치아파트,126.911393,37.451132
관악우방아파트,126.912258,37.449908
시흥5동성당,126.91165,37.44862
시흥계곡앞,126.910356,37.44694
영일빌라,126.906064,37.447506
금천문화원.국립전통예술중고,126.904553,37.446416
금천고등학교,126.90471,37.444722
시흥3동공영주차장앞,126.904471,37.442879
기아대교앞,126.90279,37.437959
시흥사거리,126.901608,37.452673
안양천로입구,126.893136,37.452482
남문시장입구.청춘삘딩,126.900011,37.471226
LG전자,126.885864,37.471063
LG전자,126.885909,37.470252
구로세관,126.885225,37.472423
구로세관,126.88494,37.472487
가산디지털단지역7번출구,126.882073,37.479502
문래동남성아파트,126.893705,37.511828
문래동남성아파트,126.892312,37.511202
남부지방법원등기국.구로세무서(에이스하이테크시티),126.901187,37.514484
남부지방법원등기국.구로세무서(에이스하이테크시티),126.899746,37.51404
영등포역,126.905092,37.515866
영등포역,126.90703,37.516588
여의도환승센터,126.924244,37.525523
여의도환승센터,126.924207,37.526058
서울영림초등학교,126.904837,37.487146
강남성심병원.대림성모병원,126.908001,37.490982
경남아너스빌아파트,126.911575,37.495587
보라매공원,126.916382,37.497061
보라매역.동작세무서,126.920281,37.498972
서울지방병무청,126.921962,37.504393
대방역,126.924825,37.512657
여의도환승센터,126.924341,37.52617
여의도환승센터,126.9241,37.525317
당산역광역환승센터,126.90309,37.536459
당산역광역환승센터,126.903176,37.536574
신길영신로삼거리,126.909927,37.512286
영등포공원.영등포문화원,126.911418,37.513804
영등포공원.영등포문화원,126.911943,37.514951
영등포시장역3번출구,126.905199,37.521855
영등포시장,126.906654,37.519735
영등포로터리,126.909852,37.519063
영등포로터리,126.909291,37.518914
영등포시장,126.90645,37.519446
경방타임스퀘어.신세계백화점,126.905784,37.518384
영등포역.신세계백화점타임스퀘어,126.90624,37.517508
영등포역.패어필드호텔,126.907599,37.516926
영등포역5번출구,126.909047,37.517063
경방타임스퀘어.신세계백화점,126.905437,37.51849
김안과병원,126.903026,37.520071
김안과병원,126.902834,37.520416
영등포시장역4번출구,126.904785,37.521318
신화요양병원,126.905155,37.524531
신화요양병원,126.90554,37.524895
영동초교,126.906819,37.525159
영동초교.영등포평생학습관,126.907362,37.525497
삼환아파트,126.905597,37.529082
당산푸르지오아파트,126.905958,37.529032
하이서울유스호스텔,126.903658,37.525638
국회의사당,126.918024,37.529898
KBS,126.918113,37.524654
국회의사당,126.917887,37.529411
국회의사당역.KB국민은행,126.918068,37.528479
국회의사당역5번출구,126.917581,37.527994
양평동한솔아파트,126.89024,37.544408
여의도순복음교회,126.924753,37.530911
여의도순복음교회,126.922931,37.531691
여의도공원9번출입구,126.927892,37.52953
여의나루역1번.한강버스선착장,126.931478,37.527458
여의나루역2번.한강버스선착장,126.932024,37.527388
여의도중학교,126.935635,37.52441
여의도중학교,126.935965,37.52446
63빌딩.가톨릭대학교여의도성모병원,126.937607,37.519404
63빌딩.가톨릭대학교여의도성모병원,126.937709,37.519162
시범아파트,126.93519,37.521043
시범아파트.대교아파트,126.934429,37.521035
여의동주민센터,126.934219,37.518706
여의동주민센터,126.933973,37.518519
진주아파트,126.932311,37.519246
KBS별관,126.931586,37.519195
샛강역3번출구.KBS별관,126.9303,37.518109
여의도공원1번출입구,126.920262,37.523605
샛강역1번출구.여의도자이,126.927211,37.518817
샛강역4번출구.여의도자이,126.926743,37.518677
여의도역6번출구,126.92492,37.520614
여의도역5번출구,126.924885,37.521335
한국거래소,126.927068,37.523353
한국거래소,126.927071,37.523669
삼부아파트,126.930117,37.525126
여의도공작아파트,126.930998,37.525992
한국경제인협회,126.918884,37.521891
당산동진로아파트,126.896878,37.521326
당산동진로아파트,126.896991,37.521002
필립메디컬센터,126.895246,37.520699
양남사거리,126.891779,37.52212
영등포교보생명,126.89207,37.521721
현대아파트,126.89616,37.523056
영등포구청,126.896381,37.525413
영등포구민회관.영등포경찰서,126.899728,37.526741
당산동삼익아파트,126.895962,37.528184
당산역13번출구,126.900526,37.534729
당산119안전센터.당산역,126.899455,37.534925
당산역.삼성래미안아파트,126.903388,37.533022
당산역삼성래미안아파트,126.903582,37.53319
당산역2번출구,126.90241,37.534863
당산역11번출구,126.900864,37.532806
당산역10번출구,126.901303,37.532826
페어몬트앰배서더,126.929281,37.524976
당산삼성2차아파트,126.898132,37.52883
당산유원제일1차아파트,126.897608,37.528717
서울영등포우체국,126.896012,37.528483
도림생활문화센터,126.907487,37.509543
도림새마을금고,126.90032,37.508429
도림새마을금고,126.900063,37.508259
신길3동주민센터,126.911116,37.506515
문래역3번출구,126.894223,37.519233
문래역3번출구,126.894412,37.519064
서울지방노동위원회.대림아파트,126.889694,37.516908
국화아파트,126.892376,37.515654
현대6차아파트,126.884328,37.518198
문래롯데캐슬,126.884569,37.518411
문래중학교,126.884721,37.519764
문래중학교,126.884946,37.519952
문래동국화아파트,126.891394,37.51578
서울지방노동위원회.대림아파트,126.889269,37.516859
양평1동주민센터,126.888276,37.522696
양평신동아아파트,126.887357,37.52248
관악고등학교,126.884059,37.522994
관악고등학교,126.884849,37.523162
당중초등학교,126.890987,37.526998
당중초등학교,126.891293,37.526905
남부고용노동지청,126.890212,37.52382
남부고용노동지청,126.890544,37.523688
선유도역1번출구.한신아파트,126.893234,37.538358
선유도역8번출구.한신아파트,126.893277,37.538036
선유도역.롯데웰푸드,126.894875,37.537197
선유도역.롯데웰푸드,126.895557,37.537145
양평한신아파트.선유도공원입구,126.894428,37.541649
영등포아리수정수센터,126.884113,37.547524
양평한신아파트.선유도공원입구,126.894663,37.542031
안양천입구,126.883464,37.547469
양평동한솔아파트,126.890347,37.543917
신풍역3번출구,126.908021,37.499983
선유도역2번출구.당산초등학교,126.894501,37.538821
영등포세무서.선유고등학교,126.896288,37.534239
영등포세무서.선유고등학교,126.896701,37.534409
선유중학교,126.894522,37.532052
선유중학교,126.894106,37.530961
신길역1번출구,126.916956,37.516815
신길1동새마을금고,126.920035,37.513641
신길1동새마을금고,126.919513,37.514083
대신시장,126.916462,37.511867
대윤병원,126.91815,37.514526
대신시장,126.916297,37.512067
영등포농협.신길2동새마을금고,126.913176,37.511376
우신초등학교,126.910608,37.509355
신길책마루문화센터.포레나신길,126.910149,37.503413
성락교회,126.902587,37.504585
성락교회,126.902872,37.50475
도림생활문화센터,126.907672,37.509294
우신초등학교,126.910838,37.50958
신길힐스테이트클래시안아파트,126.910811,37.504989
신길동홍어거리,126.911472,37.510821
신풍역4번출구.베뉴비안,126.909778,37.501431
신길5동주민센터,126.905386,37.500959
신길5동주민센터,126.904928,37.501055
영등포제1스포츠센터.신풍역,126.906897,37.500012
영등포농협도림로지점.우리시장,126.904563,37.498178
영등포농협도림로지점,126.904576,37.498674
KT대방지사.썬프라자,126.908808,37.495091
신길주유소,126.908397,37.498401
신풍역5번출구.베뉴비안,126.910085,37.501324
신길중학교.래미안에스티움북문,126.916458,37.501245
도림초등학교,126.90639,37.507364
대방역,126.923791,37.512769
공군호텔,126.924054,37.509871
서울지방병무청,126.922159,37.505175
대방초등학교,126.921009,37.502384
썬프라자,126.908241,37.49615
대림동우체국,126.905453,37.489438
흰돌교회,126.902955,37.491316
대동초등학교,126.900632,37.494181
대림역12번출구,126.896623,37.492522
대동초등학교.명지성모병원,126.899245,37.4943
대동초등학교,126.900661,37.493661
흰돌교회,126.903257,37.490543
대림동우체국,126.90473,37.489628
대림동우성아파트,126.902039,37.495996
대림역9번출구,126.896585,37.49288
대동초등학교.명지성모병원,126.898696,37.494172
대림동우성아파트,126.902348,37.496512
YDP미래평생학습관,126.895506,37.503786
대림동현대3차아파트,126.89654,37.504569
신영초등학교,126.89711,37.501679
YDP미래평생학습관,126.896172,37.503013
선유도공원,126.902595,37.542245
선유도공원,126.902915,37.542025
신길역5호선,126.914831,37.518558
국회의사당,126.919154,37.530642
산업은행본점,126.920853,37.527967
더현대서울,126.928184,37.525005
유진투자증권,126.92699,37.525531
파크원타워.LG트윈타워,126.927206,37.527092
신길파크자이아파트,126.913246,37.50506
여의도한양아파트,126.932065,37.52092
하나은행여의도지점,126.931146,37.521328
여의도수정아파트,126.930486,37.522463
신풍역6번출구,126.91043,37.500317
여의도역3번출구,126.923253,37.523355
영진시장.신길새마을금고,126.915497,37.500155
문래우체국.문래예술공단,126.895194,37.514259
문래우체국.문래예술공단,126.894777,37.514163
대림3동주민센터,126.89881,37.497847
대방역,126.923495,37.512907
신길3동주민센터,126.910909,37.506369
대길초등학교,126.912224,37.498913
미보빌딩,126.916714,37.498418
신길역1호선,126.916637,37.516759
신길보라매SK뷰아파트,126.919256,37.504066
여의도순복음교회비전센터,126.924154,37.530011
래미안에스티움,126.912774,37.500165
문래역.문래자이아파트,126.894586,37.516625
대방역7번출구,126.926556,37.513748
대방역,126.925975,37.513588
대길초등학교,126.914571,37.498589
대방천사거리.동작세무서,126.919402,37.498862
대방천사거리,126.919799,37.498489
대림코오롱아파트정문,126.894297,37.506907
영등포로터리,126.910372,37.518613
신길주유소교차로.신풍역3번출구,126.907409,37.49935
신길주유소교차로.신풍역3번출구,126.906996,37.499577
영문초등학교,126.887835,37.520197
영문초등학교,126.887958,37.520047
문래역1번출구,126.894256,37.516631
양화중학교.홈플러스,126.895283,37.519369
기계회관,126.922679,37.529099
신동아아파트,126.894632,37.498073
신영초교,126.896303,37.498931
우성5차아파트,126.903205,37.507605
우성5차아파트,126.903036,37.507341
현대3차.성원아파트,126.896616,37.504294
래미안에스티움(신길파크자이),126.912899,37.502183
대림3동사거리.명지춘혜병원,126.897637,37.500477
현대2차아파트,126.895204,37.503351
성원아파트.한국상하수도협회,126.896757,37.502576
베뢰아국제대학원대학교.수정교회,126.898967,37.501073
성원아파트입구,126.897995,37.504966
신길우성1차.건영아파트,126.899585,37.506056
건영아파트,126.900852,37.506354
신길바다마을아파트.보라매sk뷰,126.916049,37.502859
성애병원,126.923092,37.511513
신길보라매sk뷰.바다마을아파트,126.916172,37.502904
신길우성2차아파트,126.910451,37.499258
보라매역4번출구,126.919317,37.499846
신길새마을금고.영진시장,126.917066,37.499891
신길광장공원,126.903993,37.499937
대성아파트.건영아파트후문,126.900331,37.503231
대성유니드아파트,126.902708,37.500837
신길중학교.래미안에스티움북문,126.916626,37.50142
건영아파트후문,126.900563,37.502689
대림동코오롱아파트,126.894568,37.507698
문래동종점,126.8864,37.515674
문래동시점,126.886712,37.515548
KT&G영등포지사.문래동종점,126.887263,37.515422
신길1차우성아파트,126.899871,37.505872
보라매역5번출구,126.91905,37.500051
영등포동.영등포푸르지오아파트,126.904672,37.510142
우신초교앞사거리,126.910017,37.510888
도림초교사거리,126.90538,37.508302
고추말,126.906276,37.511947
코끼리할인마트,126.907039,37.505855
대영고등학교.신길센트럴아이파크,126.904153,37.504783
동양볼링장,126.888424,37.516768
평화교회,126.916575,37.498571
현대2차아파트후문,126.894086,37.50301
도림초교사거리,126.905171,37.509135
도림초등학교,126.906494,37.506967
고추말,126.906109,37.511958
SG메디피움,126.904729,37.50508
도림사거리,126.901271,37.507051
기림약국,126.900873,37.499773
신길광장공원,126.904502,37.499967
코사마트,126.902027,37.498402
성락빌딩,126.89948,37.500908
대림119안전센터,126.903258,37.497463
두산위브진주아파트,126.88531,37.516421
현대3차아파트,126.884898,37.516298
CM병원,126.902708,37.518353
대방역6번출구,126.924159,37.513045
타임스퀘어.영등포소방서,126.904592,37.518012
당산신동아파밀리에,126.900814,37.519678
영등포청과시장,126.901813,37.52367
영등포청과시장,126.901775,37.522485
서울시립청소년성문화센터,126.902314,37.525152
서울시립청소년성문화센터,126.902388,37.52468
한강아파트,126.903408,37.527748
롯데마트맥스영등포점,126.903873,37.528066
당산센트럴아이파크아파트,126.904358,37.530091
영등포농협당산역지점,126.904966,37.530816
신풍시장,126.910167,37.505745
신길건영아파트,126.901588,37.50344
신길건영아파트,126.901689,37.503735
수정교회.베뢰아국제대학원대학교,126.898662,37.501145
대림3동주민센터,126.89831,37.498167
대영중학교.신길센트럴아이파크,126.903758,37.503316
당산역11번출구,126.901308,37.533322
대림역5번출구,126.894986,37.494188
현대2.3차아파트,126.896283,37.531741
한국환경수도연구원,126.889562,37.543918
성애병원,126.921804,37.511753
당산우편물취급소,126.898762,37.529597
기아자동차서비스센터,126.89134,37.541545
신일어린이공원,126.921997,37.510239
대림역7호선,126.897332,37.492964
효성아파트,126.899864,37.530995
한신아파트.선유도공원,126.892357,37.54061
돈보스코.홈플러스,126.913236,37.496656
창의나라어린이집,126.921546,37.508815
우성2차아파트,126.899863,37.495364
당산역.삼성래미안APT,126.901534,37.533225
경남아너스빌,126.910845,37.494652
골프장,126.919979,37.509504
코스트코,126.891661,37.528367
대림3동주민센터,126.898517,37.498361
삼성래미안4차아파트북문,126.903011,37.533229
선유도역.롯데홈쇼핑,126.893134,37.537025
강남성심병원.대림성모병원,126.908061,37.491307
대신시장.기업은행,126.917378,37.511863
당중초등학교.노동부남부지청,126.890626,37.525387
대림3동사거리,126.898036,37.499541
당산중학교.한국소방안전원,126.906502,37.531889
영등포동.영등포푸르지오아파트,126.905395,37.51102
신대림한솔솔파크아파트.충심교회,126.899068,37.48847
영은교회,126.888207,37.525362
강변래미안아파트,126.907218,37.530098
케이카,126.892338,37.534236
대림중앙시장,126.900703,37.489905
양평역,126.886081,37.525057
대림요양병원,126.90015,37.502331
한국산업인력공단,126.907733,37.5287
거성파스텔아파트,126.892453,37.532117
농협.대림2동주민센터,126.901729,37.490812
삼성아파트.오목교아래,126.88346,37.523415
인구보건복지협회.제일빌딩,126.90877,37.526038
선유고등학교,126.894589,37.533133
대림포교원,126.903088,37.492056
벽산아파트,126.882438,37.523285
성락교회,126.902977,37.504494
한강성심병원,126.910544,37.52333
대림1동새마을금고,126.904236,37.493089
신동아아파트.관악고교,126.885243,37.521662
도림사거리,126.901777,37.506317
근로복지공단.서울남부지사,126.911918,37.52133
대림1동주민센터,126.906455,37.495064
e편한세상문래에듀플라츠,126.88586,37.520312
선의원,126.90925,37.512506
태양의집.썬프라자,126.907303,37.495818
영신고등학교,126.908381,37.497593
신풍역.수녀원,126.907701,37.499441
근로복지공단.서울남부지사,126.912138,37.521404
현대홈타운아파트,126.895892,37.523416
삼성래미안아파트1단지,126.916232,37.505206
벽산메가트리움오피스텔,126.897914,37.51857
약산약국,126.914297,37.511314
한강성심병원,126.910775,37.523399
문래역.홈플러스,126.89527,37.520455
대영초중고,126.904586,37.502084
삼성래미안아파트2단지,126.914227,37.506713
영일시장.록스,126.900872,37.518351
인구보건복지협회.호텔아벤트리,126.908959,37.526217
교보생명,126.892726,37.520659
신길역2번출구,126.916014,37.518244
한국산업인력공단,126.908185,37.528298
GS홈쇼핑앞,126.890055,37.521033
켄싱턴호텔.여의도,126.922091,37.530396
문래힐스테이트,126.889396,37.518962
래미안에스티움,126.913718,37.499859
강변래미안아파트,126.907349,37.53041
양평동서통한신아파트,126.887927,37.521372
당산역.지하철2호선,126.902338,37.53474
당산중학교.한국소방안전원,126.906607,37.532232
모랫말.도림새마을금고,126.900217,37.50852
삼성래미안동문,126.904744,37.531116
양평역,126.886255,37.525333
도림고가.영등포아트자이,126.898959,37.510467
당산센트럴아이파크아파트,126.902511,37.529447
영은교회,126.888897,37.525087
도림교회,126.897323,37.509347
선화약국,126.917241,37.510654
당산효성.현대5차아파트,126.900908,37.530173
노동부남부지청,126.89173,37.524639
도림동주민센터,126.89641,37.508797
푸른숲아파트,126.91747,37.508143
문래자이정문,126.896353,37.516949
대신시장,126.91654,37.512124
현대APT후문,126.894418,37.524229
코오롱아파트,126.894832,37.508032
대성유니드아파트,126.902719,37.501168
골프장,126.919905,37.508833
문래자이후문,126.898642,37.516899
영등포구청.우리은행,126.896721,37.52549
골프장,126.920284,37.509041
문래동주민센터,126.899351,37.517602
신일어린이공원,126.922421,37.510019
금호아파트,126.897931,37.518772
도림초교사거리,126.904911,37.508338
도림동주민센터,126.896149,37.50849
도림교회,126.897331,37.509227
대림역5번출구,126.8948,37.494867
건영아파트,126.90181,37.505769
선유고등학교,126.894587,37.53329
도림고가.동아에코빌,126.898826,37.510118
선유초등학교후문,126.892091,37.532708
도림새마을금고,126.899944,37.508486
e편한세상문래에듀플라츠,126.885842,37.520449
케이카,126.89252,37.534303
도림사거리,126.900939,37.507091
대림요양병원,126.899933,37.502532
선유도역.롯데홈쇼핑,126.893444,37.537049
대림3동사거리,126.897758,37.499386
당산초등학교,126.894764,37.538698
대영초중고,126.904047,37.502528
노동부남부지청,126.8909,37.525372
대림동현대3차아파트,126.896397,37.504466
대림3동주민센터,126.898342,37.498079
한신아파트.선유도공원,126.892469,37.540659
남성아파트,126.89109,37.512203
신안인스빌아파트,126.888541,37.513735
삼환아파트,126.890451,37.513786
문래공원사거리,126.893088,37.51398
우성2차아파트,126.899444,37.495554
동양아파트,126.89027,37.541761
대동초등학교.명지성모병원,126.898763,37.494201
샛강역1번출구.여의도자이,126.927353,37.518793
샛강역4번출구.여의도자이,126.926491,37.518948
여의도메리어트호텔,126.918461,37.521714
여의도메리어트호텔,126.919287,37.521042
신길5동우체국,126.90804,37.49804
한솔아파트,126.888052,37.543892
문래동주민센터,126.898694,37.51696
태양의집.썬프라자,126.907357,37.496122
신길동오거리,126.91594,37.510391
신기목련아파트.더샵파크프레스티지,126.91582,37.509017
영등포역.페어필드메리어트,126.908107,37.516728
영등포시장전철역,126.905191,37.521682
영등포역.신세계백화점타임스퀘어,126.90598,37.517327
당산푸르지오아파트,126.905928,37.529075
영등포삼환아파트,126.9056,37.528872
영등포시장전철역,126.904781,37.521411
당산역9번출구,126.903976,37.532657
대영고등학교.신길센트럴아이파크,126.904922,37.504882
대림1동주민센터,126.906188,37.495091
대림1동새마을금고,126.904251,37.493358
대림포교원,126.90322,37.492437
농협.대림2동주민센터,126.901416,37.490811
신대림한솔솔파크아파트.충심교회,126.899232,37.488893
대림역,126.895127,37.493795
당서초교,126.899539,37.531111
국회의사당,126.918163,37.528275
현대3차유원아파트,126.897301,37.531935
양화대교전망카페,126.901182,37.53982
신풍프라자,126.901512,37.501786
양화대교전망카페,126.900755,37.539938
문래힐스테이트아파트,126.891497,37.519424
문래힐스테이트아파트,126.891508,37.519647
영등포소방서.타임스퀘어,126.903636,37.518274
영등포구청역공영주차장,126.895223,37.524314
해군호텔,126.916046,37.504339
진로A,126.895564,37.520613
현대2.3차아파트,126.896939,37.532608
신동아아파트.관악고교,126.885503,37.522356
한국거래소공항방면,126.926964,37.523503
당산역,126.901048,37.533003
삼성래미안아파트,126.913048,37.507407
골프장,126.919918,37.508693
삼환아파트,126.920029,37.507131
병무청,126.921623,37.506366
대방동성당,126.921656,37.50516
신길한성아파트,126.919911,37.504151
신길새마을금고신길4동지점,126.912667,37.505426
래미안영등포프레비뉴아파트,126.906936,37.505635
신길힐스테이트클래시안아파트,126.911453,37.505591
신길파크자이아파트,126.913563,37.504934
서울해군호텔,126.916003,37.504259
대방동성당,126.921726,37.505045
병무청,126.92175,37.506363
삼환아파트,126.919882,37.507491
오거리,126.921573,37.508668
서울해군호텔,126.915975,37.504544
영등포역1번출구,126.907997,37.514679
영등포역2번출구,126.90782,37.514584
신길GS자이아파트정문,126.917107,37.506299
신길GS자이아파트후문,126.915799,37.5061
신길4동주민센터,126.911555,37.508181
신길GS자이아파트정문,126.917244,37.506131
63빌딩.한강유람선,126.940164,37.521299
여의나루역,126.932128,37.52727
푸른숲아파트,126.917624,37.508716
공군호텔,126.924128,37.510046
공군호텔,126.924618,37.510202
영등포푸르지오,126.903475,37.511773
대우미래사랑,126.900946,37.5123
영등포아트자이,126.898858,37.510991
영등포아트자이,126.899521,37.51146
대우미래사랑,126.900418,37.51181
영등포푸르지오후문,126.904886,37.513267
대한항공훈련센터,126.812301,37.545886
여의나루역.한강버스선착장,126.932849,37.526471
당산119안전센터.당산역,126.899873,37.535022
동작상떼빌아파트,126.904448,37.486449
신대방경남아파트,126.907595,37.490252
신대방현대아파트,126.911476,37.495283
보라매역.동작세무서,126.920196,37.498141
강남중학교,126.921898,37.50379
현대아파트,126.931437,37.513174
현대아파트.유한양행,126.932374,37.513237
노량진수산시장.CTS기독교TV,126.938456,37.513423
노량진수산시장.CTS기독교TV,126.938866,37.51348
노량진역,126.943811,37.513733
노량진역,126.944711,37.513833
노들역,126.949256,37.512825
노들역,126.950962,37.512734
갯마을앞,126.983312,37.497555
정금마을.방배경찰서,126.982614,37.494234
경문고교.배나무골앞,126.982623,37.491591
총신대입구역.남성사계시장입구앞,126.982285,37.488365
사당동우체국앞,126.981945,37.483227
방배노인종합복지관,126.981815,37.480679
서울지방병무청앞,126.923275,37.506935
공군호텔,126.924541,37.510011
대방역,126.926363,37.512588
KT동작지사,126.93566,37.51304
노량진역3번출구,126.941876,37.513495
노량진역2번출구,126.94347,37.513906
사육신공원,126.946301,37.513367
사육신공원,126.947977,37.513315
노들역,126.951051,37.512865
노들역,126.951007,37.512565
흑석동효사정앞,126.960746,37.511555
흑석동효사정앞,126.961238,37.511573
흑석역.흑석동빗물펌프장,126.963214,37.508305
흑석역.명수대현대아파트,126.965045,37.507498
흑석역.명수대현대아파트,126.965592,37.507585
흑석동명수대현대아파트,126.966273,37.507349
비계,126.967675,37.50651
비계,126.968584,37.506437
흑석동한강현대아파트,126.971748,37.505867
흑석동한강현대아파트,126.971971,37.505609
동작역.국립현충원,126.976865,37.502586
동작역.국립현충원,126.976653,37.503189
사당1동상점가,126.977821,37.476832
엔지니어링회관,126.972845,37.476049
서울공업고등학교,126.922339,37.499775
서울공업고등학교,126.921643,37.500012
대림초등학교,126.926481,37.499608
대림초등학교,126.926128,37.499855
성대시장,126.930872,37.50007
성대시장,126.931705,37.500283
상도초등학교입구,126.936736,37.503378
상도초등학교입구,126.935768,37.50296
동작구청.장승배기역4번출구,126.938522,37.504676
동작구청.동작보건소건강관리청,126.94076,37.504993
동작구청.동작보건소건강관리청,126.941729,37.50533
상도노빌리티아파트,126.945942,37.504795
상도노빌리티아파트,126.946868,37.504327
상도터널.노들역3번출구,126.954112,37.512057
상도터널.노들역4번출구,126.953698,37.512006
상도터널.상도동,126.949504,37.504599
상도터널.상도동,126.949519,37.503859
상도역,126.948623,37.501627
상도역,126.94952,37.501249
상도동중앙하이츠빌.상도전통시장,126.951185,37.498813
상도동중앙하이츠빌.상도전통시장,126.951774,37.49869
숭실대입구역,126.952804,37.496926
숭실대입구역,126.953349,37.496167
숭실대입구역,126.953733,37.496461
봉현초등학교,126.956215,37.491678
봉천고개.관악현대아파트,126.956595,37.491733
숭실대중문앞,126.957055,37.49515
숭실대중문앞,126.957281,37.495318
숭실대정보과학관앞,126.960293,37.494639
숭실대레지던스홀앞,126.959907,37.494985
신남성초등학교,126.965649,37.489028
총신대,126.96618,37.488742
총신대,126.966474,37.48786
사당중학교,126.968273,37.486356
사당중학교,126.968179,37.486637
남성역,126.970747,37.484929
남성역,126.971094,37.484588
남성역골목시장,126.973015,37.483804
남성역골목시장,126.972782,37.483676
남성초등학교,126.978586,37.484075
남성초등학교,126.97843,37.484299
이수역9번출구,126.979897,37.484444
이수역10번출구,126.980187,37.484833
신대방삼거리,126.927841,37.497775
신대방삼거리,126.928255,37.498331
신대방동성당.보라매병원입구,126.927191,37.494757
노량진초등학교앞,126.940054,37.51055
노량진초등학교앞,126.940337,37.510453
장성교회,126.939968,37.508211
청화병원,126.94008,37.507245
중앙대학교,126.961322,37.508167
중앙대학교,126.961507,37.508509
중앙대학교,126.961438,37.508345
동작구청.장승배기역2번출구,126.939136,37.504172
동작구청.장승배기역,126.939496,37.503934
상도2동아이파크.포스코더샵아파트,126.940831,37.501479
상도2동아이파크.포스코더샵아파트,126.941138,37.501514
신상도초등학교,126.943535,37.499316
중앙대후문,126.953636,37.504808
중앙대후문,126.953431,37.50455
중앙대정문,126.958294,37.50681
중앙대중문,126.957265,37.506643
중앙대정문,126.959114,37.507231
신대방역,126.911921,37.487296
신대방역,126.911743,37.487417
동작상떼빌아파트,126.907103,37.488254
신대방경남아파트,126.907227,37.488429
사당롯데캐슬골든포레.사당해그린,126.963578,37.492298
서울특별시.보라매병원,126.92448,37.492755
신상도초등학교,126.943674,37.499374
상도4동약수맨션,126.94355,37.497942
경향렉스빌.롯데캐슬비엔,126.942914,37.49593
경향렉스빌.롯데캐슬비엔,126.942735,37.495985
상도4동약수맨션,126.943357,37.497959
래미안상도3차중문,126.953868,37.499875
금양빌딩,126.953502,37.499507
노량진역5번출구,126.940062,37.512377
상도SH빌아파트상도패리스후문,126.953971,37.502655
상도SH빌아파트상도패리스후문,126.954293,37.503142
상도3차삼성래미안후문,126.953823,37.501055
상도3차삼성래미안후문,126.953569,37.500941
상도1동주민센터.상도3차래미안,126.953357,37.498406
상도1동주민센터.상도3차래미안,126.953256,37.498221
노들역앞,126.952211,37.513521
대방역1번출구앞,126.927474,37.513098
대방역.여의교앞,126.92733,37.514757
노들역4번출구앞,126.953359,37.512457
동작실버센터입구.용양봉저정,126.956611,37.513121
사당동대아신협앞,126.97629,37.483377
사당역9번출구앞,126.981396,37.477393
사당롯데캐슬골든포레.사당해그린,126.963072,37.492437
사당솔밭도서관,126.967056,37.484017
효주파크빌,126.926694,37.50279
남성초등학교입구,126.976923,37.483756
정금마을,126.981362,37.493777
이수힐스테이트.이수푸르지오,126.979752,37.494058
사당역10번출구,126.981581,37.478687
현대2차아파트후문,126.932035,37.510701
극동상가,126.974096,37.491687
삼성래미안.롯데캐슬,126.971149,37.489627
자이아파트정문앞,126.96278,37.489137
달마사.흑석어린이집,126.960569,37.500332
사자암,126.936319,37.493769
노들역.노량진교회,126.954619,37.512451
대림현대아파트.사당3동주민센터,126.972484,37.486157
행복유치원,126.940815,37.496163
이수역,126.980626,37.485001
보라매공원정문,126.918578,37.494621
신대방삼거리역,126.928182,37.499967
현대2차아파트후문,126.932111,37.511078
극동아파트110동,126.974672,37.490364
극동아파트110동,126.974121,37.490847
대림아파트후문.래미안로이파크,126.972185,37.488652
자이아파트상가앞,126.963156,37.488683
삼성래미안아파트,126.95927,37.497718
상도4동성문교회.상도어울마당,126.940108,37.499156
당곡중.고등학교,126.935399,37.493045
대림프라자,126.973876,37.483926
롯데캐슬,126.971272,37.489823
보라매공원역1번출구,126.918085,37.496006
강현중학교,126.927871,37.502068
구중앙슈퍼앞,126.935504,37.494612
흑석자이.유앤미아파트,126.960458,37.500706
우리교회,126.931719,37.49776
극동아파트112동,126.976342,37.488599
삼일공원,126.973856,37.486851
사당종합체육관,126.969635,37.492524
숭실대후문,126.961035,37.495095
더크는킨더어린이집,126.940667,37.499627
갑을명가아파트,126.934574,37.493694
사당시장,126.975127,37.48309
롯데캐슬비엔,126.943091,37.496843
삼거리,126.968303,37.4856
대방어린이도서관,126.925483,37.503123
성심슈퍼,126.934416,37.495143
흑석자이.흑석한강센트레빌2차,126.960429,37.50209
롯데캐슬샤인,126.971496,37.490922
남성초등학교.사당청소년센터,126.974841,37.48601
신남성초교후문,126.9646,37.489028
현대아이파크,126.941603,37.500889
영은교회,126.934095,37.494396
이수시너스.이수역7번출구,126.981867,37.48391
갑을명가,126.966751,37.482575
성남중고,126.925278,37.504676
청운종합복지관,126.93344,37.495567
은로초등학교,126.96092,37.503263
롯데캐슬샤인,126.971202,37.491096
동작삼일수영장,126.974798,37.487394
삼거리우편물취급소,126.977055,37.484165
사당인정아파트,126.964964,37.489971
선재유통,126.932802,37.494658
중앙대병원,126.960733,37.50769
밤골터널.상도역롯데캐슬파크엘,126.946015,37.501865
동작고교,126.966429,37.481822
대림아파트후문.성남중.고교,126.924815,37.505675
구동사무소,126.93243,37.49611
중대부속초등학교,126.96105,37.505372
국사봉중학교,126.943728,37.493181
장승배기역4번출구,126.937721,37.504481
빙수골공영주차장,126.932158,37.49528
상도역1번출구,126.94721,37.502747
이수역,126.979986,37.484515
동작상떼빌앞,126.908042,37.487706
대방동주민센터,126.926167,37.508177
빙수골마을공원,126.932112,37.496552
중앙대병원후문.흑석시장,126.961766,37.506984
방범초소,126.943742,37.494168
주택가,126.936377,37.505774
백경세탁소,126.930835,37.496645
중앙대중문,126.957288,37.506739
중대후문입구,126.950136,37.504346
신대방1동주민센터,126.909579,37.487041
주공아파트.남도학숙,126.928989,37.508702
상도3동주민센터,126.931274,37.499173
삼성래미안.동작청소년센터,126.934539,37.505637
하손초장교회,126.930061,37.497818
중앙대후문,126.953461,37.505045
이화약국,126.950537,37.504951
숭의여중.고교,126.929952,37.507914
현대한의원,126.932562,37.500159
사당문화복지관,126.969571,37.485342
상도클라베뉴107동,126.938514,37.497246
성대골쉼터,126.936831,37.497599
안일약국,126.934694,37.497861
연세동작병원,126.933543,37.498989
성대약국,126.93257,37.499918
흑석역.흑석동빗물펌프장,126.963333,37.508223
흑석한강센트레빌1차,126.96642,37.506117
흑석고등학교.큰별어린이집,126.965236,37.504295
흑석고등학교.푸르지오상가,126.964981,37.503542
청호아파트후문,126.96426,37.5019
청호아파트정문,126.963619,37.500856
서달산약수터,126.962006,37.500002
보문사,126.938864,37.496533
보라매삼성쉐르빌,126.922875,37.491655
효사정앞,126.960741,37.511431
효사정앞,126.962614,37.510304
사회복지관앞,126.933078,37.506067
7호선신대방삼거리역2번출구.국민은행,126.928418,37.498966
대림프라자,126.974379,37.483807
상도은빛어르신복지관.터널경로당,126.951251,37.506572
동광교회,126.934486,37.501554
남성역.남성역골목시장,126.97222,37.484181
대방목욕탕,126.932391,37.507105
건영아파트,126.951599,37.507883
갯마을,126.982537,37.496234
현대아파트,126.932047,37.512053
경문고등학교,126.982448,37.490181
삼거리우편물취급소,126.977269,37.484218
밤골.상도역롯데캐슬파크엘,126.945594,37.502152
남부교회,126.932287,37.508971
정금마을,126.982563,37.494339
동작고등학교,126.966444,37.481572
KT동작지사,126.934473,37.51218
동작구청.장승배기역2번출구,126.938967,37.503932
총신대역,126.982042,37.487347
남성초등학교.사당청소년센터,126.974976,37.486138
동원베네스트,126.945175,37.503454
신동아정문,126.951252,37.51015
사당솔밭도서관,126.967088,37.483427
해태타워앞,126.924661,37.491094
경성의원.새마을금고앞,126.935955,37.512619
상도2동주민센터,126.941783,37.505053
상도은빛어르신복지관,126.95054,37.506389
삼일공원,126.974016,37.486973
부강탕,126.945991,37.504367
대방역1번출구,126.927428,37.51307
극동아파트앞,126.951364,37.511073
이수역,126.982087,37.486573
삼거리,126.96845,37.485535
전문건설회관.보라매병원,126.924958,37.492359
대림아파트후문.래미안로이파크,126.972591,37.488462
상도브라운스톤,126.943805,37.505286
흑석동,126.965448,37.507676
흑석역.명수현대아파트,126.965093,37.507456
노들역5번출구,126.952159,37.51229
상도노빌리티,126.946671,37.50518
상도역.하나은행,126.947333,37.50382
봉천고개.관악현대아파트,126.956632,37.492118
동작삼일수영장,126.974787,37.487177
동작고교.사당5동주민센터,126.96753,37.485207
건영아파트,126.948005,37.50697
우성201동.극동112동,126.975933,37.488146
삼호.오네뜨아파트,126.96563,37.486545
동작구건강관리청(동작구보건소),126.941543,37.505491
남부교회,126.932072,37.509195
도시가스.두산아파트,126.944702,37.505053
핸드픽트호텔,126.933433,37.501296
핸드픽트호텔,126.93353,37.501611
7호선신대방삼거리역4번출구,126.926744,37.499823
우성아파트,126.947083,37.508454
숭실대입구역2번출구,126.953556,37.496197
시장입구,126.977158,37.489472
신남성초교입구,126.964503,37.487903
새소망교회,126.942003,37.506397
대방목욕탕,126.932239,37.507519
본동초등학교,126.953555,37.510727
코오롱하늘채아파트,126.924009,37.49917
강남교회.오거리,126.944929,37.510278
봉천고개.현대아파트,126.956236,37.491902
신동아아파트,126.976579,37.490007
LG아파트상가,126.963561,37.488601
신동아아파트701동앞,126.943225,37.507481
사회복지관앞,126.933568,37.505716
테니스장.우성아파트304동,126.975936,37.490619
자이아파트정문앞,126.962844,37.489305
신동아관리사무소.영어마루도서관,126.944002,37.508308
삼성래미안.동작청소년센터,126.934817,37.505536
대방역2번출구앞,126.927588,37.512779
경성의원.새마을금고앞,126.93598,37.512794
노량진역,126.941454,37.513724
신동아상가,126.946325,37.507998
주택가,126.93648,37.505504
예스플러스,126.922494,37.503964
KT동작전화국,126.934561,37.512369
노량진역5번출구,126.940089,37.513015
숭실대후문,126.96116,37.495048
건영아파트,126.94766,37.507367
장승배기역4번출구,126.937569,37.50442
테니스장앞,126.959367,37.498112
숭의여중고교.공군항공안전단,126.929696,37.507383
동작구청.장승배기역5번출구,126.938975,37.505096
명창빌딩,126.936507,37.504497
더크는킨더어린이집,126.940666,37.499775
본동시장,126.951974,37.51224
성원아파트,126.925419,37.508822
상도4동성문교회.상도어울마당,126.939995,37.499145
극동아파트,126.95121,37.511111
대방동주민센터,126.926164,37.508387
쌍용아파트,126.932986,37.501504
삼성래미안아파트,126.951085,37.510345
대림아파트후문.성남중.고교,126.924992,37.505866
성대시장,126.932299,37.500081
노량진역,126.943248,37.513504
강현중학교.동작청소년센터,126.934512,37.503
한신아파트,126.951259,37.50874
대방교회,126.923039,37.503971
김한욱치과의원.대륙서점,126.933383,37.498975
건영아파트후문,126.951503,37.507806
대방동주택가.홈타운아파트,126.924142,37.503945
강남교회.오거리,126.944788,37.510246
상도은빛어르신복지관.터널경로당,126.950954,37.506541
강남중학교앞,126.924153,37.502975
사거리,126.936794,37.496036
우성아파트,126.946766,37.508537
범한택시,126.924018,37.500061
제일성민교회,126.937197,37.495461
신동아리버파크,126.947711,37.506677
안일약국,126.934556,37.497762
상도역2번출구,126.947077,37.502907
달마사,126.96069,37.499536
동작하이슈퍼,126.936505,37.495018
상도노빌리티,126.946642,37.505384
밤골.상도역롯데캐슬파크엘,126.945922,37.501955
상도역5번출구,126.948946,37.50358
약수맨션.약수당약국,126.943519,37.498253
현진빌라.고마트,126.943002,37.497211
중앙대후문,126.954026,37.505124
건영아파트,126.947634,37.507448
중앙대중문,126.957356,37.506489
신동아상가,126.946074,37.50813
중앙대정문,126.958223,37.506744
신동아관리사무소.영어마루도서관,126.944545,37.508498
중앙대병원,126.961376,37.507541
신동아아파트701동앞,126.942972,37.507502
보라매어린이집.문창중학교,126.923186,37.497719
중앙대병원후문.흑석시장,126.96127,37.506463
새소망교회,126.941566,37.50621
동작우체국,126.924507,37.49773
중앙대부속초등학교.롯데캐슬에듀포레,126.960786,37.504921
신대방삼거리역.성대시장,126.927931,37.498225
은로초등학교,126.960781,37.503257
신대방1동경남아파트,126.907561,37.489932
흑석한강센트레빌2차.흑석자이,126.96033,37.50222
부강탕,126.945978,37.504547
유앤미아파트,126.960133,37.500925
동원베네스트,126.944765,37.503206
보라매병원.전문건설회관,126.923833,37.492988
동양아파트.달마사,126.959859,37.499563
밤골.상도역롯데캐슬파크엘,126.945507,37.501965
신대방역,126.913015,37.487499
빌라삼거리.영도교회.약수터,126.943605,37.495354
신대방1동주민센터,126.909746,37.487212
방범초소,126.943583,37.494426
신대방현대아파트,126.911691,37.495158
국사봉중학교,126.943573,37.493384
신대방우성아파트앞,126.910382,37.493343
교수아파트,126.913423,37.496296
보라매공원역2번출구,126.91778,37.496071
보라매공원정문,126.918242,37.494767
삼일초등학교앞,126.975663,37.488106
상도초등학교,126.936022,37.502853
신동아상가,126.951407,37.50876
현대아파트,126.931917,37.512346
서달산약수터,126.962022,37.499849
신대방역,126.913038,37.486605
신대방역,126.912971,37.486769
장성교회,126.939901,37.507439
숭의여중고교.공군항공안전단,126.930147,37.507999
대방동주공아파트,126.92888,37.509053
노량진신한은행,126.944171,37.512155
노량진한국법학교육원,126.944331,37.512354
7호선신대방삼거리역2번출구.국민은행,126.928517,37.498828
하손초장교회,126.930025,37.497713
백경세탁소,126.930715,37.496591
빙수골공영주차장,126.932011,37.495299
선재유통,126.932755,37.494555
영은교회,126.933992,37.49438
갑을명가아파트,126.93448,37.493601
당곡중.고등학교,126.935563,37.492918
사자암,126.936414,37.493762
동작하이슈퍼,126.93673,37.494918
제일성민교회,126.937401,37.495337
보문사,126.938646,37.49612
동아아파트,126.940163,37.496431
행복유치원,126.941249,37.495752
사당1동주민센터입구,126.978743,37.484087
노들역5번출구앞,126.952531,37.51254
청호아파트,126.963788,37.500752
푸르지오후문,126.964334,37.501593
푸르지오상가,126.965037,37.50342
흑석한강푸르지오,126.965356,37.504294
흑석동주민센터,126.966461,37.505867
대방중학교,126.914484,37.495492
상도감리교회.보건소,126.941312,37.505495
수도여고.남부수도사업소,126.915251,37.493555
동작구민체육센터.기상청,126.917242,37.49424
동작구민체육센터.기상청,126.91718,37.494414
수도여고.남부수도사업소,126.914882,37.493877
대방중학교,126.914576,37.495531
정금마을,126.981166,37.493933
경동아파트,126.953718,37.509484
동양중학교,126.954804,37.509114
극락정사,126.951806,37.508048
흑석역,126.962303,37.509201
중앙대병원,126.960364,37.507436
상도역1번출구,126.947837,37.502586
봉천고개.관악현대아파트,126.956601,37.491345
상도3동주민센터,126.929893,37.499504
양녕청년주택,126.936167,37.496679
두산위브아파트,126.970875,37.484878
보라매역.동작세무서,126.920191,37.499231
노량진수산시장,126.940809,37.51575
보라매역.동작세무서,126.920229,37.497993
신남성초교입구,126.964541,37.487709
삼호.오네뜨아파트,126.965345,37.486604
사당5동주민센터,126.967493,37.485074
구로디지털단지역,126.902447,37.483935
구로디지털단지역,126.902467,37.483977
사당자동차학원,126.983217,37.471427
사당역,126.981722,37.474823
서울미술고.인헌중고,126.965554,37.476466
낙성대입구,126.961876,37.47791
행운동주민센터,126.956869,37.479844
서울대입구역5번출구,126.951014,37.481628
KT관악지점,126.947191,37.482039
봉천역.관악초등학교,126.943152,37.48244
KT&G관악지점,126.937313,37.484475
신림사거리.신림역,126.927854,37.484149
남부초등학교,126.922045,37.483402
호림박물관,126.918377,37.482723
난곡입구,126.915723,37.482237
관악구보훈회관.신림푸르지오,126.91124,37.481362
천주교성령봉사회관.등불교회,126.907958,37.480755
KT구로지사,126.904999,37.480265
난곡입구,126.916139,37.48194
남서울중학교.성보중고등학교,126.921011,37.48282
신림사거리.신림역,126.928063,37.483818
KT&G관악지점,126.936125,37.484533
봉천역.관악초등학교,126.943115,37.482055
KT관악지점,126.948461,37.481483
서울대입구역1번출구.샤로수길,126.954584,37.480368
낙성대동,126.957391,37.479275
낙성대입구,126.960887,37.477844
인헌중고.서울미술고,126.966624,37.475653
예술인마을.사당초등학교,126.973885,37.475937
남서울농협남현동지점,126.977301,37.476371
서울대학교,126.947952,37.466741
서울대학교,126.948843,37.466854
서울여상.서울문영여중고앞,126.9533,37.47316
관악구청,126.952498,37.477982
봉천사거리.봉천중앙시장,126.954226,37.482887
봉원중학교.행운동우성아파트,126.955913,37.484901
관악푸르지오아파트,126.958166,37.487703
성현동동아아파트,126.957733,37.488402
봉원중학교.행운동우성아파트,126.955336,37.484858
봉천사거리.봉천중앙시장,126.953839,37.483155
관악구청,126.952188,37.479347
관악경찰서.관악소방서,126.952572,37.475253
서울여상.서울문영여중고앞,126.952845,37.473002
신림중.삼성고.관악아트홀·도서관,126.944412,37.470352
서울산업정보학교.삼성교,126.941125,37.471014
신성초등학교,126.937423,37.471078
서울대벤처타운역1번출구,126.933686,37.473207
쑥고개입구,126.937495,37.476192
서원역1번출구.신관중학교,126.932386,37.47865
신림사거리,126.930072,37.481926
신림동별빛거리입구,126.929632,37.485848
당곡역.보라매공원.보라매병원,126.927621,37.490442
당곡역2번출구.롯데백화점관악점,126.927485,37.490009
신림동별빛거리입구,126.92906,37.486415
신림사거리,126.929638,37.482767
서원역,126.932723,37.477919
서림동주민센터.신화단지,126.936342,37.475529
서울대벤처타운역.삼성동시장,126.93296,37.472713
대학동고시촌입구,126.938381,37.470538
서울산업정보학교.삼성교,126.942028,37.470574
관악산입구.관악아트홀·중앙도서관,126.946871,37.467758
당곡역.당곡사거리.롯데백화점,126.927075,37.491004
사당역4번출구,126.981359,37.475541
남현동홈플러스앞,126.98253,37.472373
남태령역,126.987784,37.46557
낙성대입구,126.957994,37.478293
삼성동주민센터,126.933021,37.470006
미림고개,126.931983,37.468113
미림여고.미림마이스터고등학교,126.931333,37.465641
신우초등학교,126.93169,37.462487
삼성산성지,126.929865,37.458825
산장아파트,126.927725,37.459955
삼성산주공아파트,126.925109,37.461345
산복터널.관악산휴먼시아2단지,126.922015,37.458697
산복터널.관악산휴먼시아2단지,126.922576,37.459081
삼성산주공아파트,126.925091,37.461106
산장아파트,126.9275,37.459796
삼성산성지,126.929886,37.458613
신우초등학교,126.931956,37.462411
미림여고.미림마이스터고등학교,126.931621,37.465113
미림고개.고시촌입구,126.932099,37.467792
서울대벤처타운역,126.933591,37.470693
쑥고개,126.940398,37.478535
e편한세상서울대입구아파트,126.942829,37.479532
영락고교.영락의료과학고,126.945622,37.479213
생모리츠타운,126.947759,37.47905
관악구청,126.950797,37.478727
생모리츠타운,126.947668,37.479246
영락고교.영락의료과학고,126.945641,37.479396
e편한세상서울대입구아파트,126.942933,37.47973
쑥고개,126.940121,37.478627
은천교,126.935819,37.486274
봉일시장,126.938705,37.486185
은천초등학교,126.942434,37.486084
두산.벽산아파트.서울관광고등학교,126.945256,37.486786
현대시장앞,126.947932,37.486735
관악동부센트레빌아파트앞,126.951997,37.48624
중앙동성당앞,126.954662,37.485804
중앙동성당앞,126.955194,37.485923
관악동부센트레빌아파트앞,126.951302,37.486474
벽산.두산아파트.서울관광고등학교,126.945175,37.486965
은천초등학교,126.942448,37.48632
봉일시장,126.938987,37.486262
은천교,126.935551,37.486489
신림청소년독서실.신림체육센터,126.914797,37.480922
난곡우체국사거리,126.915601,37.477189
신일교회앞.도깨비시장,126.916765,37.475453
세이브마트앞,126.918037,37.473857
남강중고등학교입구,126.919522,37.472257
우림시장.난곡보건분소,126.920001,37.470547
난우중학교입구,126.920541,37.466692
신림복지관앞,126.919677,37.465282
신림복지관앞,126.919495,37.465357
난우중학교입구,126.920348,37.467392
우림시장.난곡보건분소,126.919742,37.470667
남강중고등학교입구,126.919142,37.472556
세이브마트앞,126.917434,37.473958
신일교회앞.도깨비시장,126.916574,37.475399
난곡우체국사거리,126.915431,37.476981
신림청소년독서실.신림체육센터,126.914662,37.480315
KT구로지사,126.9054,37.481275
골목시장앞,126.90538,37.481509
조원동주민센터,126.907414,37.483436
조원동주민센터,126.907056,37.483184
신대방역,126.913003,37.486579
신대방역,126.912696,37.48667
보라매공원입구,126.91749,37.489123
보라매공원입구,126.917801,37.489435
보라매파크뷰아파트,126.922039,37.489649
롯데관악점,126.925165,37.489726
롯데관악점,126.925707,37.49013
당곡역,126.927062,37.4893
당곡중학교,126.930542,37.488085
당곡중학교,126.931917,37.487949
봉현초등학교,126.955467,37.490716
동아아파트105동앞,126.955414,37.490528
관악드림타운115동,126.952794,37.490522
관악드림타운115동,126.953011,37.490145
관악드림타운북문,126.951277,37.491601
관악드림타운북문,126.95108,37.491544
구암중학교,126.94834,37.492464
구암중학교,126.948465,37.492286
벽산아파트.적십자남부봉사관,126.946532,37.492953
벽산아파트.적십자남부봉사관,126.94616,37.493053
벽산블루밍벽산아파트303동앞,126.944369,37.49194
구로디지털단지역,126.902688,37.483824
현대시장,126.947837,37.486881
서울대입구역2번출구,126.95273,37.480111
신봉초등학교입구,126.946825,37.48419
구암초등학교,126.946122,37.489188
은천동벽산블루밍아파트105동,126.945864,37.489368
은천동두산아파트3단지,126.946554,37.484359
봉일시장,126.937243,37.485073
봉천역,126.94212,37.483236
현대시장,126.946591,37.487679
현대시장,126.94652,37.48744
관악우체국.에이치플러스양지병원,126.933157,37.484848
관악우체국.에이치플러스양지병원,126.933148,37.484452
보라매삼성아파트.모자원고개,126.927398,37.494514
조원힐스테이트뉴포레아파트,126.906161,37.483575
관악산휴먼시아.신림푸르지오2차,126.919523,37.460381
관악산휴먼시아아파트1단지입구,126.921963,37.460928
관악산휴먼시아아파트1단지입구,126.92163,37.460993
난향동주민센터,126.919167,37.461001
서울대정문,126.948389,37.465735
법대.사회대입구,126.948992,37.462798
자연대.행정관입구,126.948833,37.460275
농생대,126.949167,37.457163
공대입구,126.949844,37.454931
신소재,126.950226,37.453496
제2공학관,126.952077,37.448795
유회진학술정보관.제1공학관,126.952595,37.451283
유전공학연구소.반도체공동연구소,126.953902,37.45401
교수회관입구,126.955349,37.456071
관악사삼거리,126.956726,37.460788
국제대학원,126.955263,37.46418
수의대입구.보건대학원앞,126.954632,37.466119
경영대.행정대학원,126.952053,37.466135
경영대.행정대학원,126.951012,37.465863
수의대입구.보건대학원앞,126.954672,37.465773
국제대학원,126.954927,37.46371
관악사삼거리,126.95666,37.460528
공동기기원,126.954467,37.455119
유전공학연구소.반도체공동연구소,126.953552,37.453748
에너지자원신기술연구소,126.952214,37.453595
공대입구,126.949896,37.455364
농생대,126.949388,37.457113
자연대.행정관입구,126.948956,37.45999
문화관입구,126.94945,37.461487
법대.사회대입구,126.949075,37.46326
서울대정문,126.948636,37.465375
우방아파트,126.919247,37.489233
은천성결교회,126.921426,37.488327
남부초교후문,126.922641,37.48672
봉림교,126.924517,37.484777
봉림교,126.924632,37.484972
남부초교후문,126.922237,37.486449
청담고시원,126.939951,37.471661
우리슈퍼,126.939371,37.472285
명호고시원,126.938861,37.473319
동작마트,126.938356,37.474282
제일성도교회,126.940439,37.474833
삼양슈퍼,126.942067,37.475104
금성마트용천사,126.942808,37.475029
삼양슈퍼,126.942114,37.474934
제일성도교회,126.940479,37.474658
동작마트,126.938033,37.474939
고시촌입구,126.937664,37.470549
대학동치안센터,126.937646,37.469042
대학동노인정,126.93757,37.46735
금호타운아파트,126.93766,37.46574
금호타운아파트,126.937829,37.46571
대학동노인정,126.937687,37.467159
대학동치안센터,126.937774,37.468938
서울대입구역3번출구,126.952444,37.480701
청림동현대아파트,126.957561,37.491334
청림동현대아파트,126.959384,37.491948
보성운수기종점,126.919021,37.464127
난곡공영차고지,126.918963,37.463938
제2공학관,126.952143,37.448085
건설환경종합연구소앞,126.949696,37.4472
봉일시장,126.937288,37.485533
보라매공영주차장,126.934232,37.488704
당곡중고교,126.934043,37.491123
연희빌라,126.933808,37.492583
재넘이고개,126.935367,37.492828
연희빌라,126.933739,37.492529
당곡중고교,126.933932,37.491138
보라매공영주차장,126.934134,37.488726
신림사거리.신림역,126.928276,37.484199
신사동주민센터.신사시장,126.917282,37.485534
건영유치원,126.914592,37.48505
신대방역,126.913684,37.486448
난곡사거리,126.914462,37.483037
난곡사거리,126.914238,37.482768
신대방역,126.913484,37.486365
신사시장.평화교회,126.91388,37.484468
신사시장.선한이웃교회,126.914038,37.484528
신림청소년독서실.신림체육센터,126.914871,37.480443
신사동진양빌딩앞,126.914612,37.487694
호림박물관,126.918619,37.482367
보성운수차고지맞은편,126.919263,37.464671
조원아파트,126.90782,37.484088
성원홈아파트,126.934414,37.490231
성원홈아파트,126.9343,37.490204
신림빗물펌프장,126.9084,37.484979
봉천사거리.위버폴리스,126.953572,37.482793
서원동승리교앞,126.929907,37.481586
서울난향초등학교.난향동주민센터,126.918889,37.462737
은천길입구,126.933611,37.486648
대학동샘말공원,126.938346,37.465138
서울대학교.치과병원.동물병원,126.952082,37.469274
서울대학교.치과병원.동물병원,126.951937,37.470034
신림2교,126.93678,37.477526
서울대학교,126.949632,37.467661
신림역2번출구,126.929897,37.483322
벽산블루밍아파트종점,126.944636,37.492105
청림동현대아파트입구,126.957413,37.491075
아카시아마을.민방위교육장,126.911063,37.472077
난향동공영차고지,126.918907,37.463478
청림동푸르지오아파트121동앞,126.960664,37.485587
보명사.법화사,126.924832,37.476073
현대아파트후문,126.930469,37.475255
GS편의점.소망유통,126.968658,37.469319
국사봉,126.941744,37.491065
봉천역,126.940901,37.48359
뉴서울아파트,126.911126,37.471417
푸르지오122동,126.959664,37.486098
승산밝은빛교회.구무림비디오,126.924227,37.475728
코사마트,126.930202,37.476219
인수당약국,126.968136,37.470167
벽산아파트후문.만물슈퍼,126.94185,37.490788
신협,126.946574,37.483195
쌍용아파트후문,126.911754,37.472677
관악로입구,126.958022,37.486427
한마음슈퍼,126.923498,37.475318
미성빌라,126.930299,37.477077
우리현대마트,126.96754,37.471078
우리슈퍼,126.942112,37.490384
두산아파트입구,126.946825,37.484773
벽산아파트501동.적십자센터,126.94658,37.492905
신라놀이터,126.912549,37.473248
충남슈퍼.생각대로통신,126.922789,37.474919
혜성세탁소,126.930388,37.477696
동인약국.인헌중고입구,126.966982,37.471972
수정슈퍼,126.942101,37.489803
현대시장,126.946948,37.487074
벽산아파트,126.943894,37.492293
두영아파트,126.913775,37.474299
삼성산주공정문,126.914873,37.480443
서울대입구역2호선,126.953836,37.482466
제일교회입구,126.922087,37.474526
GS편의점,126.930771,37.47857
오리사랑,126.966839,37.473742
서울관광고등학교,126.941866,37.489075
구암초등학교정문,126.946435,37.488166
현대홈타운아파트,126.963367,37.47934
미성중학교,126.913184,37.475571
삼성산주공307동앞,126.927335,37.461716
관악프라자,126.954733,37.483576
남강중고등학교입구,126.921394,37.474146
동산교회,126.929866,37.479081
인헌연세약국,126.966745,37.475066
산성교회,126.941548,37.488672
관악센트씨엘정문,126.946093,37.489971
낙성대역,126.962421,37.47779
라이프아파트,126.913696,37.477173
2단지종합상가,126.926318,37.463577
애동유치원,126.920235,37.474269
서강약국,126.928124,37.479471
인헌시장입구,126.965772,37.475428
경천교회,126.94048,37.488027
대학원생활관,126.957392,37.462336
성현동주민센터,126.947285,37.489861
사랑의병원,126.95643,37.479624
신림고등학교,126.91609,37.477681
203동앞,126.926498,37.464445
관악로입구,126.957795,37.486276
세이브마트,126.918819,37.474176
동부아파트,126.928431,37.481301
파리바게트.낙성대지하철,126.964377,37.476144
국회단지입구,126.939319,37.4866
학부생활관,126.958072,37.463751
구암어린이집.관악센트씨엘108동,126.947636,37.490956
낙성대역,126.962659,37.477876
난곡터널,126.918386,37.47798
광신고등학교.주공1단지,126.927107,37.466029
우성아파트103동,126.959246,37.486092
난우초등학교,126.91773,37.475947
삼모타워앞.건강보험관악지사,126.928399,37.482525
인헌초등학교,126.962192,37.476984
은천교앞,126.935882,37.4864
BK국제관,126.957869,37.465424
관악드림타운2단지,126.947059,37.491715
현대홈타운아파트,126.96348,37.47913
갑을아파트,126.922055,37.489754
신원동치안센터,126.927033,37.479091
유완약국.성림교회,126.930051,37.466817
행운동우성아파트109동앞,126.961218,37.48529
신림고등학교,126.916075,37.477897
낙성대입구,126.95998,37.477808
신림성모성당앞,126.932666,37.487074
가족생활동,126.957774,37.466977
롯데백화점,126.924483,37.490428
삼성전자,126.931084,37.467694
신림청소년독서실.신림체육센터,126.914876,37.4805
샤로수길입구,126.957535,37.478754
관악우체국,126.934138,37.485143
신림고등학교,126.916817,37.477981
신림사거리.신원시장,126.927301,37.483709
삼성동시장,126.931631,37.469204
난곡사거리,126.914463,37.482301
신림역,126.929651,37.485488
인헌아파트,126.961287,37.468021
서울대벤처타운역.삼성동시장입구,126.933213,37.471855
동부아파트,126.928214,37.48132
낙성대역,126.964856,37.476321
당곡역.당곡사거리,126.928766,37.488731
서울융합과학교육원,126.957999,37.468722
은천교입구,126.934275,37.486836
은천교입구,126.934138,37.486902
삼성아파트,126.927382,37.494577
조원경로당,126.90827,37.483539
서강약국,126.927966,37.479474
인헌연세약국,126.966823,37.474848
낙성대공원.다시가는캠퍼스,126.958771,37.4722
신도브래뉴.구펭귄아파트,126.910971,37.484196
동산교회,126.929935,37.478882
오리사랑,126.966685,37.473685
봉일시장,126.938624,37.486189
낙성대입구,126.959588,37.478745
낙성대현대아파트,126.95915,37.474873
성지빌딩,126.931007,37.478693
펭귄시장,126.912358,37.483575
동인약국.인헌중고입구,126.966851,37.471915
국회단지입구,126.939421,37.486536
인헌초등학교,126.959159,37.476588
난곡사거리,126.914064,37.482515
우리현대마트,126.967357,37.471121
경천교회,126.940554,37.487947
낙성대입구,126.959461,37.477517
신림체육센터,126.914599,37.481013
서림동주민센터,126.934978,37.474853
인수당약국,126.967795,37.470443
산성교회,126.941601,37.488591
신원동치안센터,126.92621,37.479226
현대아파트109동,126.933314,37.474873
개미유통,126.966843,37.469987
서울관광고등학교,126.941975,37.489041
낙성대역,126.961975,37.477079
서울대호암교수회관,126.958317,37.46773
관악세무서,126.924514,37.47911
난우초등학교,126.917184,37.476474
현대아파트106동,126.932531,37.475098
세진아파트,126.96598,37.469632
수정슈퍼,126.94215,37.489564
낙성대입구,126.959181,37.477594
구로디지털단지역,126.902906,37.483723
구로디지털단지역,126.905813,37.484369
난곡터널,126.919291,37.478363
난곡종점,126.919284,37.464111
세이브마트,126.918575,37.474247
봉천역,126.941427,37.483591
은천아파트,126.96517,37.469304
우리슈퍼,126.942321,37.490151
인헌초등학교,126.958964,37.476525
서울대벤처타운역.삼성동시장입구,126.932981,37.471688
애동유치원,126.920211,37.474156
인헌아파트,126.961684,37.468259
롯데백화점관악점,126.924919,37.489744
롯데백화점관악점,126.925981,37.490092
신림역,126.932988,37.484498
신림역,126.930756,37.484581
봉천역,126.944141,37.481995
봉천역,126.941504,37.482712
서울대입구역,126.951428,37.481593
벽산아파트후문.만물슈퍼,126.941859,37.491069
낙성대현대아파트,126.959066,37.474425
사당역4번출구A,126.981484,37.475002
사당역4번출구B,126.981517,37.474809
봉천역,126.941712,37.483334
관악센트씨엘후문,126.946872,37.491838
라이프아파트,126.913564,37.477167
삼성동시장,126.931456,37.46916
남강중고등학교입구,126.921452,37.474084
은천아파트,126.965142,37.469183
낙성대공원.다시가는캠퍼스,126.958598,37.472483
구암어린이집.관악센트씨엘108동,126.947527,37.491085
미성중학교,126.913075,37.475604
삼성전자,126.931087,37.467907
제일교회입구,126.922144,37.474477
세진아파트,126.965979,37.469516
서울융합과학교육원,126.957984,37.469564
성현동주민센터,126.947987,37.49002
두영아파트,126.913649,37.474349
유완약국.성림교회,126.930028,37.466908
충남슈퍼.생각대로통신,126.922852,37.474859
개미유통,126.966852,37.46988
호암교수회관,126.958338,37.468456
현대시장,126.946652,37.487224
신라놀이터,126.912493,37.473313
광신고등학교.주공1단지,126.926806,37.465542
한마음슈퍼,126.923549,37.475255
소망유통,126.968401,37.46947
두산아파트,126.946679,37.484736
쌍용아파트후문,126.911669,37.472737
201동.동신교회,126.925857,37.464216
승산밝은빛교회.구무림비디오,126.92426,37.475642
군인아파트,126.968694,37.468967
호암교수회관,126.957813,37.468258
신협,126.946455,37.483214
뉴서울아파트,126.911076,37.471512
3단지종합상가,126.92665,37.463245
보명사.법화사,126.924862,37.475982
가족생활동,126.95769,37.466361
봉천역6번출구,126.943533,37.483213
아카시아마을.민방위교육장,126.911158,37.472099
삼성산주공307동앞,126.927307,37.461825
서울대후문.연구공원,126.957778,37.465104
봉천역4번출구,126.941526,37.483586
삼성산주공아파트정문,126.925702,37.461218
학부생활관,126.957717,37.463142
대학원생활관,126.956782,37.461973
기숙사삼거리,126.956766,37.460464
제2파워플랜트,126.949695,37.449338
건설환경종합연구소,126.949799,37.447169
보라매노인복지회관,126.925891,37.492678
벽산아파트,126.943718,37.492322
적십자센터,126.946361,37.493009
봉림교,126.926936,37.483688
서원치안센터.건강보험관악지사,126.929159,37.481993
노천강당,126.955328,37.458795
신림역4번출구,126.92886,37.484025
행정관,126.95022,37.461591
서원역2번출구.서원동성당앞,126.934466,37.477836
신림복지관앞,126.919765,37.465304
말죽거리공원사거리,127.038482,37.47859
말죽거리공원사거리,127.038748,37.477657
양재역.서초문화예술회관,127.035902,37.48261
양재역.서초문화예술회관,127.036827,37.481927
뱅뱅사거리,127.032432,37.487667
뱅뱅사거리,127.033097,37.486653
래미안아파트.파이낸셜뉴스,127.030405,37.491895
래미안아파트.파이낸셜뉴스,127.030987,37.491087
신분당선강남역,127.028537,37.495849
신분당선강남역,127.029112,37.494993
지하철2호선강남역,127.025743,37.501796
지하철2호선강남역,127.02637,37.500785
논현역,127.023032,37.507226
논현역,127.023728,37.506367
신사역.푸른저축은행,127.020057,37.514113
신사역,127.020607,37.512972
반포역,127.011893,37.508411
반포역,127.011152,37.507999
고속터미널,127.005129,37.50629
고속터미널,127.003925,37.505846
신반포역.세화여중고,126.995719,37.503418
신반포역.세화여중고,126.994693,37.503051
구반포역.세화고등학교,126.990026,37.501945
구반포역.세화고등학교,126.98907,37.501735
아리랑TV,127.009081,37.478836
남태령역,126.988088,37.465695
이수역,126.982074,37.482332
사당역,126.982118,37.474235
총신대입구역.남성사계시장입구앞,126.982319,37.487548
경문고등학교,126.982742,37.490437
정금마을,126.982719,37.493303
염곡마을.서초50플러스센터,127.05081,37.461125
염곡마을.서초50플러스센터,127.049474,37.461563
탑성마을.서초포레스타입구,127.058689,37.457759
탑성마을.서초포레스타입구,127.058725,37.457572
안골마을.서울언남초등학교,127.06331,37.455749
안골마을.서울언남초등학교,127.063129,37.455711
샘마을.서울특별시어린이병원,127.070909,37.457177
샘마을.서울특별시어린이병원,127.070106,37.456802
매헌시민의숲사거리,127.038769,37.472148
매헌시민의숲사거리,127.038548,37.472854
매헌시민의숲,127.039534,37.469286
매헌시민의숲,127.03875,37.470364
서초포레스타5단지정문,127.058382,37.451778
서초종합체육관,127.042176,37.45851
서울추모공원,127.042698,37.454156
양재동화물터미널,127.036777,37.460126
양재동화물터미널,127.037077,37.460201
서울추모공원,127.042881,37.454268
교대역13번출구,127.01419,37.491782
서울교대사거리,127.01506,37.487329
교대역2번출구,127.015382,37.494024
서초동유원아파트,127.020216,37.495457
창신교회앞.서리풀노리학교,127.02123,37.490468
창신교회.서리풀노리학교,127.021281,37.4903
서울교대정문앞,127.01621,37.488934
서울교대정문앞,127.016373,37.488798
남부터미널,127.0175,37.483349
서울시인재개발원입구,127.022223,37.483107
서울시인재개발원.한우리문화센터,127.021745,37.482652
서일초등학교,127.021315,37.486507
서일초등학교,127.021085,37.486141
롯데칠성,127.024004,37.496657
롯데칠성,127.02522,37.495077
서초포레스타2단지앞,127.063037,37.455488
래미안에스티지에스,127.026469,37.492536
래미안에스티지,127.02594,37.493119
서초청소년도서관,127.028568,37.492673
서초청소년도서관,127.02888,37.492623
서초동신동아아파트,127.025391,37.49175
서초2동주민센터.서이초등학교,127.025538,37.491594
래미안리더스원아파트,127.027557,37.490218
서초AICT우수기업센터,127.038912,37.458321
서초문화예술정보학교후문,127.029396,37.489023
서초문화예술정보학교후문,127.029893,37.488815
서초그랑자이아파트,127.026038,37.488001
서초그랑자이아파트,127.026053,37.48763
서초구청,127.030748,37.484275
서초구청,127.030587,37.483858
수협서초지점,127.029385,37.493517
서초문화예술정보학교,127.032016,37.488021
법조단지,127.012997,37.496383
교대역10번출구,127.012781,37.493554
서초역.서울중앙지법등기국,127.007328,37.493099
서초역1번출구,127.008911,37.492016
서울중앙지방검찰청,127.006543,37.494768
서울중앙지방검찰청.대검찰청,127.006115,37.494383
서초아트자이아파트,127.010843,37.485859
서초동삼성아파트,127.009343,37.488921
서초유스센터.서초아트자이,127.010501,37.48548
서초동삼성아파트,127.008965,37.488512
서초3동주민센터,127.011636,37.483129
서초3동주민센터,127.01208,37.483222
예술의전당앞교차로,127.012886,37.481686
서초중학교,127.008538,37.483605
서초중학교,127.008805,37.483388
서울고등학교,127.005,37.48293
서울고등학교,127.005579,37.482747
상문고교,127.004724,37.481905
서초동예술의전당,127.01123,37.479433
서초동예술의전당,127.010803,37.479699
남부터미널.기쁨병원,127.016866,37.481958
남부터미널.기쁨병원,127.017602,37.481736
남부터미널.한일시멘트,127.014218,37.484732
남부터미널,127.015603,37.484753
서울교대사거리,127.014648,37.487385
서울교대사거리,127.013343,37.488051
서울교대사거리,127.013139,37.487837
교대역14번출구,127.013952,37.491176
KCC사옥,127.020281,37.503034
서초푸르지오써밋,127.021952,37.501368
서초푸르지오써밋.롯데캐슬클래식,127.022168,37.501476
진흥아파트,127.023703,37.497723
진흥아파트,127.023829,37.498076
강남역9번출구,127.026604,37.497784
서초동진흥아파트,127.022775,37.496579
서초동유원아파트,127.019767,37.495758
지하철2호선교대역4번출구,127.015839,37.494473
법조단지,127.013245,37.496285
신논현역7번출구.교보타워사거리,127.025107,37.50262
강남역10번출구,127.026307,37.5001
잠원한신아파트,127.010087,37.516501
래미안신반포리오센트아파트,127.013905,37.519627
신반포18차아파트,127.014197,37.520158
롯데캐슬아파트,127.015485,37.519672
롯데캐슬아파트,127.015393,37.520077
신반포르엘아파트,127.01438,37.516687
신반포르엘아파트,127.01457,37.517676
신동중학교,127.013253,37.515633
신동중학교,127.013019,37.5155
논현역7번출구,127.019358,37.510663
신사역4번출구,127.019565,37.515081
신사역5번출구,127.018994,37.516979
논현역6번출구,127.019213,37.510291
논현역4번출구,127.021955,37.509109
신논현역2번출구,127.023498,37.505962
신논현역1번출구,127.023023,37.504227
제일약품사옥,127.020252,37.503387
사평역,127.013885,37.504918
사평역,127.015802,37.503816
디에이치반포라클라스,127.012449,37.499663
삼호가든사거리.반포도서관,127.011601,37.502797
신반포역4번.래미안퍼스티지,126.99516,37.502853
서초구민체육센터.심산문화센터,126.990515,37.49839
잠원한신아파트,127.009841,37.516795
아크로리버뷰아파트.잠원동성당,127.006645,37.513683
잠원동성당,127.006965,37.51347
뉴코아아울렛,127.007799,37.509201
신반포자이아파트,127.008001,37.509476
반포3동주민센터.청담고등학교,127.006758,37.511097
반포자이아파트,127.009483,37.506156
서울지방조달청.서울성모병원,127.003933,37.499262
고속터미널역3번출구,127.006336,37.503555
서울지방조달청.서울성모병원,127.004091,37.500675
서울성모병원,127.005482,37.502759
서초구민체육센터.심산문화센터,126.991097,37.497961
반포미도아파트앞,127.011583,37.501702
고속터미널호남선,127.003079,37.505352
삼호아파트,126.987806,37.496634
방배사이길,126.990278,37.493329
방배동삼호아파트,126.988253,37.496532
가야메디컬센터,126.989875,37.493392
이수교,126.983412,37.496977
롯데캐슬헤론아파트,126.985205,37.497274
한국제약바이오협회,127.0017,37.482308
방배역.방배서리풀이편한세상,126.996472,37.483589
내방역2번출구,126.994384,37.486775
내방역3번출구,126.994095,37.486623
방배1동주민센터.방배아크로타워,126.996146,37.483449
방배역먹자골목.백석예술대학교,126.996716,37.48135
서울교통공사사당별관,126.986165,37.476711
종로교회,126.989096,37.478642
대우효령아파트,126.993366,37.480204
이수중학교,126.993051,37.48091
방배브라운가아파트,126.990895,37.484255
사당역11번출구,126.982092,37.479002
사당역3번출구,126.982018,37.475079
경남임광아파트,127.000631,37.477202
방배그랑자이아파트정문,127.00028,37.477253
서울지방법무사회,126.998755,37.48004
현대멤피스2차아파트,126.998445,37.479814
한국제약바이오협회,127.002689,37.482269
방배역.백석예술대학교,126.996761,37.481037
방배동대우효령아파트앞,126.994094,37.480167
종로교회앞,126.988716,37.478095
서울교통공사,126.986414,37.476326
방배동래미안아트힐.국립국악원,127.0063,37.477503
방배그랑자이아파트후문,127.000892,37.474819
성뒤마을.교육연수원,126.994633,37.473747
방배동래미안타워,126.990586,37.474674
대항병원,126.987107,37.475642
대항병원,126.986765,37.475387
방배동래미안타워.동덕여중고,126.990656,37.474288
성뒤마을.교육연수원,126.997143,37.473392
방배그랑자이아파트후문,127.001664,37.474774
방배동래미안아트힐.국립국악원,127.006846,37.477275
뒷벌어린이공원.래미안원페를라,126.987137,37.490247
방배동고개,126.989309,37.486754
예술의전당,127.013344,37.480415
방배열린문화센터(방배4동주민센터),126.992062,37.490505
방배열린문화센터(방배4동주민센터),126.991606,37.490618
양재역.양재1동민원분소,127.037419,37.484769
양재노인종합복지관,127.042105,37.483324
블랙야크양재사옥,127.041174,37.480141
현대빌라.에코나우,127.035638,37.47614
현대빌라.에코나우,127.036092,37.476304
우성아파트.양재초등학교,127.03183,37.474586
우성아파트.양재초등학교,127.032754,37.474665
코오롱아파트.양재1동주민센터,127.02819,37.472355
우면코오롱아파트,127.028095,37.472037
우면주공아파트.우면한라아파트,127.025689,37.470712
우면주공아파트.양재1동주민센터,127.026142,37.470783
서울AI허브.한국교원단체총연합회,127.027602,37.467027
서울AI허브.한국교원단체총연합회,127.027854,37.466916
네이처힐3.4단지,127.026157,37.465348
성촌마을입구,127.024964,37.465357
송동마을.서초힐스아파트,127.017907,37.45903
송동마을.서초힐스아파트,127.017842,37.458503
식유촌우면성당.서초호반써밋,127.01272,37.457501
식유촌우면성당.서초호반써밋,127.014295,37.457239
양재역10번출구,127.034711,37.483686
양재역,127.035502,37.483435
말죽거리공원사거리,127.038205,37.479088
말죽거리공원사거리,127.038595,37.479564
양재2동주민센터.양재꽃시장,127.039464,37.469586
매헌시민의숲,127.038353,37.473135
매헌시민의숲사거리,127.038928,37.47328
매헌시민의숲.양재꽃시장,127.03836,37.470867
매헌시민의숲.양재꽃시장,127.039043,37.471255
AT센터.양재꽃시장,127.039655,37.468707
양곡도매시장,127.035195,37.460347
양곡도매시장,127.035251,37.460023
하나로마트.코트라,127.044448,37.463841
코트라,127.044271,37.464867
구룡사앞,127.049075,37.470351
구룡사,127.048132,37.474022
구룡사입구,127.050237,37.472103
동원산업앞,127.045396,37.476647
언남고.포이성당앞,127.045826,37.472033
양재119안전센터앞,127.041247,37.469495
양재119안전센터앞,127.041894,37.470046
꽃마을,127.046368,37.460634
꽃마을,127.046582,37.460431
개나리골입구,127.047578,37.457302
개나리골입구,127.048131,37.457227
새원마을,127.050708,37.454291
새원마을,127.050792,37.454476
본마을,127.051185,37.453263
본마을,127.051342,37.453455
청계산.원터골,127.057701,37.444453
청계산.원터골,127.057669,37.444895
관현사입구,127.063239,37.437321
관현사입구,127.063704,37.437154
새쟁이마을,127.066179,37.434513
새쟁이마을,127.066052,37.434796
옛골,127.070438,37.430947
염곡마을.서초50플러스센터,127.048813,37.46159
염곡마을.서초50플러스센터,127.049156,37.462002
탑성마을,127.056618,37.458377
탑성마을,127.054867,37.459472
안골마을,127.062389,37.456284
서울특별시어린이병원.강동송파과학화예비군훈련장,127.070211,37.456646
서울특별시어린이병원.강동송파과학화예비군훈련장,127.071826,37.457587
헌인릉.강남서초과학화예비군훈련장,127.079544,37.459744
헌인릉.강남서초과학화예비군훈련장,127.082683,37.461116
헌인농장,127.084758,37.461421
헌인마을.서울농업기술센터,127.091443,37.463695
헌인마을.서울농업기술센터,127.089591,37.463343
서초소방서,126.992552,37.498351
강남역8번출구,127.026851,37.497501
방배동래미안타워.동덕여중고,126.990551,37.474718
내방역8번출구,126.994695,37.488129
교대역5번출구,127.014737,37.4938
서초힐스아파트,127.016834,37.457787
강남역7번출구,127.027797,37.496958
사당역1번출구,126.982701,37.476175
남부시장,126.985817,37.495077
강남의림한방병원,126.983417,37.49081
염곡동구룡사,127.047211,37.468475
국제전자센터,127.017723,37.485159
염곡동구룡사,127.047133,37.468328
형촌마을입구(서초네이처힐1.2단지),127.021446,37.463689
국제전자센터,127.017758,37.485435
한국도로교통공단서울지부.코트라,127.044345,37.466295
서초역3번출구,127.007736,37.491126
서초구민체육센터,126.990306,37.498381
반포대교남단.한강시민공원입구,126.999468,37.507811
반포대교남단.한강시민공원입구,127.00039,37.506944
하이브랜드,127.036788,37.462091
이수역5번출구,126.984207,37.485489
방배초등학교,126.986988,37.485736
방배고개,126.990183,37.486495
방배역1번출구.서울남부보훈지청,126.998423,37.481446
내방역3번출구,126.994,37.486776
방일초교,126.994949,37.485952
내방역5번출구,126.992749,37.487533
방배고개.방배초등학교,126.988806,37.486389
이수역,126.984645,37.485866
방배역1번출구.서울남부보훈지청,126.99842,37.481445
방배역4번출구,126.997238,37.482323
동작대교전망카페,126.980279,37.505763
동작대교전망카페,126.980813,37.505858
삼성래미안아파트,127.018493,37.494966
청계산입구역,127.054446,37.448451
청계산입구역,127.053684,37.449476
서초포레스타7단지,127.055573,37.447572
반포한강공원.세빛섬,126.997266,37.512667
반포한강공원.세빛섬,126.997755,37.512248
신논현역.주류성빌딩,127.025786,37.501059
신논현역.BSX빌딩,127.025674,37.501283
신논현역.유화빌딩,127.025549,37.501532
신논현역.서산빌딩,127.025523,37.501731
신논현역.우신빌딩,127.02532,37.501995
신논현역.남서울빌딩,127.025243,37.502172
신논현역7번출구.교보타워사거리,127.024964,37.502768
내방역1번출구,126.995344,37.487984
매헌시민의숲,127.038914,37.473082
동덕여중고,126.992472,37.474169
삼호교회,126.986203,37.493665
남부터미널,127.015544,37.484684
동부센트레빌2,126.988058,37.498032
헌인마을.서울농업기술센터,127.089611,37.463382
잔디마을,127.035232,37.463527
방일초등학교,126.995004,37.485222
네이처힐5단지,127.023895,37.463312
대법원앞,127.00653,37.491669
말죽거리공원사거리,127.038677,37.47947
방배래미안타워,126.990807,37.474634
이수중앙시장,126.988956,37.492114
국제전자센터,127.017622,37.485083
방배신삼호아파트,126.991692,37.497949
헌인릉.꽃시장,127.08362,37.461503
더케이호텔후문,127.034334,37.465335
방배1동주민센터.방배아크로타워,126.996258,37.48349
삼성레포츠,127.020816,37.492206
원불교,127.042416,37.483534
양재역7번출구.한신휴플러스,127.035091,37.48382
서울교통공사사당별관,126.986388,37.476278
방배초등학교,126.986985,37.485755
함지박사거리,126.991267,37.493029
서일초등학교,127.020987,37.486113
이수화학,126.993354,37.49803
예비군훈련장,127.080771,37.455543
더케이호텔정문,127.034115,37.468302
방배역1번출구.서울남부보훈지청,126.998466,37.481409
대림약국,127.020812,37.490446
반포래미안아이파크아파트,127.012159,37.500963
방배고개,126.989074,37.486054
함지박사거리,126.990585,37.492266
서래초교,126.988999,37.495297
방배4동성당,126.993624,37.493636
현대아파트.한국상담대학원대학교,127.023505,37.48689
한국회관.ROTC중앙회,126.995407,37.498704
신흥마을입구,127.081684,37.45861
예술공원,127.032535,37.469989
사당역13번출구,126.982643,37.477112
서초구립반포도서관.반포리체,127.012497,37.502621
서초문화예술정보학교후문,127.029194,37.486714
장자터빌딩,126.990243,37.485312
동부센트레빌1,126.987496,37.497653
삼창골든빌리지,126.995866,37.493949
서초그랑자이아파트,127.026347,37.487745
신반포역4번.래미안퍼스티지,126.99542,37.502695
kt연구소,127.030924,37.471709
상문고등학교,127.004609,37.482146
백산빌딩,126.991036,37.479137
방배브라운가아파트,126.990932,37.48419
방배열린문화센터.가야치과병원,126.992378,37.489358
방배중학교,126.998111,37.495387
래미안퍼스티지중심상가,127.000397,37.504584
우성아파트,127.032854,37.474663
삼환아파트,127.005628,37.48003
반포래미안아이파크아파트후문,127.014562,37.502098
반포고교,127.015885,37.501703
서초문화예술정보학교,127.032166,37.488063
교총회관,127.027746,37.466824
대우효령아파트,126.993507,37.479939
동문빌라,126.991601,37.483156
효성빌라,126.998332,37.496672
서초포레스타3단지정문,127.059338,37.455428
호남고속터미널,127.003224,37.505436
서초포레스타3단지정문,127.05955,37.455326
현대빌라,127.036084,37.476293
방배빌딩.방배아트힐아파트정문,127.006474,37.478281
반포고교,127.016141,37.501286
반포리체,127.014206,37.502524
언남초등학교,127.061422,37.454308
서초동신동아아파트,127.025341,37.491714
삽준네마을,127.02681,37.469269
방배역.백석예술대학교,126.996727,37.480979
이수중학교,126.992447,37.481856
서래마을.서래글로벌빌리지센터,126.998438,37.497897
언남초등학교,127.061632,37.454574
경부고속터미널,127.006848,37.506534
서초더샵포레,127.064301,37.454499
반포써밋아파트,127.016997,37.500922
서초더샵포레,127.063698,37.45471
서초AICT우수기업센터,127.038748,37.458924
매헌윤봉길의사기념관,127.037519,37.469169
대우효령아파트,126.994233,37.480158
서래마을입구,126.998434,37.499181
강남역9번출구,127.026548,37.497727
반포자이아파트,127.00946,37.506226
임광아파트후문,127.003027,37.475819
방현초교,126.988712,37.475833
세탁소,126.987808,37.482208
현대4차아파트,127.017993,37.50057
반포자이아파트,127.010148,37.505633
서초1동주민센터,127.018467,37.489595
매헌시민의숲,127.038386,37.472958
서래마을입구,126.998471,37.499904
반포4동주민센터입구,127.000069,37.500542
반포미도아파트앞,127.011607,37.501843
여의3교,127.0558,37.452534
임광아파트정문,127.001013,37.476567
대성유니드아파트,126.987107,37.483337
서초래미안아파트정문,127.018732,37.500285
뉴코아백화점,127.008075,37.509309
서울교대정문,127.016371,37.488958
일동제약,127.037618,37.477351
롯데캐슬클래식.사랑의교회,127.022957,37.499737
반포래미안아이파크아파트,127.012027,37.500352
언남중고교,127.04581,37.471957
방배3동주민센터,126.999816,37.478449
우리수퍼,126.986334,37.484584
서초래미안아파트남문,127.020418,37.497438
경원중학교,127.009554,37.511873
청호나이스,127.013061,37.487959
구름다리(방배교),126.992136,37.479901
서울지방조달청.서울성모병원,127.003961,37.499524
서울법원청사별관.아크로비스타,127.012497,37.498046
방배(백석예술대)역1번출구,126.998095,37.480979
잠원역,127.011525,37.512852
도구로입구,126.98917,37.47868
국립중앙도서관,127.00442,37.497922
반포1동성당,127.020703,37.504117
여의3교,127.055884,37.452282
방배(백석예술대)역.서초프라자약국,126.997301,37.482235
동덕여고,126.992935,37.474536
이수역4번출구,126.982879,37.485578
신사역4번출구,127.019585,37.515341
유원아파트,127.017867,37.49551
서초역2번출구,127.008147,37.491299
국립국악원,127.00871,37.478171
종로교회,126.988111,37.478112
서초푸르지오써밋,127.021682,37.501966
원불교,127.042206,37.481309
일동제약,127.037054,37.477188
방일초등학교,126.994974,37.485844
논현역5번출구,127.021493,37.51029
청계산입구역,127.055303,37.448957
예술의전당,127.013545,37.480583
서울교통공사,126.986854,37.477447
경원중학교,127.006899,37.511497
대법원,127.006491,37.491607
롯데캐슬클래식,127.022435,37.500431
청계산입구역,127.055012,37.449131
내방역2번출구,126.994331,37.486849
강남역도시에빛,127.028863,37.49483
KT삼거리,127.03021,37.472187
KT연구개발센터정문,127.030016,37.470435
형촌마을입구,127.022193,37.462328
서초호반써밋,127.014667,37.457642
호반써밋서초파크.파크뷰,127.025621,37.460043
서리풀문화광장,127.005498,37.491002
서초포레스타5단지정문,127.058458,37.451765
서초호반써밋,127.015131,37.456345
서초포레스타3단지후문,127.059588,37.453804
서초힐스아파트,127.019579,37.456463
LH3.호반써밋서초파크,127.022957,37.457955
신논현역2번출구,127.023553,37.506054
강남역서초현대타워앞,127.028008,37.496469
강남역우리은행,127.028377,37.495621
강남역5번출구,127.028867,37.494697
호반써밋서초파크뷰,127.024081,37.459501
LH3.호반써밋서초파크,127.022716,37.457987
서초힐스아파트,127.01736,37.456142
성촌마을입구,127.024698,37.464297
2호선교대역7번출구,127.014566,37.49408
교대역,127.014381,37.494032
서초경찰서,127.005994,37.495683
원불교,127.042057,37.483414
남부터미널.기쁨병원,127.017811,37.481837
이수교(방배본동),126.983304,37.496937
사당역,126.982077,37.478866
서울교통공사,126.986117,37.476621
임광아파트,127.000971,37.47674
방배동래미안아파트,126.985274,37.475712
삼성전자서울R&D,127.02331,37.465847
사당역13번출구,126.983118,37.477082
KT연구개발센터,127.030494,37.470631
네이처힐.호반써밋서초파크.파크뷰,127.024155,37.460467
서초호반써밋,127.015374,37.456428
강남고속버스터미널,127.003928,37.506068
내방역.제일병원,126.995316,37.488024
대우효령아파트,126.993244,37.480167
한신2차후문,127.005228,37.512162
방배역,126.996407,37.481188
서울고교,127.005404,37.482714
서울고교,127.004992,37.483004
서초아트자이아파트,127.011187,37.485156
서울교육대앞,127.014509,37.487895
남부터미널,127.014306,37.484744
신사동.더리버사이드호텔,127.018656,37.517793
반포미도아파트앞,127.011657,37.50183
삼풍아파트,127.012892,37.496331
교대역,127.015724,37.494083
프로비스타호텔.서초동유원아파트,127.019987,37.495431
서초아르누보호텔.유원아파트,127.019775,37.495707
삼풍아파트,127.013095,37.49714
반포래미안아이파크아파트,127.012099,37.501457
서초고후문,127.004481,37.489115
우성아파트,127.031814,37.474539
내방역1번출구,126.994581,37.487792
내방역8번출구,126.99511,37.488331
교보타워앞,127.024881,37.503277
잠원역,127.011465,37.513004
동원산업,127.04544,37.476595
서울시인재개발원,127.021689,37.482606
한신2차정문,127.003085,37.508651
더미켈란아파트,127.004032,37.486203
롯데칠성,127.024805,37.495403
kt연구소,127.030651,37.471705
서리풀터널입구,126.996939,37.488488
사당역14번출구,126.982757,37.476596
강남역.서초초교앞,127.0265,37.499827
사당역14번출구,126.982913,37.476663
경원중학교,127.0093,37.511971
국립외교원,127.030544,37.483794
호남고속.신세계,127.003297,37.505839
서울고사거리,127.004176,37.483054
문화예술공원,127.032115,37.470143
강남역.삼성전자,127.02787,37.497052
반포종합운동장,126.996503,37.50051
반포종합운동장,126.996274,37.499476
언남중고교,127.045755,37.472038
서초구청,127.032403,37.484061
반포우체국,126.999827,37.50469
제약회관,127.001793,37.482329
진흥아파트,127.022692,37.496552
더케이호텔정문,127.034373,37.467729
황실자이아파트,126.998637,37.489275
우성아파트사거리,127.029449,37.493706
서초역4번출구,127.006826,37.491384
매헌초교,127.042209,37.470469
반포2동주민센터,126.997054,37.503853
방배(백석예술대)역2번출구,126.998058,37.480724
서초그랑자이후문,127.027542,37.489783
유원아파트,127.019433,37.495652
더케이호텔후문,127.034188,37.465994
서리풀터널입구,126.9968,37.488815
현대렉시온오피스텔.파이낸셜뉴스,127.030726,37.491001
서초역3번출구,127.007786,37.491084
양재근린공원,127.041509,37.472409
방배유스센터,126.999155,37.478885
서초그랑자이정문,127.026038,37.488004
강남역10번출구,127.026441,37.49921
뱅뱅사거리,127.030305,37.489232
언남고,127.043264,37.473637
남부터미널.기쁨병원,127.016952,37.48198
방배그랑자이아파트정문,127.00041,37.477192
풍림아이원,127.023838,37.487248
하이브랜드.코스트코.이마트,127.036183,37.462368
서초유스센터,127.010163,37.486172
예술의전당,127.014041,37.48111
교대역6번출구,127.013737,37.494172
신중초등학교,127.010826,37.479771
동덕여고,126.992942,37.47404
국제전자센터,127.017915,37.485451
양재역9번출구,127.035551,37.482664
국립국악원,127.007381,37.477944
래미안아파트.파이낸셜뉴스,127.029934,37.492482
삼호아파트,126.987308,37.497427
방배배수지체육공원,126.992413,37.473866
남부터미널.한일시멘트,127.014396,37.484755
양재역엘타워빌딩,127.03563,37.482561
서초1동주민센터.서초현대아파트,127.019682,37.490356
매헌윤봉길의사기념관,127.037375,37.469296
방배빌딩,127.006766,37.47828
서래초등학교,126.988373,37.495736
서초구립중앙노인종합복지관,127.016582,37.491679
삼환아파트,127.005893,37.480011
양재역커피빈앞,127.035341,37.482837
말죽거리공원사거리,127.039464,37.47821
서초고후문,127.004748,37.489377
상문고등학교.수표교교회,127.005004,37.481856
빛교회.이수중앙시장,126.989027,37.492293
현대캐피탈,127.041092,37.479719
본마을노인복지센터,127.052961,37.454424
본마을노인복지센터,127.053038,37.454539
방배열린문화센터.가야치과병원,126.992864,37.489155
카페골목입구,126.987318,37.491614
원불교,127.042546,37.481298
방배열린문화센터(방배4동주민센터),126.992114,37.490394
방배4동경로당,126.987233,37.489393
뉴코아백화점,127.008055,37.507283
함지박사거리,126.99136,37.491597
청호나이스,127.012908,37.487716
코오롱아파트,127.028118,37.47231
이수역2번출구,126.982423,37.487208
HCN서초방송,127.012049,37.482297
서초포레스타3단지후문,127.059522,37.453884
서울교대,127.016221,37.488725
삼호교회,126.986378,37.493634
서초1동주민센터,127.019222,37.489637
삽준네마을,127.026744,37.469197
남부시장,126.985886,37.49539
교총회관,127.027561,37.466956
롯데캐슬헤론아파트,126.98535,37.49733
서래마을입구,126.998346,37.499217
서래마을.서래글로벌빌리지센터,126.998235,37.497925
서초문화예술정보학교후문,127.028984,37.486682
송동마을.서초힐스아파트,127.017848,37.458967
효성빌라,126.998127,37.496287
방배중학교,126.997447,37.49494
삼창골든빌리지,126.995765,37.494069
서초고후문,127.004662,37.488922
방배4동성당,126.993536,37.493746
함지박사거리,126.991142,37.493124
구룡사입구,127.05023,37.472052
서문여고,126.985021,37.487454
카페골목입구.래미안원페를라,126.987311,37.49147
반포종합운동장,126.996672,37.500217
서울교통공사,126.987354,37.477476
서초구청맞은편,127.030601,37.484189
방배(백석예술대)역3번출구,126.996488,37.481211
서초롯데캐슬프레지던트아파트,127.019699,37.496137
대검찰청.서초경찰서,127.006245,37.494514
불교TV.서초어린이집,127.000202,37.474501
구룡사거리,127.048144,37.473994
서이초등학교,127.026838,37.491164
서울고사거리,127.004333,37.483217
사당역12번출구,126.981988,37.477834
래미안퍼스티지정문,127.001951,37.503801
더미켈란아파트,127.00416,37.485558
서울성모병원.서울지방조달청,127.004124,37.50035
아크로비스타,127.012825,37.498021
서초성당,127.021284,37.493197
강남역홍우빌딩앞,127.028331,37.495815
양재역신한은행앞,127.035238,37.482909
신사중학교,127.020499,37.522928
신사중학교,127.021302,37.523733
광림교회.현대고등학교,127.025266,37.525387
광림교회.현대고등학교,127.024439,37.525278
압구정역4번출구,127.028189,37.525735
국민은행압구정종합금융센터,127.028119,37.523098
신사동고개,127.025754,37.518897
신사역8번출구.가로수길,127.022175,37.51744
신사역6번출구,127.019435,37.517422
신사역3번출구,127.020079,37.515229
신사역1번출구,127.021734,37.516857
신사동고개,127.026015,37.518555
강남을지병원,127.02863,37.51822
학동역,127.030168,37.514784
학동역6번출구,127.029632,37.513781
영동시장,127.023469,37.511851
영동시장.논현역1번출구,127.022454,37.511337
학동역5번출구,127.030149,37.513573
논현동고개,127.032303,37.510257
삼정호텔,127.031691,37.506786
신논현역3번출구,127.025848,37.505075
신논현역3번출구.교보타워사거리,127.024146,37.505777
영동시장.논현역3번출구,127.022396,37.509346
언북중학교입구,127.030821,37.520298
도산공원사거리.호림아트센터,127.034937,37.521579
영동119안전센터,127.038101,37.522556
강남구청역,127.040642,37.518518
강남구청역3번출구,127.039941,37.516958
세관앞,127.036067,37.515759
서울세관,127.035628,37.517027
서울세관,127.035168,37.517324
학동역,127.030375,37.515158
강남을지병원,127.028781,37.518566
세관앞,127.03642,37.515601
강남구청역2번출구,127.04017,37.516771
한국토지주택공사앞,127.042662,37.513191
선정릉역1번출구.시니어플라자,127.043102,37.510235
아크로힐스논현,127.039675,37.509223
논현아이파크,127.036437,37.511222
임피리얼팰리스호텔.펜트힐루논현,127.035601,37.514329
펜트힐루논현.임피리얼팰리스호텔,127.035153,37.513547
논현아이파크,127.03592,37.511143
국민은행논현동지점,127.037383,37.508573
언주역4번출구.차병원사거리,127.035143,37.507837
언주역3번출구,127.033506,37.508478
논현고개,127.032108,37.511446
서울세관사거리,127.034607,37.515315
현대아파트,127.030581,37.528438
현대아파트,127.031123,37.528299
고속철도수서역,127.104179,37.484797
신사동교회,127.030625,37.5207
도산공원,127.03333,37.522114
신구중학교,127.033234,37.526732
압구정중고등학교.현대아파트,127.033683,37.529759
도산공원사거리,127.034596,37.52203
압구정파출소,127.036276,37.529112
압구정파출소,127.036267,37.528789
한양아파트.압구정로데오역,127.039579,37.52827
한양아파트.압구정로데오역,127.039257,37.527929
일지아트홀,127.039501,37.524912
씨네시티앞,127.0376,37.522897
도산공원,127.03353,37.522813
신구중학교,127.03354,37.525646
성수대교남단.현대아파트,127.034141,37.52992
청담초등학교,127.045122,37.526803
청담동주민센터,127.049332,37.524615
청담동주민센터,127.051351,37.52452
영동대교남단.청담자이아파트,127.056049,37.522598
영동대교남단,127.05519,37.522801
청담역.경기고교,127.056168,37.520981
우리은행청담지점.청담삼익아파트,127.056897,37.521078
청담역.경기고교,127.05611,37.520028
진흥아파트,127.05209,37.519291
청담동성당,127.049574,37.520499
청담사거리,127.048214,37.523025
강남구청.강남세무서,127.047297,37.518431
청담동래미안아파트,127.042905,37.51766
강남구청역,127.040943,37.518512
프라마호텔,127.051344,37.524927
농협앞,127.044387,37.524078
일지아트홀.압구정노인복지관,127.039635,37.524316
청담초등학교앞,127.045086,37.526461
청담사거리,127.047791,37.522935
청담동성당,127.049205,37.520258
차병원차움,127.044171,37.523667
진흥아파트.청담역,127.052131,37.519046
청담역.경기고교,127.056458,37.519819
청담역.경기고교,127.057857,37.519309
봉은사.삼성1파출소앞,127.059435,37.514968
봉은사.코엑스북문,127.058829,37.514171
봉은사.코엑스북문,127.057639,37.513547
봉은사역3번출구.삼성1파출소,127.060163,37.515108
봉은사역5번출구.광동병원,127.0622,37.514457
노블발렌티웨딩홀,127.064759,37.514831
새마을금고중앙회,127.065604,37.512568
강남경찰서.강남운전면허시험장,127.065909,37.509898
삼성역7번출구,127.061718,37.51231
무역센터,127.061058,37.512028
무역센터,127.061902,37.510578
강남구보건소,127.041775,37.515478
한국무역센터.삼성역,127.060899,37.508448
포스코사거리,127.056318,37.507823
한별구립어린이집,127.054901,37.51041
센트럴아이파크.강남구도시관리공단,127.052047,37.51578
삼성동서광아파트,127.042452,37.517323
강남구청.강남세무서,127.047665,37.518241
청담역7번출구,127.050619,37.517636
센트럴아이파크.강남구도시관리공단,127.05187,37.515317
한별구립어린이집,127.054603,37.510228
삼성중앙역.플래티넘아파트,127.051529,37.512664
삼성중앙역.플래티넘아파트,127.051827,37.512378
삼성2문화센터,127.046138,37.511092
삼성2문화센터,127.046513,37.51081
선릉역8번출구.선정릉,127.048333,37.506201
선정릉역.국가무형유산전수교육관,127.044195,37.509764
한국토지주택공사앞,127.043205,37.512636
포스코건너편,127.055427,37.506683
선릉역,127.050205,37.505143
도곡역2번출구.동부센트레빌,127.056523,37.491586
도곡역.중대부고,127.055094,37.491887
단대부고.대치아이파크아파트,127.053777,37.494675
한티역3번출구.서울강남고용노동지청,127.054143,37.496446
삼성아파트입구,127.05956,37.498198
농협대치지점,127.061155,37.497937
대치SKVIEW아파트.서울교회,127.062056,37.496261
대치역1번출구,127.061498,37.493859
래미안대치팰리스,127.05858,37.49256
도곡역3번출구,127.056547,37.491182
대치동우성아파트,127.059611,37.492577
대치역8번출구,127.062231,37.493862
대치역7번출구.선경아파트,127.06408,37.492458
도곡역.대청중학교,127.055703,37.490258
은마아파트,127.062862,37.495596
은마치안센터,127.061523,37.498099
은마아파트,127.063132,37.499482
대치동은마아파트,127.068455,37.498902
은마아파트,127.066974,37.495767
대치동미도아파트,127.067708,37.495605
대치역6번출구.강남구민회관,127.064278,37.492785
쌍용아파트,127.069333,37.498084
선릉역,127.051217,37.505447
삼성역2번출구,127.06441,37.507253
강남경찰서.강남운전면허시험장,127.067028,37.509799
삼성역,127.063687,37.507129
휘문고교사거리,127.065214,37.504394
래미안하이스턴.대치순복음교회,127.063866,37.499945
대치현대아파트,127.060063,37.500824
휘문중고등학교,127.061898,37.503966
휘문중고등학교,127.061497,37.504074
대치사거리,127.058578,37.50366
한국무역센터.삼성역,127.060549,37.50784
한티역,127.052148,37.498116
도성초등학교,127.051214,37.500122
도성초교사거리,127.051957,37.500821
강남농협.풍림아이원아파트,127.056351,37.502198
강남농협.풍림아이원아파트,127.056883,37.502618
도성초교사거리,127.051612,37.500882
진선여자중고등학교,127.049966,37.502744
선릉역,127.050462,37.504761
포스코빌딩,127.054889,37.506049
대치사거리,127.058292,37.503405
대치동현대아파트,127.059175,37.501646
은마아파트입구사거리,127.060068,37.498727
도곡초등학교,127.056649,37.49769
한티역2번출구.서울강남고용노동지청,127.053929,37.496774
신논현역4번출구,127.025813,37.504682
삼정호텔앞,127.031111,37.506242
차병원,127.034486,37.505532
언주역6번출구.차병원,127.034549,37.506357
언주역5번출구.차병원사거리,127.035322,37.507558
시티프라디움더강남.라움아트센터,127.038927,37.507863
라움아트센터.시티프라디움더강남,127.039649,37.507745
아크로힐스논현,127.040648,37.509108
선정릉역4번출구.시니어플라자,127.042892,37.509841
선정릉역.국가무형유산전수교육관,127.044094,37.509234
선릉역7번출구,127.048176,37.505884
서울상록회관.한국기술센터,127.044057,37.503232
KT강남지사,127.041979,37.504755
KT강남지사,127.041465,37.504758
아가방빌딩.하나은행,127.038771,37.501641
역삼역7번출구.GS타워,127.036766,37.501505
역삼역6번출구,127.036387,37.501541
역삼역4번출구,127.034736,37.500429
강남역12번출구,127.029558,37.49881
강남역11번출구,127.027257,37.499338
신논현역6번출구,127.02579,37.50236
강남역1번출구.역삼세무서,127.029097,37.498297
역삼역.포스코타워역삼,127.033596,37.49949
영동중앙교회,127.037975,37.498154
강남구보건소,127.042151,37.515333
역삼럭키아파트.역삼월드메르디앙아파트,127.038719,37.491839
역삼초등학교,127.034184,37.494218
역삼초등학교,127.034105,37.494331
뱅뱅사거리.역삼동,127.033598,37.490263
역삼초등학교,127.030653,37.492195
역삼2동주민센터.대림역삼아파트,127.045993,37.496245
래미안그레이튼아파트,127.045708,37.496044
역삼자이아파트,127.04432,37.49981
역삼동성당.역삼자이아파트,127.043795,37.499879
역삼동개나리아파트,127.047596,37.499379
역삼동개나리아파트,127.047567,37.499583
총지사,127.04045,37.496323
총지사,127.040843,37.49669
영동중앙교회,127.038575,37.497719
대한사회복지회,127.038818,37.501137
한국자산신탁.센터필드,127.044247,37.502783
진선여자중고등학교,127.049872,37.502265
역삼e-편한세상아파트,127.051298,37.499255
한티역,127.052248,37.497202
한티역7번출구,127.051478,37.496005
역삼중학교.강남세브란스병원,127.047698,37.494712
도곡1차아이파크.역삼청소년센터,127.041786,37.492808
총지사,127.039863,37.494943
도곡1동주민센터.역삼럭키아파트,127.039029,37.49158
도곡1차아이파크.도곡중학교,127.042402,37.492635
매봉삼성아파트.SK리더스뷰,127.048961,37.488145
매봉역.양재최의원,127.044562,37.486164
양재역말죽거리.강남베드로병원,127.037969,37.485251
뱅뱅사거리.은광여고,127.032808,37.487724
고속철도수서역,127.103738,37.484501
뱅뱅사거리.뱅뱅프라자,127.032876,37.489747
원불교앞,127.042355,37.483558
매봉역,127.044854,37.485917
도곡개포한신아파트,127.049239,37.48791
개포한신.우성4차아파트,127.050373,37.487085
우성캐릭터빌아파트,127.050801,37.48701
군인공제회관,127.052025,37.489211
선정릉역.라마다서울호텔,127.045647,37.510642
숙명여고,127.052367,37.489727
도곡렉슬아파트.강남세브란스병원,127.048187,37.494437
한티역6번출구,127.05194,37.495722
도곡렉슬아파트정문,127.053436,37.494751
중대부고앞,127.054525,37.492538
구룡중학교앞,127.057243,37.485803
개포1동주민센터.개포고등학교,127.059951,37.483066
개현초등학교,127.062072,37.481319
개포파크빌리지,127.057772,37.477328
구룡초교사거리,127.054201,37.480903
현대아파트경남아파트,127.053117,37.482875
현대1차.우성3차아파트,127.056549,37.482973
개일초등학교앞,127.057212,37.486173
개포고등학교,127.058944,37.484213
개포1동주민센터,127.060969,37.482501
래미안블레스티지아파트,127.063217,37.480651
개포도서관,127.063896,37.483696
수도전기공고후문,127.065624,37.484782
수도전기공고후문,127.065984,37.485273
디에이치아너힐즈,127.068697,37.48373
개포자이프레지던스,127.069256,37.483766
경기여고,127.067244,37.48653
개포동역7번출구.개포시장,127.066162,37.48865
개포주공5단지경기여고,127.067471,37.486708
개포동역6번출구.개포시장,127.06658,37.488544
개포시장.개포5단지상가,127.068073,37.489523
개포시장.개포5단지상가,127.068631,37.489411
양전초등학교,127.070593,37.490243
개포6단지앞,127.07042,37.489962
디에이치자이개포아파트,127.075569,37.4923
개원중학교.대모산입구역2번출구,127.072156,37.492262
개포주공7단지앞,127.073809,37.489159
일원초등학교,127.07469,37.488339
현대아파트,127.052829,37.482265
개포래미안포레스트,127.05461,37.479941
능인선원앞,127.052368,37.472553
구룡산입구,127.061773,37.4773
능인선원앞,127.052328,37.472061
구룡사입구,127.050751,37.471921
국악고교사거리,127.048045,37.474527
삼호물산,127.045252,37.477243
구룡초등학교,127.05311,37.480828
광수빌딩,127.049332,37.479061
국민은행.포이근린공원,127.046825,37.47877
포이사거리.삼호물산,127.045145,37.478451
포이사거리.삼호물산,127.045191,37.478296
국민은행.포이근린공원,127.047243,37.478564
광수빌딩,127.049378,37.478905
개포지구대,127.051202,37.479424
구룡초등학교,127.052903,37.480467
수서삼성아파트앞,127.090989,37.484399
일원본동주민센터,127.08475,37.483489
푸른마을아파트앞,127.080583,37.482913
상록수아파트앞,127.082122,37.482805
일원본동주민센터,127.085975,37.483383
수서119안전센터앞,127.09385,37.484241
삼성서울병원정문,127.08299,37.486545
삼성서울병원정문건너편,127.082449,37.487025
일원역7번출구,127.083308,37.484911
삼성서울병원후문,127.08752,37.4902
글래드라이브강남호텔,127.068697,37.48373
을지병원.포포인츠강남&호텔선샤인,127.028855,37.52013
삼성서울병원사거리,127.082447,37.489117
강남한양수자인아파트,127.113351,37.478157
강남한양수자인아파트,127.113478,37.477818
대치아파트.대모산입구역3번출구,127.072487,37.492414
삼성서초역삼세무서,127.029794,37.498412
대청역6번출구,127.078604,37.49324
마루공원,127.083313,37.49482
대청초등학교,127.086572,37.493871
서울일원동우체국,127.087627,37.491997
수서역.현대벤쳐빌,127.10212,37.487681
수서역2번출구,127.100745,37.488308
수서역.KT수서지점,127.099865,37.488548
수서역1번출구,127.100736,37.487189
세곡동주민센터,127.108098,37.46964
궁마을,127.097329,37.485428
궁마을,127.097607,37.485281
수서역6번출구,127.102043,37.486791
수서역5번출구,127.102597,37.48686
수서역.로즈데일빌딩,127.102868,37.487398
세곡동주민센터,127.107674,37.469462
은곡마을.LH이편한세상,127.102535,37.465348
강남신동아파밀리에1단지,127.099921,37.465434
대왕초등학교,127.106838,37.464671
세곡동사거리,127.107829,37.463578
세곡동,127.109507,37.464611
광연자동차학원앞,127.116361,37.465691
삼일자동차학원.강남자동차검사소,127.12118,37.467915
삼일자동차학원.강남자동차검사소,127.120768,37.467999
광연자동차학원앞,127.118845,37.467023
세곡동,127.109397,37.464937
세곡동사거리,127.108562,37.465796
방죽마을,127.10735,37.472384
래미안포레아파트,127.106783,37.474549
쟁골마을,127.105077,37.481887
쟁골마을,127.104399,37.482655
래미안포레아파트,127.106261,37.475135
방죽마을,127.10692,37.472225
압구정역3번출구,127.028714,37.526001
국민은행압구정종합금융센터,127.028513,37.523273
언주역2번출구.차병원사거리,127.033362,37.507953
영동고교앞,127.039893,37.521504
개포우성6차아파트,127.05788,37.475736
은곡마을진입로,127.098702,37.465758
대치유수지체육공원,127.068123,37.501358
우성아파트,127.068415,37.501144
세곡푸르지오.은곡삼거리,127.094699,37.46497
삼성역3번출구,127.063712,37.507163
세곡푸르지오.은곡삼거리,127.096478,37.465062
LH수서아파트,127.105708,37.479078
LH수서아파트,127.105347,37.478607
세곡2지구3.4단지,127.110062,37.476929
수서역6번출구,127.102527,37.486362
역삼1동주민센터,127.032341,37.496548
개포우성아파트,127.057864,37.476564
래미안강남힐즈,127.097381,37.472348
세곡중학교.세명초등학교,127.091798,37.470248
세곡중학교.세명초등학교,127.092047,37.470412
일원동한솔아파트,127.079314,37.482545
시립수서청소년센터,127.089107,37.483863
한강버스압구정선착장A,127.019564,37.527273
한강버스압구정선착장B,127.017563,37.526256
포스코사거리,127.055737,37.508079
대왕초등학교,127.106557,37.465071
도곡역4번출구,127.05561,37.489973
개포중학교,127.063631,37.480019
구룡마을,127.064041,37.478975
디에이치퍼스티어아이파크,127.056741,37.478381
싸리고개공원교차로,127.036127,37.491091
영희초등학교,127.080487,37.491191
못골마을.강남자곡아이파크,127.101722,37.473265
못골마을,127.101888,37.473102
태화기독교사회복지관,127.093353,37.484528
개포도서관,127.063564,37.483553
강남세곡체육공원,127.112862,37.465565
도곡교회.인바디빌딩,127.055459,37.474434
강남세브란스병원,127.047462,37.493349
도곡교회.인바디빌딩.건너,127.055994,37.474275
래미안강남힐즈,127.095248,37.472291
도곡중학교.강남세브란스병원,127.046722,37.493602
강남경찰서.강남운전면허시험장,127.066009,37.509504
수도공고앞,127.061926,37.487234
개포4단지5단지,127.068309,37.486365
개포4단지6단지,127.072074,37.486851
개포4단지7단지,127.073576,37.487918
마루공원,127.082818,37.49485
개포동역1번출구,127.065414,37.488968
세곡푸르지오,127.093835,37.467539
도곡1동주민센터.경남아파트,127.04132,37.488976
강남효성해링턴코트,127.093913,37.467688
구룡역5번출구,127.0592,37.486106
구룡역1번출구,127.058961,37.48617
역삼럭키아파트,127.041123,37.491637
래미안개포루체하임아파트,127.081475,37.489303
수도공고,127.062351,37.48755
개포4단지6단지,127.071967,37.486993
개포4단지5단지,127.068237,37.486497
강남역12번출구A,127.029475,37.498738
학여울역,127.071451,37.497144
학여울역,127.071398,37.496679
도곡한신아파트,127.041158,37.486876
현대1차아파트,127.05525,37.482287
영동고등학교.현대아파트,127.03953,37.521355
개포4단지7단지,127.072933,37.487653
총회회관.휘문고입구,127.066098,37.504156
예림당아트홀.신한은행전산센터,127.044296,37.498222
새마을운동중앙회,127.067375,37.502017
총지사,127.03959,37.49471
신한은행데이터센터,127.043697,37.498146
포스코사거리,127.057528,37.507319
우성3차아파트,127.057183,37.483819
우성6차아파트,127.055199,37.477549
포이초교,127.052685,37.475221
국악중고교,127.050645,37.475652
풍양빌딩,127.048817,37.477389
코원에너지서비스,127.076097,37.49807
코원에너지서비스,127.076162,37.49849
포스코사거리교차로,127.057907,37.507032
국민은행개포남지점,127.047965,37.478786
삼익아파트앞,127.041707,37.489891
래미안포레아파트,127.107295,37.475659
디아크리온강남아파트,127.107685,37.476098
세곡2지구3.4단지,127.110393,37.476668
도곡한신아파트,127.041434,37.486546
강남더샵라르고오피스텔,127.104817,37.475227
한남대교전망카페,127.015682,37.524552
서울의료원후문,127.06703,37.512854
구룡마을,127.061773,37.477289
학동역,127.029992,37.515375
은곡마을.강남신동아파밀리에,127.102457,37.465026
강남현대힐스테이트에코,127.104963,37.475011
대왕초등학교,127.106087,37.464734
수서역5번출구.이마트앞,127.102671,37.486789
개포4복합문화센터.달터공원,127.049656,37.47655
일원역,127.083749,37.484274
수서역.로즈데일빌딩,127.102806,37.487511
수서역,127.100588,37.488469
삼성서울병원정문,127.083128,37.486221
국민은행,127.047727,37.478397
삼성서울병원본관,127.084363,37.488087
한아름아파트.사이룩스오피스텔,127.10437,37.488288
암센터후문.장례식장,127.087703,37.489906
암센터정문,127.087711,37.488728
신분당선.강남역4번출구,127.029565,37.49454
영동2교,127.043621,37.482411
강남서초교육지원청,127.047443,37.511453
래미안루체하임.일원동맛의거리,127.081603,37.489504
신논현역,127.025977,37.50196
영희초등학교후문,127.080747,37.491352
개포동역8번출구,127.064961,37.488672
강남우체국,127.07827,37.493332
도성초등학교앞,127.05032,37.500464
개포3일원1동통합주민센터,127.075381,37.492389
LH이-편한세상,127.101835,37.467406
신논현역,127.026582,37.500757
동영문화센터,127.044822,37.498017
도곡2동주민센터.대치중학교,127.045404,37.484254
도곡2동주민센터.대치중학교,127.045331,37.484486
대청역,127.07965,37.493293
영동2교,127.04364,37.482775
강남세브란스병원,127.046035,37.494102
삼성역2번출구,127.06441,37.507253
매봉역입구,127.046452,37.485055
역삼청소년센터.도곡1차아이파크,127.042716,37.493104
ST송은빌딩,127.04407,37.524052
삼성역,127.061674,37.512292
코엑스도심공항,127.058887,37.509274
삼성역.그랜드인터컨티넨탈,127.061002,37.508479
포스코사거리,127.055198,37.506628
역삼역,127.034844,37.500377
강남역,127.030092,37.498504
강남역12번출구,127.029397,37.498712
영희초등학교정문,127.082666,37.49177
봉은사역.코엑스인터컨티넨탈,127.057443,37.513613
코엑스동문,127.060848,37.512383
일원지구대,127.084447,37.492502
대청초교삼거리,127.08627,37.493307
대청초교삼거리,127.086391,37.493167
양재역,127.038496,37.485
도곡동,127.049145,37.487949
타워펠리스,127.052025,37.489211
대치동,127.0616,37.493577
학여울역,127.067629,37.495637
개포동,127.073765,37.488859
학여울역,127.067266,37.495859
대치동,127.061369,37.493888
타워펠리스,127.052447,37.489825
양재역,127.038856,37.485414
신사동,127.01936,37.517655
미성아파트,127.021533,37.523522
리베라호텔,127.054632,37.523769
압구정역,127.030916,37.528602
청담자이아파트,127.056339,37.522073
노블발렌티웨딩홀,127.064804,37.515134
양재전화국,127.040789,37.485646
대치2동주민센터.래미안하이스턴,127.066677,37.501732
봉은사역.삼성래미안아파트,127.062291,37.514716
디에이치퍼스티어아이파크,127.058296,37.47995
개포중학교,127.060267,37.481031
강남구민체육관,127.053878,37.47599
LPG가스충전소,127.035844,37.490756
수서역,127.099801,37.488703
서울일원동우체국,127.087654,37.492279
일원지구대,127.084155,37.49256
동영문화센터,127.04507,37.498216
영희초등학교정문,127.082408,37.491817
삼성서울병원정문건너편,127.082711,37.486446
일원역,127.083587,37.484028
강남더드림병원.도성초등학교,127.050799,37.501014
대왕파출소,127.107741,37.465203
언주역.삼정&베스트웨스턴강남,127.031144,37.506341
강남신동아파밀리에2단지,127.101713,37.464602
한신휴플러스6단지,127.103956,37.468976
중동고등학교,127.080045,37.492887
역삼아르누보&조선팰리스강남,127.042679,37.503271
영희초등학교후문,127.08048,37.49152
양재역4번출구,127.03684,37.485065
양재역.종합복지관,127.036195,37.48471
양재역5번출구,127.036616,37.48467
삼성역7번출구,127.061802,37.512051
삼성역7번출구,127.061736,37.512172
도곡중학교.강남세브란스병원,127.044394,37.493343
역삼2동주민센터.래미안그레이튼아파트,127.046635,37.494827
노보텔앰배서더호텔,127.028764,37.505561
방죽마을입구,127.106467,37.47122
방죽마을입구,127.106377,37.471284
한신휴플러스6단지,127.103892,37.469051
LH이-편한세상,127.101745,37.467521
은곡마을,127.097638,37.466986
상업지역,127.100911,37.466983
강남신동아파밀리에,127.10131,37.465499
세종고등학교,127.102902,37.487864
세곡푸르지오,127.094527,37.466838
세곡푸르지오,127.094374,37.466784
상업지역,127.099959,37.467177
은곡마을,127.0968,37.467232
강남스포츠문화센터,127.105057,37.488578
삼정호텔,127.031091,37.506237
리엔파크3단지,127.103827,37.463039
포스코사거리,127.055508,37.508669
서울요양원.강남구립행복요양병원,127.103488,37.460701
LH이편한세상,127.101828,37.466633
강남데시앙포레정문,127.089061,37.481407
강남데시앙포레상가앞,127.091853,37.481362
강남더샵포레스트아파트,127.094433,37.482128
강남신동아파밀리에1단지,127.101391,37.463395
강남더샵포레스트아파트,127.094267,37.482089
강남데시앙포레상가앞,127.092745,37.481427
강남데시앙포레정문,127.089587,37.481848
수서교회.수서동성당앞,127.094564,37.483486
수서교회.수서동성당앞,127.094666,37.48347
삼성서울병원사거리,127.082699,37.48884
강남신동아파밀리에2단지,127.10226,37.463471
일원주유소.삼성서울병원후문,127.087682,37.490654
리엔파크4단지.강남데시앙파크,127.101875,37.461227
잠실역.잠실대교남단,127.098564,37.515538
잠실역.잠실대교남단,127.099645,37.513787
석촌호수.한솔병원,127.105826,37.5068
석촌호수.한솔병원,127.105252,37.507105
석촌역,127.109062,37.503242
석촌역,127.108318,37.503857
송파역,127.111934,37.500093
송파역,127.111084,37.500836
가락시장.가락시장역,127.117262,37.494271
가락시장.가락시장역,127.116389,37.495024
문정로데오거리입구,127.121416,37.488212
문정로데오거리입구,127.120756,37.489317
문정법조단지.건영아파트,127.124583,37.481955
문정법조단지.건영아파트,127.123821,37.483219
장지역.가든파이브,127.126126,37.478856
장지역.가든파이브,127.12543,37.480076
잠실역.롯데월드몰,127.100579,37.512717
잠실광역환승센터,127.100721,37.512343
천호역.풍납시장,127.122573,37.537041
서울풍납동우체국,127.121587,37.534278
파크데일아파트2단지앞,127.158422,37.497945
파크데일아파트1단지앞,127.158426,37.498136
풍납1동동아한가람아파트,127.114441,37.537017
풍납동신성노바빌,127.115876,37.538146
풍납동씨티극동아파트,127.117123,37.539288
풍납토성.천호역10번출구,127.121963,37.538936
영파여고.강동구청역,127.12051,37.531254
풍납동극동.쌍용아파트,127.118024,37.526563
풍납중학교,127.114938,37.524638
풍성중학교.잠실올림픽아이파크,127.113565,37.524811
아산생명과학연구원,127.109976,37.524833
서울아산병원동관,127.107179,37.526888
서울아산병원동관,127.107588,37.527026
풍납토성서성벽,127.110736,37.531455
송파두산위브.송파소방서,127.141651,37.500127
송파두산위브.송파소방서,127.141876,37.500032
토성초등학교.현대리버빌아파트,127.114544,37.530071
한강극동아파트후문,127.112226,37.531107
올림픽대교남단,127.115419,37.526761
마천역.송파파크센트럴,127.151321,37.494349
잠실파크리오아파트상가.올림픽회관,127.114649,37.521024
잠실파크리오.잠실래미안아이파크,127.109915,37.519608
잠실파크리오.잠실르엘,127.106058,37.519021
잠실래미안아이파크.잠실파크리오,127.11125,37.5196
몽촌토성역,127.113109,37.518515
잠실래미안아이파크.잠실르엘,127.109397,37.516665
잠실나루역.더샵스타리버,127.104243,37.518236
잠실중학교.장미종합상가,127.10066,37.51715
잠실중학교,127.100445,37.516785
잠실역8번출구,127.101537,37.514013
잠실역7번출구,127.099443,37.514607
잠실역1번.11번출구,127.103242,37.514064
잠실역9번출구,127.104216,37.514914
송파구청.방이맛골,127.107218,37.513997
잠실역6번출구,127.098802,37.514393
잠실역.롯데월드,127.097763,37.512951
잠실5단지,127.093914,37.512213
잠실리센츠아파트앞,127.091324,37.511915
잠실새내역.잠실2동주민센터,127.087281,37.511772
잠실엘스아파트앞,127.08339,37.511871
종합운동장사거리,127.079684,37.512059
잠실종합운동장,127.072073,37.511118
잠실트리지움아파트앞,127.091102,37.511521
잠실역.롯데월드,127.098196,37.512412
갤러리아팰리스,127.092923,37.511317
잠실트리지움.송파경찰서교통센터,127.092628,37.510978
영동일고.레이크팰리스앞,127.092147,37.508808
영동일고.트리지움동문앞,127.091732,37.509037
송파레이크힐아파트,127.143618,37.485173
잠실학원사거리.잠실트리지움남문,127.090257,37.507683
잠실119안전센터,127.094749,37.507008
잠실종합운동장,127.073172,37.510665
아시아선수촌아파트,127.078447,37.51041
아주중학교,127.076595,37.504781
종합운동장사거리,127.079555,37.511613
잠실새내역4번출구,127.084364,37.511445
영빌딩앞,127.089623,37.506535
잠실우성4차현대아파트,127.085208,37.505262
잠실우성4차현대아파트,127.085369,37.504957
잠실근린공원.성현교회,127.081873,37.506274
아시아선수촌아파트삼거리.성현교회,127.080993,37.506195
아시아선수촌아파트,127.079037,37.509857
아주중학교,127.077932,37.50537
삼전역,127.088964,37.503932
삼전역,127.08979,37.503954
송파구민회관.구의회,127.094758,37.502706
송파구민회관.구의회,127.09456,37.502428
삼학사길사거리,127.096995,37.504692
잠실119안전센터,127.092945,37.507004
삼밭나루어린이공원입구,127.089835,37.506281
삼전역.잠실현대아파트,127.087473,37.503426
삼전동현대APT,127.087466,37.500431
삼전동쌍용하이츠빌라,127.09085,37.499225
삼전사회복지관,127.09424,37.498093
배명중고교,127.096661,37.500155
석촌고분역,127.098393,37.502671
석촌고분역,127.098643,37.502429
석촌역.잠실한솔아파트,127.105285,37.504515
석촌역.잠실한솔아파트,127.105643,37.504394
송파레이크파크호반써밋2차정문,127.143358,37.48504
삼학사길사거리,127.097257,37.504038
배명중고교,127.096911,37.49971
석촌동남현교회앞,127.100695,37.49902
석촌동남현교회앞,127.100269,37.498805
송파책박물관.헬리오시티,127.104486,37.500234
송파책박물관.헬리오시티,127.104023,37.499917
송파사거리.석촌시장,127.109178,37.501545
송파사거리,127.108752,37.501611
송파역.헬리오시티,127.111014,37.500581
위례포레샤인13단지공원,127.136242,37.483153
송파여성문화회관,127.109449,37.506936
송파여성문화회관,127.109625,37.506728
송파초등학교.송파동성당,127.111298,37.509162
송파초등학교.송파동성당,127.111379,37.508737
방이사거리,127.110786,37.510668
포레나송파후문,127.146938,37.484588
송파나루역,127.113214,37.509563
한양공원,127.113883,37.503873
송파동한양1차아파트,127.115417,37.505957
서울방이동고분군,127.115171,37.508425
송파역,127.112908,37.499293
잠실더샵루벤,127.117431,37.499783
송파동삼익아파트,127.121913,37.502923
송파미성.가락삼익아파트,127.120383,37.506087
송파한양2차아파트,127.115723,37.505998
한양공원,127.113797,37.503707
잠실여고후문,127.112011,37.502572
방이중학교,127.114367,37.514164
한성백제역4번출구,127.115363,37.514992
송파나루역.방이전통시장서문,127.112446,37.511003
송파나루역.방이전통시장서문,127.112945,37.51109
송파나루역,127.111674,37.510679
송파구청.방이맛골,127.107794,37.513352
잠실래미안아이파크.잠실르엘,127.109619,37.516175
올림픽베어스타운아파트앞,127.119104,37.514828
방이초등학교,127.119109,37.51187
방이전통시장동문,127.118048,37.510112
방이우체국,127.113925,37.509513
서울방이초교.올림픽공원남2문,127.121407,37.514024
올림픽공원장미광장,127.12492,37.512651
방이역3번출구.대림아파트,127.125614,37.508418
잠실3차한양아파트,127.121714,37.505914
방이전통시장동문,127.118118,37.509896
방이초등학교,127.119459,37.512016
신구블레스밸리앞,127.121499,37.511413
신구블레스밸리,127.121881,37.511618
방이동대림.코오롱아파트,127.124238,37.509186
방이동대림.코오롱아파트,127.124011,37.509559
올림픽회관,127.11515,37.520913
풍납동극동.쌍용아파트,127.118699,37.526843
한성백제박물관,127.119303,37.515528
서울체육중.고등학교,127.131378,37.522203
둔촌오륜역.서문교회,127.139744,37.518466
서하남IC입구,127.142814,37.517104
효죽동입구,127.142062,37.513062
포레나송파정문,127.148105,37.487113
올림픽공원장미광장,127.126159,37.512883
올림픽공원남2문,127.12181,37.514622
몽촌토성역.한성백제역,127.114631,37.5172
보성중고등학교,127.133569,37.520023
보성중고등학교,127.133003,37.519735
올림픽공원역,127.130899,37.516718
올림픽공원역,127.131479,37.516324
올림픽공원테니스장,127.128597,37.513295
올림픽선수촌아파트,127.12933,37.513322
방이역,127.126497,37.508851
오금역.오금동현대아파트,127.126433,37.503294
오금공원앞,127.132975,37.499224
개롱역.오금동상아아파트,127.135938,37.497654
보인고교.오금동삼성아파트,127.138226,37.496447
송파사회복지관.성요셉성당,127.140704,37.498079
거여초등학교,127.140216,37.502548
거여초등학교,127.140012,37.50241
시그니처요양병원,127.137517,37.50362
시그니처요양병원,127.137412,37.503863
신흥운수입구,127.135393,37.504351
신흥운수입구,127.134153,37.505034
송파레미니스후문,127.13545,37.506153
송파레미니스후문,127.135317,37.506195
오금공원사거리,127.13106,37.506034
오금공원사거리,127.131059,37.506379
오금동대림아파트,127.127992,37.507916
오금동대림아파트,127.128115,37.507651
송파도서관,127.136481,37.500556
우창아파트,127.136064,37.499751
오금동사거리,127.137892,37.502744
오금동사거리,127.138162,37.502775
거여역1번출구,127.142666,37.494054
거여역8번출구.현대1차아파트,127.142478,37.493818
송파체육문회회관.서울인공지능고,127.143376,37.490804
거여역2번출구,127.144763,37.494312
송파사회복지관.성요셉성당,127.140953,37.498118
송파체육문회회관.거여아파트단지,127.143575,37.490464
거여역5번출구,127.145677,37.492904
거여역4번출구,127.145692,37.493139
송파파크센트럴,127.148924,37.492941
거여삼거리,127.152763,37.492768
비호아파트,127.154184,37.492005
동현빌딩,127.135,37.50532
마천1동주민센터.송파롯데캐슬,127.149606,37.495769
마천2동주민센터.송파롯데캐슬,127.148231,37.496739
거여역3번출구.현대2차아파트,127.145094,37.494281
마천1동주민센터,127.149883,37.49571
마천역.송파파크센트럴,127.152234,37.493456
비호아파트,127.15409,37.492178
남한산성입구,127.157155,37.490972
송파구립마천청소년센터,127.156741,37.4916
송파구립마천청소년센터,127.15679,37.491833
송파보훈회관.금호어울림2차,127.155808,37.493968
송파보훈회관.금호어울림2차,127.155567,37.493992
마천동금호어울림1차아파트,127.154195,37.4972
마천동금호어울림1차아파트,127.154075,37.497978
마천시장.마천동우방아파트앞,127.15151,37.499937
남천초교.마천동우방아파트앞,127.151931,37.499919
청암노인요양원,127.148553,37.501352
청암노인요양원,127.150052,37.501079
마천사거리,127.146629,37.498529
마천사거리,127.1471,37.49872
마천2동윤진빌딩.신동아아파트,127.144059,37.499636
마천2동윤진빌딩.신동아아파트,127.144244,37.499676
마천2동주민센터,127.148009,37.497014
성내천공원,127.147632,37.50072
복정역1번출구,127.127123,37.472757
거여1동주민센터,127.145627,37.496346
건영아파트,127.126677,37.481675
문현중학교,127.12675,37.479987
문현중학교,127.126915,37.480074
문덕초등학교.문정고등학교,127.126405,37.483681
문정푸르지오1차아파트,127.12834,37.486465
힐스테이트e편한세상문정,127.131928,37.488924
문정시영.가락프라자아파트,127.134569,37.491223
문정시영.세양청마루아파트,127.135964,37.492387
한림연예예술고교,127.131417,37.485369
한림연예예술고교,127.131745,37.485403
문현초등학교,127.128678,37.482985
문현초등학교,127.12897,37.483384
문정1동주민센터.로데오거리,127.124525,37.490396
위례포레샤인18단지,127.152663,37.489241
위례포레샤인18단지,127.151796,37.489009
문덕초등학교.문정고등학교,127.126295,37.483395
문정푸르지오2차아파트,127.127178,37.487158
문정푸르지오2차아파트,127.126833,37.486845
문정동래미안아파트,127.129338,37.492042
문정래미안.현대아파트앞,127.128978,37.491672
가락현대1차아파트후문,127.127618,37.490661
가락현대1차아파트후문,127.127615,37.490326
가락현대1차아파트정문,127.128955,37.492754
문정역2번출구,127.124515,37.486251
문정역2번출구,127.124607,37.486123
두데미공원.장지동주민센터,127.131875,37.48921
문정2동주민센터.송파청소년센터,127.112541,37.490477
훼미리근린공원,127.11491,37.491185
문정로데오거리입구,127.11942,37.491026
포레나송파정문,127.148587,37.487071
서울위례별초교,127.143837,37.478319
오금역2번출구,127.128799,37.501833
오금역3번출구,127.128894,37.501291
장지동,127.126337,37.469147
위례포레샤인18단지남문,127.152766,37.486901
힐스테이트센트럴위례,127.153384,37.486908
건너말공원입구,127.125333,37.492751
가락동미륭아파트,127.128235,37.492662
가락쌍용1차아파트,127.130431,37.494384
송파중학교,127.131501,37.496373
가락현대5차아파트,127.131703,37.499572
개롱역3번출구,127.135373,37.497667
보인고교.가락삼환아파트,127.137465,37.496575
송파배드민턴체육관,127.138035,37.494463
문정시영.세영청마루아파트,127.135719,37.492456
문정시영.가락프라자아파트,127.133717,37.490727
가락프라자아파트정문,127.134058,37.493109
가락프라자아파트정문,127.134299,37.493061
가락극동아파트정문,127.132142,37.494888
가락극동아파트정문,127.131331,37.495284
가락동극동아파트,127.131831,37.496257
가락쌍용1차아파트,127.129858,37.493945
가주초등학교,127.128857,37.497145
가동초등학교,127.128658,37.497546
가락2동주민센터,127.126849,37.498863
가락2동주민센터,127.126712,37.498766
가락시장.가락시장역,127.117284,37.494448
문정로데오거리입구,127.120472,37.49046
문정1동주민센터.로데오거리,127.124332,37.49066
건너말공원입구,127.125018,37.492714
샛별어린이공원입구,127.120896,37.49754
샛별어린이공원입구,127.121254,37.49759
송파경찰서.오금역,127.126871,37.50267
가락쌍용2차아파트,127.122101,37.502515
가락대림아파트,127.117987,37.499682
신가초등학교,127.120215,37.498817
신가초등학교,127.120169,37.498429
석촌중학교후문,127.12292,37.499834
석촌중학교후문,127.123203,37.499858
포레나송파,127.149251,37.484705
경찰병원.KT가락지사,127.122243,37.495926
경찰병원.KT가락지사,127.122371,37.496235
경찰병원.서울동부고용노동지청,127.122337,37.494674
가락시장역4번출구.제일오피스텔,127.119723,37.493217
경찰병원.서울동부고용노동지청,127.122622,37.494426
북위례입구,127.156522,37.488952
북위례입구,127.156745,37.488666
가락시장.가락시장역,127.117151,37.493763
가락시장.가락몰,127.115874,37.491843
가락시장남문,127.112249,37.490782
가락시장?헬리오시티,127.104962,37.494384
가락시장.헬리오시티,127.106254,37.4952
가락1동주민센터,127.109847,37.496298
서울방이동고분군,127.116198,37.50821
문정푸르지오1차아파트,127.128306,37.486664
토성오거리,127.119083,37.532062
풍납토성서성벽,127.109876,37.529796
가락시장동문,127.116011,37.495146
몽촌토성역.한성백제역,127.113603,37.51704
풍납동강변현대아파트,127.111217,37.533635
서울위례별초교.위례별유치원,127.144875,37.478034
송례중학교.송파꿈에그린,127.141497,37.47731
홍이공원,127.124792,37.500205
홍이공원,127.124826,37.500415
송파파크센트럴,127.149507,37.492655
거여역7번출구,127.143927,37.492387
거여역6번출구,127.144092,37.491957
덕수고등학교,127.146225,37.485558
풍납2동주민센터,127.116059,37.52956
복정역환승센터1번승강장,127.127315,37.470125
오륜사거리,127.139223,37.505397
오륜사거리,127.138656,37.504536
위례중앙푸르지오.신안인스빌,127.143304,37.474841
송파와이즈더샵.위례센트로엘,127.144081,37.477104
송파와이즈더샵.위례센트로엘,127.144389,37.477608
위례별초등학교.위례2차아이파크,127.144235,37.479539
위례별초등학교.위례스타힐스,127.144558,37.480338
위례동주민센터.위례스타힐스,127.143682,37.481357
위례동주민센터.위례송파푸르지오,127.142979,37.481561
힐스테이트송파.송파더센트레,127.141992,37.479484
송파더센트레.힐스테이트송파,127.141645,37.479445
복정역2번출구,127.126869,37.469284
세계로병원,127.141843,37.486552
세계로병원,127.141787,37.487287
덕수고등학교,127.146287,37.485431
송파레이크파크호반써밋1차,127.140416,37.483896
송파레이크파크호반써밋2차,127.140616,37.48347
위례포레샤인13단지,127.138667,37.482956
송파레이크파크호반써밋1차정문,127.138074,37.483189
송파위례리슈빌,127.147842,37.484184
남한산성입구,127.157278,37.49096
서울아산병원장례식장,127.107453,37.52464
갑을.미성아파트,127.112481,37.535296
송파배드민턴체육관,127.138064,37.494207
풍납중학교앞,127.115231,37.524773
복정역3번출구,127.123961,37.469732
새마을시장,127.086733,37.508858
잠실학원사거리.잠실트리지움남문,127.089372,37.507586
삼전역.잠실현대아파트,127.087268,37.503762
위례포레샤인.위례31단지후문,127.133975,37.474852
위례송파더센트레.송파푸르지오,127.138466,37.479472
장지역2번출구,127.126673,37.478272
위례송파푸르지오.송파더센트레,127.13887,37.480622
가락시장역5번출구,127.119535,37.492674
올림픽대교남단교차로,127.11681,37.525152
장지공영차고지,127.135887,37.480511
장지공영차고지,127.135644,37.480561
아이코리아,127.133395,37.480969
송파파인타운11.12단지,127.132114,37.479127
송파파인타운7단지,127.131653,37.479031
송파파인타운10단지.13단지,127.129237,37.477594
송파파인타운8단지.9단지,127.127473,37.478087
송파구립산모건강증진센터,127.127309,37.477984
문정푸르지오3차아파트,127.132886,37.486694
문정푸르지오3차아파트,127.132993,37.486505
잠실여고후문,127.111619,37.502501
건영아파트앞,127.126489,37.481838
잠실새내역2번출구,127.086038,37.510422
삼성래미안파크팰리스아파트앞,127.132413,37.499257
서울버스종점,127.136928,37.480608
서울버스종점,127.13778,37.48038
송파파인타운2단지.한림예고,127.132647,37.485133
송파파인타운3단지.한림예고,127.132645,37.484826
송파글마루도서관.버들어린이집,127.131555,37.481607
송파글마루도서관.버들어린이집,127.131337,37.481598
문현고등학교.송파파인타운5단지,127.129475,37.480632
문현고등학교,127.129124,37.480663
풍납현대아파트,127.119361,37.528759
문정3차푸르지오아파트.송파파인타운1단지,127.133586,37.486674
문정3차푸르지오아파트.송파파인타운1단지,127.133384,37.486484
아이코리아앞,127.13364,37.48096
가든파이브웍스동,127.121195,37.478215
가든파이브웍스동,127.121259,37.478255
위례31단지정문,127.132279,37.47259
장지역.가든파이브라이프동,127.124614,37.479072
장지역.가든파이브라이프동,127.124888,37.479007
가든파이프툴동,127.119361,37.479148
가든파이브툴동,127.119307,37.478997
잠실대교전망쉼터,127.095134,37.520107
잠실대교전망쉼터,127.09479,37.519993
석촌호수서호사거리,127.098408,37.506321
석촌호수서호사거리,127.099235,37.506589
미켈란호수가아파트,127.10265,37.507656
미켈란호수가아파트,127.103112,37.508198
호수임광아파트,127.106726,37.510626
호수임광아파트,127.107203,37.511388
송파파인타운아파트11단지,127.133243,37.478367
송파파인타운아파트11단지,127.133178,37.47846
문정중학교후문,127.130274,37.488649
문정동래미안아파트남문,127.130446,37.488831
파크데일아파트입구,127.154894,37.497539
위례아이파크아파트앞,127.141148,37.475869
송파더센트레.송례초앞,127.139157,37.478538
송파더센트레.송례중앞,127.140708,37.478216
송파꿈에그린아파트,127.14077,37.474945
송파푸르지오시티.한화오벨리스크,127.120178,37.481028
송파푸르지오시티.한화오벨리스크,127.120387,37.4808
파크데일아파트입구,127.154762,37.497778
복정역,127.125755,37.470065
복정역환승센터2번승강장,127.127412,37.46983
잠실르엘.잠실파크리오아파트,127.106519,37.518852
복정역환승센터3번승강장,127.12759,37.46993
송파역,127.112358,37.499874
복정역환승센터4번승강장,127.127641,37.469827
송파역.헬리오시티,127.11185,37.499696
송례중학교.위례아이파크,127.141822,37.477691
잠실4동주민센터.파크리오B상가,127.113075,37.520113
송파호반베르디움더퍼스트,127.14092,37.506853
오륜사거리,127.139032,37.507605
세륜중학교,127.132781,37.507736
오금공원,127.131893,37.506372
오금역.오금고교,127.128845,37.503024
송파삼성래미안아파트,127.119976,37.504682
송파현대아파트.가락중학교,127.118208,37.502995
가락고등학교,127.117373,37.501652
가락동부센트레빌아파트,127.117397,37.499294
가락중학교,127.117413,37.502092
가락중학교.래미안송파파인탑,127.118551,37.50305
가락삼익맨숀,127.120766,37.505321
오금역.오금고교,127.129057,37.502643
오금공원,127.131697,37.505345
세륜중학교,127.132785,37.506977
송파호반베르디움더퍼스트,127.140874,37.506607
송파파인타운1단지,127.133556,37.485924
송파파인타운2단지,127.131222,37.483167
송파파크하비오푸르지오,127.122146,37.481231
서울동부지방법원.검찰청,127.120923,37.483509
문정법조단지,127.11784,37.485785
올림픽훼밀리타운아파트,127.114335,37.486397
올림픽훼밀리타운아파트,127.114307,37.486185
문정법조단지,127.117209,37.485462
서울동부지방법원.검찰청,127.120423,37.483933
송파아이파크오피스텔,127.122353,37.480136
송파파인타운3단지,127.131766,37.483496
송파파인타운1단지,127.133628,37.485656
석촌역4번출구,127.108208,37.504497
잠실역.롯데호텔,127.100996,37.511745
석촌역5번출구,127.107577,37.504392
송파레이크파크호반써밋1차후문,127.140212,37.485378
문정역테라타워,127.120328,37.484708
서울한방병원,127.115476,37.485605
힐스테이트에코송파,127.11527,37.485601
문정현대지식산업센터,127.119651,37.485504
송파레이크파크호반써밋1차후문,127.140048,37.485105
롯데월드.샤롯데,127.100714,37.5108
잠실롯데월드,127.098661,37.510132
레이크팰리스아파트,127.097274,37.508919
삼전동주민센터,127.091536,37.503537
삼전역,127.089034,37.503905
레이크팰리스아파트,127.097565,37.508372
잠실롯데월드,127.098644,37.509848
롯데월드.샤롯데,127.100882,37.510567
잠실르엘아파트.송파구청,127.106224,37.516533
잠실역2번출구,127.101458,37.512089
잠실르엘.잠실래미안아이파크,127.10827,37.518174
글샘공원.송파파크하비오푸르지오,127.123245,37.479108
잠실나루역,127.104951,37.52057
잠실나루역,127.104677,37.520416
장지역.한우물공원,127.125119,37.479268
송파위례리슈빌,127.147733,37.484226
장미아파트,127.101971,37.517349
잠실파크리오아파트,127.111173,37.519504
잠실롯데월드호텔.롯데타워,127.100589,37.510736
위례포레샤인.송파꿈에그린서문,127.137289,37.477322
송파꿈에그린서문.위례포레샤인,127.137457,37.476612
복정역환승주차장,127.128144,37.470728
잠실새내역,127.08406,37.511957
잠실종합운동장,127.072195,37.511107
잠실종합운동장,127.073353,37.510689
잠실역,127.096996,37.512667
잠실새내역,127.083605,37.511411
가락동,127.114657,37.49126
경찰병원.서울동부고용노동지청,127.12217,37.494165
경찰병원.서울동부고용노동지청,127.122191,37.49445
가락동,127.115336,37.491693
올림픽선수촌아파트,127.131181,37.516164
올림픽선수촌아파트,127.130862,37.516446
오금역,127.127649,37.50118
오금역,127.126642,37.500602
오금동,127.132167,37.506099
오금동,127.132089,37.506682
방이동,127.129671,37.511503
방이동,127.128769,37.511095
장지역,127.126369,37.477513
장미광장,127.127039,37.512553
한성백제박물관,127.119601,37.515419
올림픽공원평화의문,127.115008,37.51707
풍납초등학교,127.11855,37.533949
풍납백제문화공원,127.114529,37.535097
마천터널,127.150236,37.50427
가락근린공원.경찰병원,127.125221,37.497078
가락근린공원.경찰병원,127.125023,37.497163
송파레미니스아파트,127.136912,37.507866
송파레미니스아파트,127.137184,37.508239
한강극동아파트후문,127.112492,37.530728
토성초등학교.한강극동아파트,127.114404,37.529871
풍납2동주민센터,127.116344,37.528985
잠신고등학교,127.091066,37.516551
잠신고등학교,127.090655,37.51646
잠일고등학교,127.084768,37.515716
잠일고등학교,127.084403,37.515627
한강버스잠실선착장,127.085241,37.516437
잠실새내역1번출구,127.088213,37.511331
잠실역7번출구(광역),127.099138,37.515067
상일초교,127.17136,37.546125
상일초교,127.170631,37.545794
강동자이.프라자아파트,127.14884,37.536733
강동자이·프라자아파트,127.147789,37.53621
길동주민센터.둔촌2동주민센터,127.142933,37.534274
길동주민센터.둔촌2동주민센터,127.142105,37.533886
길동사거리.강동세무서,127.1368,37.53452
길동사거리.강동세무서,127.135855,37.534733
강동역,127.132449,37.535902
강동역,127.131516,37.536108
천호역,127.127052,37.537653
천호역,127.125539,37.537948
강동공영차고지,127.173885,37.564066
강동공영차고지,127.174333,37.564177
고덕리엔파크1단지,127.170471,37.56116
고덕리엔파크1단지,127.170696,37.561365
해뜨는주유소,127.170804,37.5591
해뜨는주유소,127.170989,37.559757
고덕천교차로,127.171147,37.556324
고덕천교차로,127.171561,37.556043
고덕자이.고덕천물놀이장,127.172052,37.553467
강명초등학교.고덕천물놀이장,127.172373,37.553372
고덕자이,127.172502,37.551603
고덕리엔파크3단지,127.172725,37.55189
상일동산.롯데캐슬베네루체,127.165195,37.549972
상일동산.롯데캐슬베네루체,127.165436,37.549945
상일근린공원,127.167006,37.547314
상일근린공원,127.167244,37.547395
GS강동자이아파트.둔촌동프라자아파트,127.149032,37.537002
둔촌동프라자아파트.GS강동자이아파트,127.148089,37.536129
둔촌푸르지오아파트,127.144194,37.535032
둔촌푸르지오아파트,127.144672,37.534643
길동주민센터.서울양병원,127.141825,37.53412
둔촌2동주민센터.서울양병원,127.141927,37.533652
길동사거리.강동세무서,127.137523,37.534446
길동사거리.강동세무서,127.137182,37.534124
강동역1번출구.동신중학교,127.131858,37.536281
강동역.강풀만화거리입구,127.13097,37.536051
천호역5번출구,127.127021,37.537788
천호역.성내2동주민센터,127.127289,37.537225
상일동역4번출구.센트럴푸르지오,127.169634,37.557237
상일동역6번출구.고덕아르테온,127.167873,37.556809
상일동역1번출구,127.163945,37.556518
상일동역8번출구,127.164853,37.556391
고덕그라시움,127.160702,37.556108
고덕그라시움,127.160272,37.555728
고덕평생학습관.온조대왕체육관,127.158142,37.555688
고덕평생학습관.온조대왕체육관,127.158092,37.555505
고덕역,127.155849,37.555373
고덕역,127.154997,37.55504
배재중고등학교,127.149325,37.554857
배재중고등학교,127.149718,37.554541
서울기술교육원동부.장애인복지관,127.146585,37.554792
서울기술교육원동부.장애인복지관,127.145752,37.554617
명일초등학교,127.143437,37.554867
명일초등학교,127.143468,37.554602
암사3동주민센터(강동롯데캐슬퍼스트),127.139194,37.554878
암사3동주민센터.프라이어팰리스,127.139319,37.554559
강일중.선사고,127.137026,37.55486
강일중.선사고,127.136092,37.554625
신암중학교,127.131364,37.554839
신암중학교,127.131345,37.554645
삼성광나루아파트,127.128557,37.55338
삼성광나루아파트,127.128816,37.553232
암사역.선사현대아파트,127.127558,37.550699
암사역2번출구.암사종합시장,127.127528,37.549601
천호동공원,127.125912,37.545969
천호동공원,127.126232,37.546072
서울현대요양병원,127.124789,37.54297
서울현대요양병원,127.124856,37.542061
천호역2번출구.현대백화점,127.123922,37.540348
천호역3번출구.현대백화점,127.124006,37.539953
천호역8번출구,127.122769,37.535973
강동구청역1번출구.영파여고,127.121354,37.532152
상일동역2번출구,127.165125,37.557338
상일동역2번출구,127.165424,37.55718
고덕초등학교,127.165391,37.560169
고덕초등학교,127.165645,37.560043
강덕초등학교.고덕그라시움,127.162796,37.560379
강덕초등학교.고덕그라시움,127.162884,37.560258
광문고.서울컨벤션고,127.157629,37.560586
광문고.서울컨벤션고,127.156515,37.560449
고덕아이파크아파트,127.154069,37.559741
고덕아이파크아파트,127.153781,37.559369
명일중학교,127.148729,37.558243
명일중학교,127.148876,37.558424
강동경희대병원.명일동이마트,127.156761,37.554549
강동아트센터.강동경희대병원,127.156109,37.552344
강동아트센터.강동경희대병원후문,127.156447,37.551065
한영중고.한영외고,127.155872,37.548057
한영중고.한영외고,127.156277,37.548004
길동자연생태공원,127.152592,37.53904
길동자연생태공원,127.153014,37.53918
일자산입구.둔촌도서관,127.149622,37.531996
일자산입구.둔촌도서관,127.149636,37.530986
서하남IC입구,127.143332,37.517614
동북고등학교.둔촌오륜역,127.140043,37.518959
오륜교회앞,127.132075,37.522476
농협둔촌동지점,127.143515,37.528913
둔촌하이츠아파트,127.142808,37.52988
약수터,127.141638,37.532325
약수터,127.141384,37.532506
명일여자고등학교,127.149072,37.548426
명일여자고등학교,127.149303,37.548351
길동성당,127.147978,37.544407
길동성당,127.14819,37.544391
길동신동아아파트,127.147132,37.541304
길동신동아아파트,127.147329,37.541388
강일리버10단지.미사강변센텀팰리스,127.181785,37.56003
강솔초등학교.윤슬중학교,127.181401,37.561903
강일리버5단지.미사강변루나리움,127.17919,37.567494
강일리버7단지.미사강변17단지,127.18013,37.56425
보훈회관,127.1453,37.526456
보훈회관,127.145385,37.526298
신암중.선사고,127.134587,37.55657
신암중.선사고,127.133034,37.556546
암사역사공원역1번출구,127.138716,37.55731
암사역사공원역3번출구,127.137212,37.55711
성내동농협입구교차로,127.131258,37.530354
성내동농협입구교차로,127.130951,37.530252
성내종합사회복지관,127.128034,37.531255
성내종합사회복지관,127.128126,37.531037
성내삼성.청구아파트,127.125546,37.531922
성내삼성.청구아파트,127.126152,37.531586
성내주유소,127.122078,37.532925
성내주유소,127.122282,37.532703
서울강동농협길일지점,127.142753,37.540964
서울강동농협길일지점,127.143165,37.540733
참잘함한방병원,127.139883,37.541134
참잘함한방병원,127.140039,37.540932
천동초등학교.천호도서관,127.136664,37.540424
천동초등학교.천호도서관,127.136948,37.540437
강동성심병원(동신중학교),127.1355,37.537458
강동성심병원(동신중학교),127.135233,37.537343
조은마디병원,127.133914,37.534147
조은마디병원,127.133762,37.534472
JYP엔터테인먼트.윤선생영어교실,127.129171,37.524773
JYP엔터테인먼트.윤선생영어교실,127.129441,37.524959
명일역3번출구.래미안솔베뉴,127.144224,37.551887
명일역2번출구,127.143971,37.55215
명일역1번출구.명일전통시장,127.14367,37.550025
명일역4번출구.명일전통시장,127.144066,37.550314
굽은다리사거리,127.143328,37.54791
굽은다리사거리,127.143559,37.547266
십자성마을,127.141971,37.543458
십자성마을,127.142122,37.542979
길동역1번출구,127.13994,37.537972
길동역3번출구,127.140008,37.537314
서울프라임한방병원,127.138935,37.535525
서울프라임한방병원,127.139364,37.535436
강동리바트,127.137332,37.531364
동명약국앞,127.137186,37.529719
둔촌동역4번출구,127.136125,37.528256
둔촌동역2번출구,127.136444,37.527528
한국전력공사강동송파지사,127.13491,37.524796
한국전력공사.올림픽파크포레온,127.13533,37.524487
고덕자이.상일여고,127.171289,37.550916
고덕자이.상일여고,127.172142,37.550846
상일1동주민센터.고덕사회체육센터,127.168168,37.550465
상일1동주민센터.롯데캐슬베네루체,127.168256,37.550289
고덕숲아이파크,127.164629,37.550634
고덕숲아이파크,127.164743,37.550454
강동고등학교,127.160342,37.550221
강동고등학교,127.160681,37.550262
한영중고앞사거리,127.156738,37.549228
고덕현대아파트,127.153213,37.549277
한영중고교앞교차로,127.155655,37.549077
고덕삼환.주공9단지아파트,127.151609,37.549274
고덕삼환.주공9단지아파트,127.152092,37.549125
명일여자고등학교,127.148418,37.549455
명일여자고등학교,127.148853,37.549149
명일1동주민센터,127.146272,37.550478
명일1동주민센터,127.146368,37.550198
강동롯데캐슬퍼스트,127.143043,37.558453
강동롯데캐슬퍼스트,127.143034,37.5586
래미안힐스테이트고덕,127.150388,37.561812
래미안힐스테이트고덕,127.15146,37.562088
샘터근린공원교차로,127.154014,37.562284
샘터근린공원교차로,127.153899,37.56246
고덕풍경채어바니티,127.168608,37.562327
고덕풍경채어바니티,127.169549,37.562416
올림픽파크포레온121동앞,127.140955,37.524908
올림픽파크포레온418동앞,127.1409,37.524184
동북중학교,127.139261,37.520423
동북중학교,127.139267,37.520063
강동구청,127.122542,37.530205
강동구청,127.122567,37.529925
강동보건소앞,127.125493,37.528827
강동보건소건너,127.125423,37.52856
한양수자인아파트,127.12863,37.527351
한양수자인아파트,127.128559,37.52722
서울장애인복지관,127.149084,37.5552
서울장애인복지관,127.148886,37.55508
명일동신동아아파트,127.152321,37.554953
명일동신동아아파트,127.151843,37.554561
고덕비즈밸리입구교차로,127.160845,37.563965
고덕비즈밸리입구교차로,127.160736,37.563745
지식산업센터,127.159377,37.565741
강동아이파크더리버,127.157905,37.566005
상일동동아아파트,127.167551,37.545788
상일동동아아파트,127.167575,37.545548
상일동주몽재활원,127.163323,37.545977
상일동주몽재활원,127.163685,37.545758
상일동빌라단지,127.159112,37.54546
상일동빌라단지,127.15957,37.545617
강동아이파크더리버,127.157665,37.565636
중앙보훈병원역1번출구,127.148052,37.527992
중앙보훈병원역1번출구,127.148077,37.527209
샘터근린공원,127.156808,37.563923
샘터근린공원,127.157125,37.563775
고덕산생태육교,127.147648,37.561295
고덕산생태육교,127.146161,37.560545
강동첨단업무단지.상일여고입구,127.173083,37.548643
강동첨단업무단지.상일여고입구,127.173247,37.549405
천동초교입구사거리,127.141012,37.539955
천동초교입구사거리,127.140662,37.53994
강동구청역.농협중앙회,127.120114,37.529146
성내구립도서관.사회적경제지원센터,127.133254,37.532693
성내구립도서관.사회적경제지원센터,127.132767,37.532266
둔촌습지앞,127.14562,37.5219
강일리버파크6단지,127.175523,37.563869
강일동주민센터,127.173929,37.566015
강일동주민센터,127.173875,37.565716
강일리버파크4단지.2단지,127.176556,37.568441
강일리버파크2단지.4단지,127.176546,37.568622
강일고등학교.강일리버파크7단지,127.177918,37.565067
강일고등학교.강일리버파크7단지,127.178401,37.564711
강일리버파크6단지,127.176237,37.562809
강일초등학교,127.175752,37.565095
강일초등학교,127.176864,37.565874
강일리버파크9단지.10단지,127.179463,37.559553
강일리버파크10단지.9단지,127.17972,37.559558
중앙보훈병원역2번출구,127.148679,37.529598
중앙보훈병원역3번출구,127.148941,37.529323
강일리버파크8단지,127.177718,37.562272
강일리버파크8단지,127.177967,37.562648
강일리버파크4단지.5단지,127.177374,37.56656
강일리버파크5단지.4단지,127.177484,37.567124
강일리버파크1단지.3단지,127.173301,37.567037
강일리버파크3단지.1단지,127.174408,37.568207
상일파출소.고덕아르테온,127.165771,37.555558
강일리버파크9단지후문,127.180138,37.561692
강일리버파크9단지후문,127.1799,37.561716
강동공영차고지,127.174627,37.564251
강일역.고덕리엔파크2단지.3단지,127.173781,37.557258
강일역.고덕리엔파크3단지.2단지,127.174124,37.557098
고덕리엔파크2단지,127.173024,37.556839
강명초등학교.고덕리엔파크3단지,127.173783,37.554044
강명초등학교.고덕리엔파크3단지,127.173335,37.553826
고덕리엔파크2단지,127.173364,37.556835
굽은다리역구민회관.강동홈플러스,127.142789,37.545695
굽은다리역구민회관.강동홈플러스,127.143063,37.545612
삼성E&A,127.174956,37.549911
삼성E&A,127.17478,37.549868
고덕리엔파크3단지서문,127.173848,37.551257
고덕리엔파크3단지서문,127.173848,37.551071
천동초교삼거리,127.1368,37.541567
천동초교삼거리,127.136238,37.54193
동아하이빌,127.134127,37.544085
동아하이빌,127.134084,37.543892
천일초교사거리,127.132309,37.544601
천일초교사거리,127.131246,37.544537
천일중.구강사,127.129008,37.545118
천일중.구강사,127.129002,37.544935
고덕센트럴.고덕숲아이파크,127.165386,37.551342
고덕숲.고덕센트럴아이파크,127.165146,37.551649
고현초등학교.고덕센트럴아이파크,127.165331,37.552914
고현초등학교.고덕숲아이파크,127.165072,37.553966
현대토파즈아파트,127.125861,37.525305
성내유수지체육공원,127.121842,37.52708
서울기술교육원동부.명덕초교,127.144807,37.556227
아남.대우아파트,127.144762,37.557714
강동롯데캐슬퍼스트아파트,127.144559,37.556908
천호역1번출구.문구거리,127.122232,37.539294
강동리버스트7.6단지,127.172132,37.570645
강동리버스트6.7단지,127.171951,37.570494
강동리버스트상가,127.174003,37.572099
힐스테이트리슈빌강일501동,127.174674,37.572477
강일역3번출구,127.177016,37.55764
상일2동주민센터.고덕어반브릿지,127.179417,37.556007
상일2동주민센터.고덕어반브릿지,127.179726,37.556268
강동리엔파크11단지,127.179748,37.553478
강동리엔파크11단지,127.179839,37.553589
강동리엔파크13.14단지,127.181667,37.551259
강일역2번출구,127.177371,37.557926
가래여울,127.168922,37.576537
신명초교입구교차로,127.146753,37.540088
길동초등학교,127.146424,37.539003
강일리버파크1단지103동,127.172748,37.568
길동우성아파트.은평교회맞은편,127.145545,37.536326
둔촌푸르지오아파트사거리,127.144923,37.534376
강일고등학교.강일리버파크7단지,127.17799,37.565029
둔촌고앞,127.14373,37.531685
구립둔촌어린이집,127.143035,37.530088
고덕1동주민센터.두레근린공원,127.151465,37.558161
고덕역1번출구,127.153152,37.555318
명일신동아아파트,127.152717,37.552739
한산초등학교,127.141628,37.527452
상일동역3.4번출구,127.167975,37.557037
한산중학교,127.138999,37.528189
시립강동노인종합복지관,127.153233,37.552741
고덕리엔파크1단지,127.17052,37.561243
둔촌역,127.137631,37.528598
고덕역1번출구,127.153287,37.555741
고덕1동주민센터.두레근린공원,127.151717,37.558276
우리은행둔촌역지점.발리호텔,127.136098,37.529016
둔촌청구아파트,127.134213,37.529505
고덕중학교,127.16103,37.56077
성내동농협입구교차로,127.131335,37.530328
농협둔촌동지점,127.143697,37.529088
성내복지관,127.128094,37.531193
고덕아이파크101동,127.155973,37.560573
성내삼성아파트.공안과,127.12561,37.5319
9호선중앙보훈병원역1번출구,127.147509,37.527793
성내주유소,127.122143,37.532899
묘곡초교사거리,127.151627,37.559319
선린초등학교,127.14446,37.529032
아남.대우아파트,127.144586,37.557498
롯데캐슬아파트,127.144478,37.556104
명일동국민은행.래미안솔베뉴,127.144167,37.553729
명일역,127.143957,37.552047
성덕고등학교,127.143306,37.550765
천호우성아파트,127.139744,37.550595
성내주유소,127.122264,37.532709
약국앞,127.137504,37.550071
성내삼성아파트.공안과,127.126183,37.53165
강동농협,127.135371,37.548084
성내복지관,127.128055,37.531058
성내동농협입구교차로,127.131263,37.530146
고분다리,127.131286,37.542665
둔촌청구아파트,127.133677,37.529499
둔촌시장.발리호텔,127.135995,37.528821
천호동로데오거리,127.127198,37.540565
서울.경기양돈농협,127.133469,37.547634
둔촌역,127.137231,37.528562
한산중학교,127.140128,37.527774
브라운스톤,127.130072,37.549081
한산초등학교,127.142588,37.527106
암사종합시장,127.128379,37.549833
천호역5번출구,127.127053,37.537753
암사역,127.127857,37.550633
구립둔촌어린이집,127.143354,37.530511
암사삼성.현대아파트,127.12887,37.55352
둔촌고등학교,127.143944,37.531781
천호우체국,127.125362,37.54086
고덕주유소.선사초등학교,127.129569,37.555382
둔촌푸르지오아파트사거리,127.145086,37.534336
천호동로데오거리,127.126833,37.540478
선사마을,127.130445,37.557671
길동은평교회,127.145833,37.536424
천호시장,127.129371,37.540653
서울암사동유적,127.13117,37.559368
길동초등학교,127.146513,37.538729
고분다리,127.131689,37.542934
서원마을,127.13309,37.563753
신명초교입구교차로,127.146937,37.540329
서울암사동유적,127.130836,37.559329
강동농협,127.135897,37.548409
선사마을,127.130009,37.557265
고덕아이파크101동,127.156037,37.560448
약국앞,127.13752,37.549915
선사초등학교,127.129191,37.555059
광문고.서울컨벤션고,127.157554,37.5605
천호우성아파트,127.139129,37.550379
고덕온빛채아파트,127.170216,37.563645
암사역,127.127759,37.550956
한영중고교앞교차로,127.155646,37.549091
고덕풍경채어바니티,127.170017,37.563582
주원교회,127.164756,37.565946
주원교회,127.165133,37.565696
우진산전.디엠스퀘어,127.160461,37.567118
에이스메디칼타워,127.160906,37.56713
강동아이파크더리버.이케아,127.158736,37.566649
지식산업센터,127.159941,37.565324
강동구청고덕별관,127.156521,37.557835
강동구청고덕별관,127.156821,37.55638
광문고.컨벤션고,127.156966,37.559787
샘터배드민턴장,127.156754,37.562061
샘터배드민턴장,127.157098,37.56229
천호우체국,127.125433,37.54084
강동구청,127.121847,37.531407
강동아이파크더리버.이케아,127.158778,37.566966
광문고.컨벤션고,127.156672,37.559809
고분다리시장입구,127.13155,37.543044
고분다리시장입구,127.131731,37.542977
암사1동제1경로당,127.137687,37.550002
성덕중고등학교,127.142691,37.550646
성덕중고등학교,127.142922,37.550702
강동농협,127.135338,37.54807
강동농협,127.135905,37.5484
암사1동제1경로당,127.137766,37.550195
천호초교입구사거리,127.134213,37.546491
천호3동주민센터,127.129164,37.540583
천호초교입구사거리,127.133646,37.545897
천호3동주민센터,127.129416,37.540876
암사종합시장,127.12825,37.549699
명일동국민은행.래미안솔베뉴,127.14436,37.553372
브라운스톤,127.130148,37.548872
삼익가든아파트,127.14854,37.546305
삼익가든아파트,127.148779,37.546158
둔촌신성미소지움아파트,127.143581,37.526944
둔촌신성미소지움아파트,127.14417,37.526662
9호선중앙보훈병원역1번출구,127.147539,37.527911
상일초등학교,127.171462,37.545773
길동LG자이아파트,127.148089,37.536129
강동구청역,127.121254,37.531806
천호역.성내2동주민센터,127.127055,37.537285
길동사거리,127.136989,37.5342
상일초등학교,127.171581,37.546427
강동자이아파트,127.149123,37.53708
길동사거리,127.137091,37.534664
천호역,127.127296,37.537727
강동구청역,127.120559,37.53118
둔촌동역,127.136461,37.527526
둔촌동역,127.135893,37.52739
서울.경기양돈농협,127.133286,37.547544
고덕래미안힐스테이트시니어센터,127.147943,37.559295
고덕1동주민센터.고덕래미안힐스테이트,127.15055,37.558707
고덕중학교,127.160641,37.560623
상일동역5번출구,127.168428,37.55689
강일리버파크1단지.금화사,127.173377,37.567028
강일리버파크6단지,127.175498,37.563931
강일리버파크1단지정문,127.17287,37.568097
가래여울,127.169013,37.576564
강동리버스트4단지,127.171995,37.573774
힐스테이트리슈빌강일503동,127.176674,37.573012
강동리버스트8단지,127.176109,37.572596
강빛초.중학교,127.1728,37.57415
굽은다리역,127.143023,37.545404
굽은다리역,127.142744,37.545589
명일동국민은행.래미안솔베뉴,127.144191,37.554145
명일동국민은행.래미안솔베뉴,127.14436,37.553372
암사삼성.현대아파트,127.12862,37.553597
천호우체국.로데오거리,127.127274,37.540556
천호우성아파트,127.139339,37.550386
천호우성아파트,127.140046,37.550643
라움포레아파트,127.123596,37.53363
성내시장,127.125497,37.536155
천호동로데오거리,127.127337,37.540343
