name,lon,lat
세계로약국,126.98328,37.572177
삼성대학약국,126.967901,37.567433
종로연세약국,127.001081,37.571171
종로제일약국,127.003641,37.571248
빨간문약국,126.963561,37.57083
대웅약국,126.998801,37.570582
365열린동대문약국,127.013516,37.572637
보생약국,126.999649,37.571065
종로5가8번출구약국,127.001208,37.57065
대학로대학약국,127.001652,37.581928
종로탑약국,126.989406,37.571199
종로이층약국,126.97985,37.570459
주차편한천사약국,127.001858,37.579035
옵티마 웰니스 뮤지엄 종각약국,126.982131,37.56958
다가가는약국,126.967695,37.567495
종로더서울약국,126.999552,37.571128
성대정문약국,126.997086,37.585706
통인한약국,126.969466,37.579987
신세계약국,126.991403,37.570129
신서대문대학약국,126.966059,37.568602
다나약국,126.991897,37.570135
메디칼약국,126.966059,37.568602
올리브약국,126.974753,37.570488
현대약국,126.960804,37.575382
숭인다모아약국,127.015806,37.576748
함춘약국,127.001806,37.579599
수도약국,126.98515,37.574045
정성약국,127.021568,37.575122
정문약국,126.997678,37.576904
건강한세상약국,126.967968,37.567501
성진약국,127.000607,37.585566
대도약국,126.983256,37.572481
현대온누리약국,126.987399,37.578412
신코아약국,126.985916,37.568954
보람약국,127.013995,37.572305
대서울약국,126.997577,37.576465
지영오행당약국,126.997081,37.585542
대경약국,127.012289,37.572595
동아약국,126.999073,37.570605
광교약국,126.983127,37.569085
소담약국,126.997656,37.584396
김해약국,127.000682,37.570702
동남약국,126.99129,37.57012
성당약국,126.989056,37.571547
한독약국,127.004437,37.580575
백화점약국,127.003746,37.57076
보광약국,127.001728,37.579481
효성약국,127.010307,37.575859
캐슬온누리약국,127.016178,37.573852
경일약국,126.965238,37.605088
은성약국,126.988137,37.573346
동시약국,127.000247,37.570578
보성온누리약국,126.995669,37.588428
영화약국,127.005877,37.573302
새현대약국,126.973255,37.575394
인성약국,126.95796,37.574743
한마음약국,126.997577,37.576465
국일약국,126.988506,37.569557
시민약국,126.972731,37.576357
종로프라자약국,126.970572,37.581606
희망약국,127.001519,37.575885
참약국,126.97985,37.570459
명륜시장약국,126.996811,37.587696
종로세란약국,127.006867,37.571471
성심약국,127.015469,37.575528
민약국,126.970865,37.574938
동호약국,126.996446,37.58743
내자약국,126.970771,37.576334
진약국,126.991051,37.572173
옥인온누리약국,126.972923,37.57641
정민약국,126.999994,37.581968
종근당약국,127.003301,37.570779
우리약국,126.966786,37.581097
문우약국,126.984522,37.576952
새종로약국,126.999952,37.571144
삼성제일약국,126.967473,37.567208
종로팔팔온누리약국,126.991895,37.571474
동묘호약국,127.016075,37.572807
동묘약국,127.018346,37.571495
우정약국,126.999888,37.570568
건강약국,127.000892,37.586081
세검정약국,126.961803,37.60163
대한약국,127.001571,37.579618
일등약국,126.966059,37.568602
위드팜삼정바로약국,126.966059,37.568602
유한약국,127.003403,37.570781
호수약국,126.980476,37.572576
일신약국,127.002558,37.570751
플러스약국,126.986036,37.569951
안국온누리약국,126.985607,37.575731
튼튼약국,127.000705,37.584091
안국3층약국,126.984551,37.576325
바로약국,126.98139,37.57111
혜화약국,127.000535,37.586495
남영약국,126.985607,37.575731
인앤아웃약국,126.97985,37.570459
예은약국,126.958452,37.606871
보배종로약국,127.002971,37.570772
햇살약국,126.971208,37.581257
종로오가약국,127.001542,37.571179
광장약국,126.999223,37.571065
대박약국,126.97985,37.570459
엄약국,127.002412,37.571222
단골온누리약국,127.015976,37.574536
메디칼서울약국,127.001526,37.581818
봄약국,127.01533,37.573333
종로온누리약국,127.010518,37.571883
명문약국,126.957697,37.574935
소망약국,127.01481,37.573151
광화문윤약국,126.976354,37.570602
경희궁햇살약국,126.963561,37.57083
종로승보약국,126.994236,37.57025
대학약국,126.997444,37.576798
숭인약국,127.022328,37.575488
서울온누리약국,127.001466,37.579434
종로우리약국,127.000068,37.570686
참조은약국,127.006926,37.570802
종각팜약국,126.984933,37.569956
온유약국,127.00059,37.571156
서대문권약국,126.966059,37.568602
세종약국,126.973315,37.571864
창신종로약국,127.010456,37.573758
백수약국,127.003728,37.571307
세민약국,126.968798,37.580377
동서약국,127.002358,37.570756
푸른소나무약국,126.981823,37.572564
종로약국,126.999317,37.571118
새동서약국,127.001661,37.570496
국화약국,126.966418,37.605955
사랑약국,126.956537,37.608108
인제약국,126.999173,37.570635
신백제약국,127.004899,37.571326
종로한사랑약국,127.016075,37.572807
부광약국,127.002623,37.571242
글로리아약국,126.969217,37.60682
옥광약국,126.997444,37.576882
하트약국,127.002152,37.582707
열린온누리약국,127.021151,37.57603
신두산약국,127.015445,37.573578
종로백세약국,127.002302,37.571263
서울종로약국,127.001655,37.581815
종오약국,126.999459,37.571127
보령약국,127.00033,37.571157
365종로행복약국,127.017885,37.573927
파란문약국,126.961422,37.571545
서울우리약국,127.021671,37.574565
북촌웰니스뮤지엄약국,126.986551,37.57887
좋은약국,126.95709,37.575616
선아약국,126.991928,37.570055
경복궁약국,126.972097,37.577042
안국365약국,126.986178,37.577257
종각호약국,126.987195,37.569956
교회옆약국,127.000653,37.579009
종로엔약국,126.984633,37.570488
서울이약국,127.001311,37.579505
늘푸른약국,126.967695,37.567495
메디팜삼현약국,126.972319,37.571747
종로성지약국,126.991895,37.571474
스타약국,127.002077,37.584249
종로센트럴약국,126.991774,37.570697
하늘약국,126.97985,37.570459
삼정김약국,126.967901,37.567433
정약국,126.990466,37.570608
당근약국,126.973975,37.570427
혜화수약국,126.998523,37.582493
유성약국,127.002231,37.570718
가람약국,126.968881,37.574417
북촌약국,126.98202,37.578751
바른약국,127.001795,37.579173
삼원온누리약국,126.976183,37.570481
행운약국,127.000364,37.583232
신정원약국,126.957009,37.575507
종로중앙약국,127.001772,37.571308
새봄약국,127.019063,37.573749
송이약국,126.97985,37.570459
믿음약국,127.014638,37.573033
제신약국,127.006926,37.570802
종로삼성약국,127.004929,37.570774
새명성약국,126.974119,37.57042
종로5가미래약국,127.001248,37.571216
이약국,127.01545,37.574122
광화문이층약국,126.974535,37.570434
종로태양약국,126.999003,37.571101
종각역약국,126.981416,37.570233
송송약국,126.97985,37.570459
행복약국,126.972277,37.576321
종로1층엔약국,126.98139,37.57111
종로밝은약국,127.006992,37.571331
대명약국,127.006272,37.570854
이화약국,127.001495,37.579582
참자연약국,126.963561,37.57083
따뜻한약국,126.97985,37.570459
힐링약국,126.980495,37.571028
파랑새약국,127.001609,37.58204
종로백제약국,127.003992,37.571259
동대문연약국,127.008112,37.570781
엄마약국,126.999176,37.571063
정다운약국,127.015133,37.573172
광화문123약국,126.979669,37.572356
신아산약국,127.006244,37.571333
원정약국,127.014613,37.560136
샘물온누리약국,127.020413,37.563576
주원약국,127.020333,37.565442
건강백세약국,126.963341,37.558962
현대약국,127.010372,37.555658
서울왕약국,126.978492,37.560861
중앙약국,127.006365,37.566538
신정약국,127.00928,37.549014
신성약국,127.014853,37.562475
지하근화사약국,126.993632,37.566408
조동약국,126.986576,37.567377
인우약국,126.966069,37.558989
정원약국,126.977621,37.563708
장수약국,127.019599,37.565272
부일약국,127.013119,37.562773
왕란약국,127.006384,37.565253
방약국,127.000424,37.566993
광진약국,127.013337,37.559901
동국약국,126.998909,37.560832
동문약국,127.006262,37.56699
남시약국,126.977744,37.560766
광주약국,126.977541,37.5584
국민약국,127.006365,37.567079
서울시니어스약국,127.008138,37.551164
새생명약국,127.00928,37.549014
신평화약국,127.011582,37.569433
무릉약국,126.99633,37.56252
행복한약국,127.015975,37.563499
솔약국,127.021909,37.566172
서현온누리약국,126.978898,37.55936
명동사랑약국,126.983864,37.560952
센츄럴팜약국,126.969436,37.556031
하연약국,126.973773,37.557129
수연약국,126.976299,37.563651
대화약국,127.012009,37.55172
한중약국,126.974667,37.562893
중부사약국,126.998928,37.564627
다나약국,127.010677,37.553199
새원약국,126.984927,37.564143
대풍약국,127.009062,37.553336
한일약국,126.973216,37.56303
대도약국,126.992318,37.561315
한미약국,127.013946,37.569461
희구약국,126.977375,37.558505
시티약국,127.017002,37.565806
수정약국,127.006312,37.562303
웰니스약국,126.986025,37.561588
동대문허브약국,127.00831,37.568322
사랑약국,126.988525,37.567538
기풍약국,127.019071,37.563184
기쁨이 넘치는 약국,127.014984,37.564312
청계약국,126.97882,37.568793
월드탑약국,126.98109,37.56481
명동천사약국,126.98221,37.563116
기쁨약국,126.993104,37.56537
판도라숭례문약국,126.973098,37.558327
회현약국,126.977039,37.557298
명동모모약국,126.98221,37.563116
원진온누리약국,126.996295,37.566176
13층약국,126.974059,37.562664
홍신약국,126.98034,37.567141
신중앙약국,127.019938,37.565472
왕자약국,127.016211,37.562874
코코약국,126.983984,37.565918
왕솔약국,126.980136,37.561205
자연주의약국,127.008874,37.552303
스마트약국,127.008143,37.567493
금성약국,127.0018,37.565388
옵티마서울약국,126.973861,37.555522
굿약국,126.984949,37.563946
약수하나약국,127.009835,37.553967
밝은약국,127.016644,37.566034
명동하이약국,126.984482,37.564389
2층바른약국,127.010038,37.554431
상산약국,127.020095,37.565921
오렌지약국,126.988578,37.565746
충정로조은약국,126.963319,37.558446
소망약국,127.020239,37.563789
에이스약국,126.97774,37.568428
유네스코약국,126.983762,37.563454
하나약국,126.979581,37.568736
푸른약국,126.985075,37.561644
하늘약국,127.015819,37.565132
명동약국,126.985353,37.561328
연합약국,126.985141,37.560576
남산우리약국,126.981922,37.558258
신우리약국,126.989347,37.564895
예솔약국,126.968341,37.560636
메디칼하나약국,127.011422,37.555695
셀메드필약국,126.995911,37.56037
새삼성약국,126.977621,37.560763
명동중앙약국,126.982148,37.561019
금오약국,126.978898,37.55936
평화약국,127.011307,37.554454
우리네약국,127.01471,37.554768
타워약국,127.021909,37.566172
미소약국,127.006492,37.562777
다산온누리약국,127.010978,37.555891
허브약국,127.008406,37.551615
독일사약국,127.019315,37.570367
메디팜늘봄약국,127.015204,37.563145
열린약국,127.021434,37.570978
새열린약국,126.983285,37.565222
건강약국,126.995492,37.561883
힘찬약국,127.008184,37.567748
광희약국,127.007467,37.564013
메디홈약국,126.981486,37.560847
럭키약국,126.994931,37.562245
라멜렉스약국,126.9846,37.562813
명동 뷰티유약국,126.983438,37.563447
호약국,126.974311,37.562049
바로약국,127.011191,37.555162
가나약국,127.012593,37.558833
스타온누리약국,127.021888,37.565311
충무약국,126.992841,37.561507
곰돌이약국,127.024916,37.564253
명동스타약국,126.982697,37.564649
1898광장약국,126.986991,37.563059
우리약국,127.0134,37.560165
약수스타약국,127.011329,37.553456
덕수궁돌담약국,126.976494,37.563682
아이약국,126.986166,37.561653
을지약국,126.997316,37.566106
정동길권약국,126.969137,37.567982
상상메디약국,126.998501,37.561408
판다약국,126.98397,37.564354
남진약국,126.978521,37.560947
명동썬약국,126.98246,37.562223
남대문대형약국,126.978081,37.558683
123약국,127.006511,37.566719
오아시스약국,126.983868,37.56471
모드니온누리약국,126.974059,37.562664
올리브약국,126.984305,37.561723
청실약국,126.97892,37.567283
명동레디영약국,126.984559,37.561332
라임약국,127.021909,37.566172
양지약국,126.990087,37.563197
연세드림약국,127.0066,37.566495
시안약국,126.983703,37.564127
샬롬약국,126.984033,37.566415
조이약국,126.996248,37.561528
새온약국,126.967949,37.565286
을지로다정약국,126.983555,37.566499
꽃피는온누리약국,126.985178,37.567421
평화약국,126.97711,37.560245
참조은약국,126.995581,37.566131
고향약국,126.97815,37.560842
남대문약국,126.977902,37.560796
약수호랑이약국,127.010801,37.55417
유일약국,126.973824,37.559035
한마음약국,126.988887,37.564524
목화약국,126.963409,37.554218
약사랑약국,126.999011,37.562096
알파약국,127.019753,37.569912
행복한약수약국,127.009948,37.55514
대해약국,127.015369,37.565432
서울하이약국,126.973137,37.558228
제니스약국,127.01711,37.566862
봄약국,126.98323,37.567208
세계약국,126.982159,37.564067
유쾌한약국,127.013086,37.558453
새우리약국,127.011014,37.553932
5층사랑약국,126.972686,37.563022
명동명약국,126.981255,37.563691
명약국,126.979496,37.566811
서울수약국,126.965795,37.555113
약수소망약국,127.01023,37.55483
백현약국,127.023182,37.570339
뿌리약국,127.010521,37.553835
별약국,126.975205,37.563829
피치유약국,126.983868,37.56471
케이뷰티케어약국,127.01348,37.567643
명동 뷰티랩 약국,126.985764,37.562207
메디원약국,126.978979,37.560165
영스약국,127.013762,37.566777
명동 플래그쉽 레디영약국,126.985437,37.562246
명동피에스케이메디약국,126.982195,37.563023
명동 더서울약국,126.983824,37.56382
명동 도레미약국,126.98404,37.562951
아세아약국,126.992997,37.564962
라인영약국,126.984704,37.562257
디디피약국,127.008184,37.567748
명동중앙로 퓨어약국,126.985056,37.561911
옐로우텐트약국,127.010228,37.565038
더 벨르 약국,126.982421,37.562756
두타몰레디영약국,127.008752,37.568814
피에스케이메디약국,127.008571,37.567712
피에스메디케어약국,126.983539,37.563802
365동화약국,127.01919,37.560467
라멜린 약국,126.985098,37.561692
가까운 약국,126.985542,37.561545
오프약국,126.983735,37.562551
메디메카 약국,127.007281,37.566873
소은약국,126.985846,37.561967
을지로일층약국,126.984235,37.567444
옵티마웰니스뮤지엄 명동약국,126.985594,37.56267
아임영약국,126.983458,37.561432
명동베리뉴약국,126.984545,37.562915
센터약국,126.97895,37.564847
명동백화점약국,126.982084,37.566059
노바약국,126.983379,37.561132
도토리약국,127.013273,37.558805
명동케이약국,126.984305,37.561723
명동하나약국,126.984686,37.562333
명동타운 레디영약국,126.9868,37.561906
뉴스케치 약국,126.985501,37.561774
명동 친한 약국,126.985714,37.561136
충무로 에이트약국,126.983406,37.561422
에이트명동1번가약국,126.983885,37.562805
브라이튼약국,126.985128,37.563292
명동메가약국,126.983741,37.563178
신우성약국,126.972004,37.542102
한국구일온누리약국,126.98004,37.517895
용약국,127.004329,37.533147
정화약국,126.973531,37.545491
신세계약국,126.999935,37.526002
세계약국,126.961753,37.535625
인원약국,126.984955,37.546002
구온누리약국,126.962558,37.551343
국제약국,126.972556,37.5442
세브레스약국,127.004181,37.533256
종로프라자약국,126.964157,37.529557
다니엘약국,126.959571,37.524046
건강한약국,126.963352,37.548559
신효창프라자약국,126.961083,37.539597
사랑플러스약국,126.973331,37.541414
다정약국,126.974982,37.550583
보광프라자약국,126.999682,37.527322
푸른약국,126.977288,37.549563
다나약국,126.977276,37.549787
메디팜나은약국,126.972985,37.537176
메디팜최약국,126.970244,37.548576
연희온누리약국,126.971656,37.544756
서현약국,126.969357,37.52095
굿윌정약국,126.977131,37.550042
수명약국,126.981693,37.545775
소명약국,126.99543,37.534152
새무림약국,126.964421,37.525913
삼정약국,126.955836,37.533482
동아약국,126.98875,37.538877
성도약국,126.989592,37.539556
새희망약국,127.008129,37.533832
기분좋은약국,126.96594,37.526189
정문약국,127.004815,37.533219
이태원365약국,126.99201,37.534548
서울중앙약국,126.971068,37.552395
메디킹덤약국,126.959727,37.532814
용산파크약국,126.967492,37.525928
미라클약국,126.972453,37.541513
나라약국,126.970041,37.544705
하늘약국,126.966981,37.529108
해피약국,126.967492,37.525928
국민약국,126.994605,37.534308
다올약국,126.970369,37.541908
솔약국,126.967363,37.538276
라임약국,126.969538,37.536705
이화약국,127.004719,37.533252
3층파란문약국,126.965281,37.527275
산책약국,126.968647,37.528837
바로약국,126.967788,37.530214
용산매일여는약국,126.967492,37.525928
다나은약국,126.968176,37.529985
큰약국,127.000111,37.525955
경옥채한약국,127.009503,37.53492
민약국,126.963062,37.525356
자연약국,127.005139,37.533206
한남햇살약국,127.008385,37.534083
남선약국,126.989172,37.539361
용산늘봄약국,126.99482,37.531395
스마일약국,127.008129,37.533832
옵티마웰니스뮤지엄이태원약국,126.993863,37.534744
삼희약국,126.967492,37.525928
우리서울약국,126.966981,37.529108
행복을 주는 약국,126.955317,37.538296
용산오늘약국,126.967788,37.530214
이촌사랑약국,126.98004,37.517895
2층써밋약국,126.965281,37.527275
이촌약국,126.971946,37.520164
나음약국,126.966981,37.529108
신용산수약국,126.968176,37.529985
희망약국,126.961753,37.535625
용산대학약국,127.004589,37.53322
새봄약국,126.961229,37.53958
스타약국,126.964157,37.529557
빙고약국,126.967492,37.525928
가까운우리약국,127.005393,37.533961
이층성장약국,126.971946,37.520164
편한약국,126.967492,37.525928
온누리백합약국,126.977488,37.548815
서울약국,126.972258,37.546034
우리약국,126.964157,37.529557
가장큰태평양약국,127.003854,37.533283
수약국,126.959212,37.540423
효창약국,126.958383,37.540748
참온누리약국,126.981551,37.546668
홍주약국,126.969851,37.520885
금보약국,126.950409,37.534028
한라약국,126.994296,37.533846
기영약국,127.005493,37.533742
서안약국,126.962003,37.540487
양지약국,126.975027,37.51933
용산약국,126.967973,37.528194
숙명약국,126.966771,37.545068
현대온누리약국,126.977873,37.518417
소아제일약국,126.968486,37.554145
해란약국,126.967379,37.544651
정다운약국,126.960358,37.535048
하이약국,126.973546,37.54134
힐링약국,126.987497,37.543276
은정약국,126.978111,37.546644
우정약국,126.967363,37.538276
임상온누리약국,126.954583,37.527863
승현약국,126.963138,37.551238
동광약국,126.996914,37.526005
경인약국,126.959453,37.537369
동부약국,126.974536,37.520058
수복약국,126.957519,37.539267
소망약국,126.976038,37.518462
새서부약국,126.97188,37.544393
보현온누리약국,126.985088,37.545815
명진약국,126.981866,37.546564
메디팜미래로약국,126.968276,37.544815
새건우약국,126.975292,37.5533
백경약국,126.959584,37.534926
정문약국,127.041314,37.557965
우인약국,127.032102,37.562916
성수종로약국,127.054705,37.547189
푸른약국,127.048967,37.546966
민제약국,127.042548,37.56946
선영약국,127.030759,37.566862
메디팜호정약국,127.049098,37.544323
이수프라자약국,127.03461,37.561198
참사랑약국,127.043096,37.565839
행복이열리는건강약국,127.057102,37.545233
평안약국,127.035555,37.558259
공중약국,127.055108,37.537436
기린약국,127.009987,37.541957
정성약국,127.033052,37.566582
종로약국,127.041333,37.559971
한솔약국,127.037833,37.569967
행복한약국,127.014038,37.542362
중앙종로약국,127.052847,37.563944
더힘찬약국,127.022734,37.547608
효민프라자약국,127.041968,37.563295
성산약국,127.035267,37.560543
수한약국,127.017712,37.548438
제일약국,127.030523,37.549604
영화당약국,127.046828,37.560999
부일약국,127.036876,37.55895
시대약국,127.044681,37.567551
새인선약국,127.06786,37.551494
21세기메디칼약국,127.019852,37.554335
새서독약국,127.033286,37.558505
부원약국,127.052418,37.537774
신라약국,127.067076,37.550138
용하약국,127.054804,37.562977
왕약국,127.065675,37.548432
왕십리약국,127.032207,37.562211
유림약국,127.029393,37.560751
신동아약국,127.045002,37.545709
우리약국,127.047334,37.538916
영민약국,127.053103,37.546197
수명약국,127.044974,37.546113
예전약국,127.035712,37.564873
한신약국,127.027647,37.56611
상보약국,127.06262,37.540382
메디팜보배약국,127.054692,37.546851
동틀약국,127.064994,37.544575
은하약국,127.01947,37.548197
메디팜일진약국,127.054104,37.562674
대한약국,127.016439,37.549963
보람약국,127.016245,37.540024
세심약국,127.042548,37.56946
메디팜대림약국,127.027118,37.557902
메디팜한솔약국,127.029207,37.55588
대학약국,127.041549,37.559945
대중약국,127.028107,37.564531
이레약국,127.052064,37.537835
자이팜약국,127.038338,37.555197
국제약국,127.021224,37.547763
건국약국,127.054285,37.544862
옥수이화약국,127.014079,37.546698
삼성약국,127.0552,37.537414
늘푸른약국,127.027647,37.56611
건강한약국,127.03437,37.562344
서울숲팜프라자약국,127.044955,37.54187
한길약국,127.070881,37.554874
타워약국,127.048651,37.546181
별하나약국,127.024541,37.551292
수지약국,127.041706,37.565857
대풍약국,127.042002,37.560122
후문약국,127.041417,37.559818
금호프라자약국,127.022563,37.54781
정성온누리약국,127.027647,37.56611
새봄약국,127.027647,37.56611
다올약국,127.027647,37.56611
성동온누리약국,127.02498,37.555397
어울림이층약국,127.018192,37.542309
혜민약국,127.041511,37.560313
행복이열리는약국,127.022474,37.548361
맑은샘약국,127.022451,37.552838
뚝섬스타약국,127.049113,37.546443
미소약국,127.037217,37.558723
신이화약국,127.052125,37.564481
나무약국,127.025712,37.551672
현대약국,127.031106,37.549898
스타빌약국,127.03461,37.561198
명동온누리약국,127.036254,37.55513
신성림약국,127.041303,37.559811
화생약국,127.020316,37.554846
비타민약국,127.035623,37.562366
자연온누리약국,127.054968,37.538473
실로암약국,127.053542,37.564544
옥수벽산약국,127.017334,37.540951
하이약국,127.027118,37.557902
다나을약국,127.016965,37.548719
보명약국,127.020462,37.547091
진로약국,127.055095,37.5371
조은약국,127.067132,37.56047
희망약국,127.035727,37.562619
미소진약국,127.018037,37.54848
메디칼약국,127.035267,37.560543
성모약국,127.053656,37.539005
약사랑옵티마약국,127.023473,37.555973
새희망약국,127.054236,37.565229
정은약국,127.019582,37.548092
어울림온누리약국,127.016466,37.542575
한진약국,127.029207,37.55588
신수정약국,127.059819,37.536558
수정약국,127.022135,37.548031
진약국,127.034249,37.561722
성은약국,127.04711,37.549512
텐즈힐약국,127.024715,37.569363
한샘약국,127.031064,37.564448
옵티마뚝도시장약국,127.054103,37.537479
튼튼약국,127.027966,37.568566
메디팜푸른약국,127.027966,37.568566
새왕약국,127.065914,37.548433
신금호약국,127.020316,37.554846
옵티마웰니스뮤지엄성수약국,127.054066,37.542247
성수베리뉴약국,127.054887,37.543639
안즈약국,127.051645,37.544955
성수역퓨어약국,127.057197,37.543714
도레미약국성수점,127.0558,37.542025
혼약국,127.0558,37.542025
메디영약국,127.034336,37.560496
멜로우약국,127.044361,37.547006
도레미약국 샾(sharp) 성수점,127.057233,37.542134
트리니티성수약국,127.051165,37.543847
성수연무장길 레디영약국,127.05005,37.543955
미모미약국,127.059041,37.541005
4층열린약국,127.013846,37.54496
금호2층약국,127.019328,37.554
도선약국,127.027647,37.56611
365정성약국,127.038382,37.561289
성수오렌지약국,127.054414,37.546233
뚝섬1번약국,127.046188,37.547912
세심당한약국,127.050575,37.549608
자연생약국,127.031198,37.558114
3층엔약국,127.016439,37.549963
달빛약국,127.013353,37.542976
바로여기약국,127.064677,37.54453
성수서울숲약국,127.044761,37.547708
정성을다하는약국,127.013846,37.54496
용답원약국,127.051384,37.562646
청재약국,127.049208,37.541386
산타약국,127.035555,37.558259
코끼리약국,127.027647,37.56611
도담약국,127.027647,37.56611
건강미소약국,127.015261,37.543743
초록약국,127.02457,37.555498
더숲약국,127.040191,37.556485
그린애플약국,127.053629,37.544037
성수레디영약국,127.055322,37.544275
정민약국,127.034129,37.569403
송약국,127.024715,37.569363
성수약국,127.056621,37.543994
서울숲약국,127.026531,37.547725
설약국,127.039229,37.561013
코코온누리약국,127.049521,37.546319
든든약국,127.056983,37.544682
송송약국,127.027647,37.56611
조이온누리약국,127.034067,37.562508
1층이화약국,127.027647,37.56611
왕십리길약국,127.032547,37.562719
엄마손약국,127.033208,37.562372
햇살약국,127.041927,37.565905
옥수대한약국,127.013846,37.54496
봄약국,127.05823,37.543408
바른약국,127.027647,37.56611
성수햇살약국,127.057233,37.54392
지안약국,127.038382,37.561289
유연약국,127.027647,37.56611
유명한약국,127.021846,37.548396
더밝은약국,127.039777,37.561179
허브약국,127.020293,37.555064
산호약국,127.033461,37.56274
사랑약국,127.022846,37.548344
세종다함약국,127.072194,37.548156
우리참사랑약국,127.066415,37.537745
365구의매일약국,127.084953,37.537366
건대온케어약국,127.067211,37.541426
다나약국,127.093061,37.539165
더참사랑약국,127.082927,37.537028
참약사도담약국,127.066469,37.541041
건대바른약국,127.070583,37.540507
군자여기약국,127.076298,37.558944
하나약국,127.087361,37.553703
자양종로약국,127.064913,37.537268
구의바른약국,127.085267,37.536663
구의사랑약국,127.08974,37.54463
프라자사랑약국,127.079562,37.557876
노르웨이약국,127.104189,37.543159
당근온누리약국,127.07714,37.553523
온누리강변프라자약국,127.097621,37.537398
제일약국,127.082125,37.535743
가원약국,127.082167,37.556515
아차산봄약국,127.089536,37.551048
라인약국,127.084383,37.537044
광진365플러스약국,127.08062,37.556341
하하약국,127.078478,37.556207
이수오렌지약국,127.089732,37.552615
산들약국,127.090179,37.538653
늘푸른약국,127.077875,37.557357
참약사봄약국,127.077875,37.557357
대학온누리약국,127.071093,37.549208
건대365약국,127.071269,37.542035
열린창약국,127.08294,37.535102
건대입구역 1번출구약국,127.069031,37.540816
서이약국,127.080994,37.531389
정문대학약국,127.071414,37.54067
미래약국,127.070891,37.550771
건강샘약국,127.069684,37.539124
건대365알찬약국,127.071048,37.542657
애플약국,127.097634,37.541417
나라약국,127.071414,37.54067
초록약국,127.070909,37.541073
군자조은약국,127.078877,37.557814
정담은한약국,127.080537,37.559628
튼튼약국,127.075299,37.533107
메디컬종로약국,127.080726,37.535098
아차산약국,127.091471,37.55109
쿠키약국,127.070206,37.539684
고약국,127.089044,37.538607
태리약국,127.079428,37.557789
광진제일큰약국,127.084388,37.542298
광진바른약국,127.084528,37.542604
365자양미소약국,127.076861,37.532659
미소온누리약국,127.084052,37.536971
군자한마음약국,127.080293,37.557247
태평양약국,127.085752,37.532375
백향목약국,127.095874,37.538627
건대온누리약국,127.071414,37.54067
치료의빛예은약국,127.062651,37.539272
세영약국,127.066685,37.538704
스타온누리약국,127.06785,37.54781
세종약국,127.074131,37.550735
더나은약국,127.081073,37.556147
화양백화점약국,127.068972,37.548432
새봄약국,127.066279,37.536142
신성온누리약국,127.080236,37.565178
원약국,127.069031,37.540816
파크온누리약국,127.089346,37.551356
늘편한약국,127.080972,37.564794
스타약국,127.070525,37.540378
늘좋은약국,127.078977,37.555599
오약국,127.093892,37.539753
우리동네약국,127.069498,37.535181
페이퍼약국,127.102892,37.544063
아차산천사약국,127.089099,37.553706
우리약국,127.06806,37.532989
메디칼약국,127.069345,37.548384
비전약국,127.066818,37.538963
참사랑약국,127.08795,37.555743
광진프라자약국,127.079976,37.563918
수약국,127.083179,37.536199
세계로온누리약국,127.067933,37.541149
행복온누리약국,127.065831,37.536175
서울온누리약국,127.093813,37.539526
건대지하철약국,127.070583,37.540507
신승보약국,127.063706,37.535947
더클래식약국,127.071137,37.538789
메디파워약국,127.071276,37.534244
새한빛약국,127.071828,37.534073
정약국,127.08445,37.541807
행복한약국,127.082178,37.535549
구의온누리약국,127.091656,37.551321
온누리메디칼약국,127.067623,37.540635
군자세계로약국,127.078841,37.556888
레몬약국,127.095016,37.540312
중곡열린약국,127.081816,37.566604
중앙약국,127.087521,37.558453
중곡종로약국,127.08826,37.557649
연약국,127.070164,37.540647
혜원약국,127.082593,37.568635
신백구약국,127.07123,37.550834
쉐르빌대학약국,127.094819,37.539901
해동온누리약국,127.087508,37.558767
자양하나약국,127.081213,37.531778
봄약국,127.07593,37.532963
현약국,127.085931,37.544738
천사약국,127.083813,37.565595
이층약국,127.06806,37.532989
광제사약국,127.080907,37.564966
다솜약국,127.090558,37.551338
기분좋은한약국,127.075417,37.535537
치료의빛셀메드약국,127.095672,37.540724
센터온누리약국,127.084782,37.566286
옵티마세란약국,127.081911,37.534146
누리온누리약국,127.082654,37.535877
메디팜백악관약국,127.088782,37.554044
아차산하이약국,127.091812,37.551506
건대가온약국,127.075012,37.546559
새동산약국,127.082922,37.562924
한솔약국,127.107226,37.548497
햇님약국,127.082269,37.557351
다온약국,127.08093,37.563038
소라약국,127.08006,37.56406
노아약국,127.08963,37.552834
하늘약국,127.09491,37.541573
서문사랑약국,127.085157,37.56616
뚝도약국,127.076222,37.533215
힘찬약국,127.080001,37.532064
성원약국,127.093642,37.552016
더튼튼약국,127.063685,37.540792
튼튼온누리약국,127.092511,37.538703
청구약국,127.097272,37.541344
새수정온누리약국,127.088266,37.554214
참약국,127.083285,37.535858
군자역우리약국,127.079701,37.55671
워커힐약국,127.111417,37.555168
현대온누리약국,127.095765,37.5357
느티나무약국,127.08361,37.535646
용마약국,127.085415,37.545526
조광옵티마약국,127.081351,37.564816
용상약국,127.107662,37.548399
광해약국,127.07932,37.556225
성동약국,127.0747,37.53071
동서울약국,127.093585,37.533918
호림약국,127.068864,37.547488
수도약국,127.08847,37.545138
인정온누리약국,127.08232,37.5316
제중약국,127.082506,37.568412
종우약국,127.063504,37.536391
명성약국,127.08923,37.544597
백온누리약국,127.08302,37.568673
진영약국,127.088666,37.540316
자양건강약국,127.082616,37.529237
아나파약국,127.082654,37.568134
보은약국,127.093266,37.554735
우리들약국,127.090239,37.556886
화양종로약국,127.07059,37.549689
진주약국,127.083523,37.53597
금와약국,127.074978,37.53363
금성약국,127.083667,37.537779
뉴메디칼약국,127.065226,37.535996
건대역약국,127.067377,37.540779
세란약국,127.088285,37.554006
신세계약국,127.067213,37.535784
예일약국,127.089398,37.540077
광진온누리약국,127.098154,37.542152
중곡메디칼약국,127.087695,37.557567
명약국,127.100463,37.542399
광진백화점약국,127.085545,37.531672
21세기약국,127.087579,37.557997
온누리선명약국,127.088053,37.558833
소망온누리약국,127.080152,37.557931
푸른온누리약국,127.077355,37.558423
굿모닝약국,127.082982,37.537887
우리온누리약국,127.095843,37.540796
무지개약국,127.065537,37.535925
사랑약국,127.083854,37.535062
선약국,127.088737,37.554252
강변그랜드약국,127.097621,37.537398
초원온누리약국,127.093445,37.535376
봉화약국,127.080047,37.563289
햇빛약국,127.071414,37.54067
새서울약국,127.092108,37.551364
군자종로약국,127.080639,37.557127
더샵스타시티약국,127.072632,37.537803
스마일약국,127.10207,37.542398
보림약국,127.070501,37.570947
삼익약국,127.057997,37.591709
새성수약국,127.051634,37.580754
명약국,127.060551,37.587337
원지당약국,127.037228,37.579597
삼성엠(M)약국,127.048986,37.583424
새경희약국,127.051479,37.593055
진선미약국,127.064163,37.569072
아파트약국,127.031443,37.573678
세광약국,127.042086,37.579498
동암당약국,127.038887,37.582402
한림약국,127.068685,37.569182
조령약국,127.065629,37.562518
바로약국,127.063535,37.598496
이층레몬약국,127.063535,37.598496
우진당약국,127.057936,37.578106
성부당약국,127.036978,37.581219
나나약국,127.072307,37.567877
민중약국,127.04332,37.578598
홍약국,127.057938,37.571053
서생당약국,127.046999,37.575012
현지당약국,127.037246,37.579798
새이화온누리약국,127.072173,37.572852
복지약국,127.048095,37.570558
에스케이약국,127.060466,37.576642
동아약국,127.045704,37.574882
뉴메디칼약국,127.057062,37.577959
조은약국,127.060466,37.576642
청솔약국,127.059745,37.57448
이룸약국,127.068514,37.599784
설파약국,127.058036,37.576851
민성약국,127.06049,37.56719
새한약국,127.037267,37.579299
남진약국,127.039021,37.58155
대명당약국,127.030094,37.576471
인영약국,127.03632,37.577968
중량약국,127.067415,37.591876
남지약국,127.059934,37.566923
흥명약국,127.041344,37.575448
감초당약국,127.036744,37.57935
평제약국,127.03577,37.582999
조현약국,127.066728,37.563515
바오로약국,127.04709,37.582119
정동약국,127.056074,37.566033
청량리온누리약국,127.049381,37.583958
이문라라약국,127.060579,37.599448
365매일약국,127.05421,37.566207
신이문약국,127.06023,37.600084
외대드림약국,127.062739,37.595461
롯데청량리바라기한약국,127.046992,37.580977
금신당약국,127.066787,37.56181
동산약국,127.04709,37.582119
수온누리약국,127.058555,37.577173
한국약국,127.043647,37.583258
강북열린약국,127.057873,37.574585
중경당약국,127.068113,37.566119
해동그랜드약국,127.068298,37.577454
이문태평양약국,127.061421,37.598112
뉴프라자약국,127.037598,37.575355
청량리중앙약국,127.046992,37.580977
한가람약국,127.061773,37.590177
영신당약국,127.037981,37.580492
경희온누리약국,127.051727,37.59301
보창백옥약국,127.038109,37.582151
그랜드온누리약국,127.065709,37.562632
어깨동무약국,127.029561,37.581272
메디팜동아약국,127.061836,37.566857
덕현당한약국,127.037164,37.578464
바른손약국,127.063556,37.594748
성심약국,127.056625,37.590089
경희중앙약국,127.052015,37.593199
약손당약국,127.036548,37.578835
하은약국,127.057294,37.577009
이웃사랑약국,127.071392,37.581588
익수당약국,127.03774,37.579957
원국산약국,127.037006,37.578973
지운당한약국,127.03828,37.581524
수인약국,127.06986,37.571671
답십리백화점약국,127.057944,37.574043
미소약국,127.058065,37.576323
혜민약국,127.044388,37.583368
홈타운약국,127.074606,37.569726
엄마약국,127.061973,37.595915
동대문보건약국,127.040315,37.574972
킴스팜대보약국,127.06245,37.5958
오렌지약국,127.065983,37.571803
원보당약국,127.036998,37.581912
대부당약국,127.037392,37.579109
미래로약국,127.060719,37.596717
도원당약국,127.036962,37.581111
조은온누리약국,127.0671,37.565716
에스케이행복약국,127.060466,37.576642
신도약국,127.039155,37.588925
으뜸당약국,127.038809,37.581857
제원약국,127.030104,37.582347
든든약국,127.061273,37.595822
제기동중앙약국,127.037164,37.578464
심원약국,127.038224,37.580912
이문온누리약국,127.061265,37.596429
오늘도맑음약국,127.065795,37.56382
신설온약국,127.023571,37.575045
후문약국,127.049503,37.584194
연세약국,127.058214,37.578605
신보명약국,127.064492,37.565054
우량아약국,127.068707,37.578458
한진당약국,127.039248,37.579518
한유약국,127.064052,37.569645
경애약국,127.070583,37.579581
신행당약국,127.060466,37.576642
신한약국,127.072305,37.575467
새동산약국,127.04709,37.582119
경희자연한약국,127.05759,37.589042
동부대학약국,127.030837,37.575048
미소가득약국,127.074606,37.569726
래미안약국,127.056121,37.571279
사랑드림약국,127.058764,37.594617
경희우리약국,127.052489,37.593514
조은약국,127.037246,37.579798
본약국,127.05402,37.58316
행복나무한약국,127.05261,37.592146
자연약국,127.063416,37.595205
국민약국,127.056057,37.590818
경희다정한약국,127.069644,37.576005
장안미소약국,127.074398,37.572413
외대김약국,127.060902,37.597881
경신당약국,127.036496,37.579796
4층현약국,127.066467,37.561795
경희동문약국,127.052427,37.593422
건수당한약국,127.037725,37.584744
종로프라자약국,127.069981,37.578553
장안수약국,127.065337,37.564283
맑은샘약국,127.065161,37.56402
365종로약국,127.057408,37.570275
이문메디칼약국,127.061119,37.598423
약원한약국,127.052181,37.593145
가까운약국,127.055284,37.565415
경희금현한약국,127.035721,37.577185
장안제일약국,127.071079,37.571862
감초당온누리약국,127.068681,37.582538
신종로약국,127.050095,37.584361
메디팜사랑약국,127.062364,37.58962
장안메디칼약국,127.067987,37.578941
행복한약국,127.066222,37.568614
동안당약국,127.037328,37.58485
명인약국,127.036454,37.579621
인수당약국,127.0357,37.582655
이문우량아약국,127.065277,37.603177
미소담한약국,127.038286,37.581911
은혜당한약국,127.036275,37.579771
삼보약국,127.056938,37.567003
메디칼갑산약국,127.066494,37.591776
코아약국,127.056371,37.590122
코끼리약국,127.066316,37.602823
신유약국,127.072437,37.573078
카톨릭대학약국,127.043996,37.579498
새싹약국,127.061895,37.598488
답십리코코약국,127.053952,37.572038
장수약국,127.061329,37.598778
금창약국,127.03013,37.582795
우리보강약국,127.044764,37.583419
건강약국,127.042915,37.5792
참이화약국,127.054688,37.565851
세림약국,127.036827,37.579912
경희북경당한약국,127.038174,37.580069
봄약국,127.072605,37.575479
올리브약국,127.071492,37.571408
유한약국,127.053851,37.566476
새린온누리약국,127.069836,37.572234
한사랑온누리약국,127.066743,37.603158
보림한약국,127.05283,37.58928
드림약국,127.02606,37.573869
정성전한약국,127.036571,37.579029
신우약국,127.044773,37.580888
경동삼우한약국,127.039313,37.579163
참사랑온누리약국,127.060187,37.56931
경희고황약국,127.052474,37.593225
여름약국,127.030161,37.577251
혜중약국,127.062287,37.603174
체리약국,127.070093,37.572721
행복한정약국,127.062242,37.603353
허브약국,127.052349,37.593245
한신약국,127.041462,37.586835
롯데온누리약국,127.046026,37.579818
우주약국,127.071392,37.572902
답십리스타약국,127.057299,37.568285
온율약국,127.061742,37.596022
우리들위생약국,127.062021,37.589709
다온약국,127.070811,37.572703
햇살약국,127.066119,37.563223
구흥한약국,127.038169,37.579765
하나약국,127.052045,37.56783
새봄약국,127.043847,37.580048
시장약국,127.039225,37.578592
사랑약국,127.040222,37.578909
늘조은온누리약국,127.071258,37.581669
쉐르빌우리약국,127.06986,37.571671
한성약국,127.055642,37.572473
오로라온누리약국,127.05012,37.578905
문경한약국,127.036792,37.579441
하늘후문약국,127.056264,37.565221
초원옵티마약국,127.042523,37.586545
이레약국,127.058555,37.577173
동부메디칼약국,127.030797,37.575608
대학솔약국,127.035306,37.588607
진명당약국,127.03677,37.579089
자연다림노아한약국,127.036276,37.582536
그린약국,127.070963,37.572011
늘푸른약국,127.057648,37.578161
영림약국,127.062333,37.590489
튼튼하나약국,127.069079,37.572794
최선약국,127.057433,37.568011
인애약국,127.066088,37.593632
바다약국,127.044105,37.580055
바른약국,127.054976,37.575246
정다운약국,127.064468,37.605409
경희삼일한약국,127.037669,37.579088
크로바약국,127.062326,37.589785
건강한약국,127.041816,37.578713
메디약국,127.0554,37.590447
경희제일약국,127.052215,37.593274
홍릉종로약국,127.043264,37.585455
외대조은약국,127.06103,37.595921
약수당약국,127.036878,37.580802
삼화약국,127.045781,37.580862
동안메디약국,127.032136,37.577418
국제약국,127.067749,37.572489
동신약국,127.026255,37.575959
푸르지오약국,127.032756,37.577771
기쁜약국,127.059339,37.594668
엄마손약국,127.060466,37.576642
우리재약국,127.053286,37.5669
형제당약국,127.03677,37.579089
명문온누리약국,127.070116,37.578946
마장백화점약국,127.038639,37.576259
경희메디칼약국,127.052816,37.593629
이문아름약국,127.063535,37.598496
엠메디칼약국,127.072389,37.571926
장한평역약국,127.060325,37.56243
이문하나약국,127.063535,37.598496
경동약국,127.037539,37.578446
외대경희약국,127.063535,37.598496
밝은미소약국,127.063535,37.598496
청량리백세약국,127.043181,37.579864
호랑이약국,127.038003,37.578593
정성약국,127.047598,37.575692
365회기역약국,127.057461,37.590204
소망한약국,127.036467,37.579501
백세한약국,127.048499,37.576923
휴베이스다나약국,127.055752,37.565601
제중건재한약국,127.03765,37.578906
희망약국,127.069837,37.572739
경희서아당한약국,127.040854,37.591086
튼튼약국,127.060696,37.597462
동양당약국,127.036571,37.579029
서울아이약국,127.073808,37.574699
진온누리약국,127.041838,37.582928
경희정문약국,127.052872,37.593527
더퍼스트약국,127.043501,37.579241
건제약국,127.037643,37.578649
넘버원삼육약국,127.062667,37.588771
전원당한약국,127.039313,37.579163
다온누리약국,127.043761,37.579418
청량리종로약국,127.043168,37.579232
영진당약국,127.037042,37.579277
중앙약국,127.025821,37.576145
수한약국,127.057438,37.592975
봄날약국,127.04332,37.578598
정화약국,127.044706,37.580972
하모니약국,127.025842,37.576699
단우한약국,127.036548,37.578835
소망약국,127.044679,37.582729
마음약국,127.043568,37.579938
늘좋은약국,127.056077,37.564823
으뜸약국,127.029498,37.577185
두드림온누리약국,127.051519,37.568219
정담은약국,127.067839,37.57241
삼육정문약국,127.062834,37.590055
천사약국,127.036578,37.577444
삼대약국,127.037455,37.577471
일화당약국,127.036275,37.579771
다나은약국,127.044665,37.580669
박한약국,127.04974,37.58344
바하약국,127.068065,37.578369
성모약국,127.044531,37.580229
유원당약국,127.03774,37.579957
보문한약국,127.036744,37.57935
대신약국,127.079729,37.602012
푸른약국,127.077724,37.590393
면목다원약국,127.087032,37.589048
온누리건강약국,127.096565,37.607671
선화약국,127.101007,37.600253
하나로약국,127.074093,37.593157
미소은혜약국,127.096813,37.607799
인제약국,127.076532,37.593813
초록약국,127.097119,37.58942
솔빛약국,127.086902,37.592569
우성약국,127.079773,37.590653
은혜약국,127.099385,37.595734
봉화신세계약국,127.092677,37.616326
우리들약국,127.095964,37.603717
로데오약국,127.088705,37.581313
우정약국,127.099736,37.599481
송정약국,127.085333,37.596053
대일약국,127.087611,37.598618
보람온누리약국,127.088208,37.616882
유앤아이온누리약국,127.078743,37.612236
건강제일온누리약국,127.079987,37.60072
타워약국,127.094729,37.606426
이즈약국,127.09758,37.599727
신강약국,127.084316,37.572926
삼우약국,127.085602,37.575779
홍성백약국,127.077148,37.606789
새우정약국,127.076171,37.613715
온누리신용약국,127.072425,37.595475
가나안약국,127.077516,37.590727
성재약국,127.085381,37.583006
미래약국,127.08037,37.586931
동삼약국,127.088649,37.582736
성지약국,127.082234,37.617548
동성약국,127.07736,37.585822
오거리약국,127.084054,37.576501
한신약국,127.075465,37.587504
동아약국,127.082968,37.600199
새우림약국,127.097579,37.598719
백세약국,127.095558,37.606658
방약국,127.086003,37.575957
늘푸른약국,127.078969,37.602143
먹골온누리약국,127.07909,37.616022
3층엠코약국,127.090514,37.598101
봄약국,127.110043,37.615252
참약국,127.087432,37.599611
송이온누리약국,127.092677,37.616326
정민약국,127.100688,37.595846
튼튼약국,127.088515,37.583905
일층약국,127.097404,37.589951
사랑약국,127.083688,37.596088
홍약국,127.087991,37.57962
팜필리아약국,127.077553,37.613846
면목약국,127.089082,37.588503
평화약국,127.087645,37.589304
휴베이스 국제약국,127.095116,37.605598
활기찬약국,127.077621,37.609588
드림약국,127.088658,37.580862
태평양약국,127.098175,37.599646
면목종로약국,127.081315,37.587219
푸른솔약국,127.080449,37.591218
건명약국,127.087051,37.589648
우리종로약국,127.099911,37.595849
하늘약국,127.074889,37.593285
밝은온누리약국,127.080185,37.587052
희망약국,127.096928,37.599556
행복한약국,127.104716,37.600273
은혜당약국,127.077413,37.591624
동부약국,127.108078,37.600728
클로버팜약국,127.08671,37.583208
로얄약국,127.08002,37.595436
팜코리아약국,127.088678,37.583418
바른성심약국,127.099936,37.59627
365밝은약국,127.087164,37.579757
늘푸른솔약국,127.087355,37.588057
큰사랑약국,127.097927,37.599805
새하늘약국,127.088012,37.58872
엔파트약국,127.075023,37.593994
은행약국,127.079924,37.601373
태릉프라자약국,127.07692,37.598418
하나약국,127.086995,37.589434
서울동산약국,127.097212,37.614237
덕수약국,127.075789,37.59724
우선약국,127.081309,37.601804
손약국,127.078166,37.598903
중앙약국,127.097463,37.609707
성경온누리약국,127.105252,37.600365
그랜드약국,127.089221,37.580815
정우약국,127.094009,37.607538
영일온누리약국,127.086138,37.592821
칠칠약국,127.080312,37.599265
온누리사랑약국,127.097581,37.590278
새시장약국,127.099646,37.596131
대영진약국,127.101046,37.594239
고려약국,127.093381,37.590259
면목백화점약국,127.09366,37.581072
정성약국,127.081907,37.59715
뉴월드약국,127.090484,37.589885
면목그랜드약국,127.089295,37.580321
정다운온누리약국,127.089151,37.580327
준약국,127.087972,37.588172
원약국,127.090514,37.598101
오성약국,127.095723,37.605392
꽃길약국,127.087784,37.58867
제이약국,127.083188,37.583511
세계로약국,127.079337,37.59982
상봉태평양약국,127.085683,37.594761
센트럴약국,127.081667,37.582369
다온약국,127.078014,37.611573
이레온누리약국,127.094032,37.590077
매일여는약국,127.091181,37.597103
스마일약국,127.077271,37.61111
양원1번약국,127.106903,37.606802
포레스트약국,127.105672,37.609923
참약사플러스약국,127.087103,37.579481
보룡약국,127.078475,37.611751
지니약국,127.099718,37.595351
상봉도담약국,127.093326,37.598072
엠약국,127.102119,37.610805
웃는약국,127.087752,37.579442
1층푸른약국,127.097539,37.599508
맑은솔온누리약국,127.078234,37.606424
통일로약국,127.097023,37.590302
르셀약국,127.077036,37.593907
먹골사랑약국,127.077579,37.612596
양원온누리약국,127.107242,37.606904
진온누리약국,127.090468,37.59339
조은온누리약국,127.087609,37.58788
365프라자약국,127.079242,37.616281
대원사약국,127.07802,37.601347
동남온누리약국,127.095477,37.603174
마트약국,127.077553,37.613846
편안한사가정약국,127.088807,37.580265
오렌지약국,127.104595,37.600824
참약사바른약국,127.086032,37.587817
다솜약국,127.085815,37.594257
서울메디칼약국,127.097212,37.614237
상아약국,127.100228,37.594939
종로약국,127.088152,37.580443
친절한 명성약국,127.097212,37.614237
이지약국,127.088073,37.587469
동호일층약국,127.076815,37.612956
양지약국,127.077964,37.607527
연세메디칼약국,127.078216,37.609911
수정온누리약국,127.076557,37.613739
건강약국,127.094727,37.611986
스타약국,127.076778,37.593877
메디컬수약국,127.087392,37.590291
참약사삼흥약국,127.103652,37.600698
밝은약국,127.086037,37.59563
한빛약국,127.092571,37.589701
제일한사랑약국,127.108606,37.600673
채움약국,127.078598,37.601802
연세약국,127.098987,37.599237
수약국,127.095558,37.606658
믿음약국,127.090033,37.594738
자연약국,127.094105,37.598741
늘푸른온누리약국,127.081104,37.57436
한사랑약국,127.091292,37.616957
새봉화약국,127.092677,37.616326
아이사랑약국,127.092182,37.579878
대한약국,127.097212,37.614237
단비약국,127.094729,37.606426
이안온누리약국,127.087436,37.579705
삼부약국,127.097625,37.598972
3층맑은약국,127.088366,37.596691
다정약국,127.092677,37.616326
프라임약국,127.087045,37.589232
그네약국,127.077497,37.604069
시장약국,127.087418,37.580112
봄날약국,127.098635,37.599181
더튼튼약국,127.086041,37.57982
행운약국,127.087408,37.580508
신내하나약국,127.102119,37.610805
365약국,127.087355,37.589218
새봄약국,127.092677,37.616326
혜령약국,127.078474,37.612202
가까운약국,127.078132,37.588825
면목녹색약국,127.086925,37.583068
상봉보람약국,127.088366,37.596691
우림청솔약국,127.097885,37.599093
솔약국,127.102119,37.610805
365시티약국,127.102119,37.610805
내내약국,127.095903,37.605719
365종로온누리약국,127.088129,37.582568
상봉메가약국,127.074681,37.593233
우리보건약국,127.087738,37.582899
굿모닝약국,127.089407,37.580732
종로태평양온누리약국,127.0771,37.612214
면목이화온누리약국,127.089936,37.589154
더나은약국,127.079676,37.587694
씨엘약국,127.092241,37.59744
진약국,127.097056,37.607336
다나약국,127.08694,37.583166
정문약국,127.097212,37.614237
햇살 온누리약국,127.087195,37.580518
"바르다, 허약국",127.086166,37.596852
황약국,127.09694,37.59883
다올약국,127.098601,37.595085
참조아약국,127.07685,37.615357
명소약국,127.061117,37.607051
민성약국,127.031439,37.602654
이화프라자약국,127.010126,37.608889
드림약국,127.051972,37.610089
서울약국,127.021425,37.598405
연세정약국,127.052238,37.608609
메디팜백약국,127.036158,37.607317
석관약국,127.058804,37.608854
은혜약국,127.034351,37.59839
좋은약국,127.046347,37.607199
화인온누리약국,127.030996,37.605052
새봄약국,127.020624,37.583739
참약사엘림약국,127.00829,37.589159
봄온누리약국,127.04821,37.617209
백세약국,127.013148,37.602435
건강약국,127.013195,37.592078
맑은샘온누리약국,127.016937,37.588424
희망약국,127.043105,37.614029
한강약국,127.029797,37.609447
동그라미약국,127.013021,37.602489
자산약국,127.039451,37.604358
용수약국,127.014775,37.596108
운용약국,127.037673,37.59144
선한약국,127.023035,37.604755
월곡보건약국,127.039198,37.602636
이화약국,127.023035,37.604755
정원약국,127.049839,37.616642
모아약국,127.041673,37.603413
큰동네약국,127.032948,37.609919
중앙프라자약국,127.016174,37.592263
행복한약국,127.018593,37.591129
동서옵티마약국,127.028684,37.606877
바른온누리약국,127.040445,37.601821
가까운약국,127.02277,37.579536
덕성온누리약국,127.012505,37.600734
신흥약국,127.008979,37.611136
365약국,127.029454,37.60863
나약국,127.04126,37.614364
뉴대원약국,127.056944,37.610309
힘찬약국,127.011432,37.605905
우주온누리약국,127.015916,37.594227
미소담약국,127.009705,37.608815
대원약국,127.06253,37.608913
새국민약국,127.042131,37.602989
동민약국,127.03513,37.610758
조일약국,127.009668,37.58639
정문약국,127.028316,37.586102
참약사약국,127.033994,37.601199
햇님약국,127.017945,37.607561
다정약국,127.014865,37.606232
웰팜약국,127.018829,37.609776
정릉열린약국,127.010178,37.608416
청춘한약국,127.030996,37.605052
보림약국,127.007737,37.589381
더사랑약국,127.01652,37.594237
두리약국,127.060197,37.607488
늘푸른약국,127.061005,37.606652
정릉약국,127.009772,37.608551
W스토어 참좋은약국,127.009903,37.589796
미소드림약국,127.00726,37.588653
이층봄약국,127.014767,37.590193
현약국,127.01779,37.597872
세계로약국,127.064477,37.613492
도담약국,127.028234,37.607328
가나안약국,127.023622,37.586993
아가페온누리약국,127.013792,37.603195
아이메디칼약국,127.029963,37.606862
삼성약국,127.022096,37.598876
인정온누리약국,127.007411,37.587523
청솔약국,127.05101,37.62247
동인약국,127.017048,37.59318
아이사랑약국,127.016536,37.603567
사랑의약국,127.03356,37.600388
옵티마대우미약국,127.00639,37.588997
계산온누리약국,127.01703,37.590652
성북성모약국,127.035493,37.597263
참약국,127.034068,37.598746
한미약국,127.034254,37.598958
옵티마e-편한약국,127.019729,37.610678
송원온누리약국,127.033489,37.601964
월곡우리약국,127.035547,37.611434
서현약국,127.017378,37.602702
조아약국,127.041779,37.602685
파란하늘약국,127.010319,37.594808
성북녹십자약국,127.009711,37.589752
프라임온누리약국,127.04846,37.622935
공원아이사랑약국,127.029004,37.606541
기린온누리약국,127.010079,37.607362
스타온누리약국,127.007896,37.588983
대림당약국,127.02237,37.602869
지민약국,127.01503,37.589968
개미약국,127.049629,37.616799
세종약국,127.00289,37.617145
종암약국,127.035452,37.597432
석산약국,127.036959,37.603474
인현약국,127.046363,37.617597
수보약국,127.00807,37.608811
셀메드믿음약국,127.059566,37.608143
구원약국,127.037556,37.604351
선화약국,127.058038,37.609667
새민우약국,127.018331,37.599554
굿모닝약국,127.008105,37.589077
소망약국,127.018987,37.602173
동부약국,127.024274,37.610371
국민약국,126.999627,37.608059
아프지마365약국,127.017179,37.592294
호호약국,127.012214,37.591667
매일행복약국,127.010075,37.59062
가까운동문약국,127.025169,37.586492
솔약국,127.048653,37.619154
참약사패밀리약국,127.031976,37.603062
행복온누리약국,127.029026,37.586132
행운약국,127.034334,37.600069
새롬약국,127.010684,37.590884
길음역온누리약국,127.023141,37.603742
돈암사거리약국,127.01601,37.592817
길음드림약국,127.023141,37.603742
길음힘찬약국,127.023141,37.603742
성북제일큰약국,127.017708,37.58847
엘림온누리약국,127.053244,37.608439
다온약국,127.009465,37.610462
신나바론약국,127.006628,37.589096
다올약국,127.017938,37.593087
팜케어건강약국,127.058969,37.609243
슬기약국,127.05641,37.610802
성신필약국,127.016127,37.593466
하늘약국,127.023673,37.601402
우리들약국,127.029104,37.606971
정릉우리약국,127.009843,37.608259
보문약국,127.018735,37.586002
아름다운약국,127.017945,37.607561
유민약국,127.018601,37.594426
길음시장약국,127.019453,37.603784
육층약국,127.017177,37.592605
새성신약국,127.018222,37.594151
소원약국,127.029465,37.586507
홀리데이약국,127.033164,37.600992
하얀약국,127.015984,37.59374
돌곶이온누리약국,127.056944,37.610309
호수온누리약국,127.029067,37.608964
열린약국,127.033788,37.598136
2층다온약국,127.023141,37.603742
큰사랑약국,127.012972,37.591397
백화점약국,127.058486,37.609143
진약국,127.051184,37.617739
동성온누리약국,127.031419,37.585107
새부산약국,127.052058,37.615312
편안한약국,127.016897,37.591506
서수약국,127.027276,37.581354
아이맘약국,127.02972,37.607152
수약국,127.055799,37.611676
명성약국,127.011965,37.60472
금약국,127.031287,37.584994
연약국,127.007579,37.588843
참약사돌봄약국,127.034296,37.600917
신세원약국,127.022445,37.604306
백두산약국,127.028016,37.586102
한솔약국,127.011908,37.591411
참사랑약국,127.0487,37.613747
정릉메디칼약국,127.019356,37.602029
지선약국,127.050844,37.613709
21세기고려약국,127.028194,37.586123
옵티마시민약국,127.01999,37.583553
현대약국,127.023265,37.608995
길음메디칼약국,127.024677,37.604353
준약국,127.004786,37.589259
해오름약국,127.007305,37.618586
메디칼팜약국,127.036448,37.606399
정약국,127.036989,37.601185
그약국,127.010145,37.608503
멜론약국,127.009507,37.60927
선약국,127.045711,37.618452
올바른약국,127.04212,37.603278
세원약국,127.01879,37.593732
온누리민우약국,127.06065,37.61073
상락약국,127.011772,37.605023
진호온누리약국,127.060578,37.607601
대학약국,127.029165,37.586467
혜조약국,127.030543,37.603491
대영약국,127.036221,37.599181
건강한약국,127.031662,37.606063
온누리성모약국,127.010319,37.594808
화성약국,127.035888,37.60858
태평양약국,127.009124,37.611449
부민약국,127.042454,37.603839
온누리두산약국,127.068706,37.612656
정주약국,127.036145,37.607711
광혜당약국,127.049103,37.613813
메디칼약국,127.016169,37.59312
청십자약국,127.019834,37.583939
하나온누리약국,127.042456,37.603268
온리약국,127.019729,37.610678
다모아약국,127.042999,37.603695
바로약국,127.023141,37.603742
온약국,127.023141,37.603742
길음사랑약국,127.023141,37.603742
지음약국,127.012879,37.585407
고대메디칼약국,127.029029,37.58647
라온약국,127.032917,37.600516
새싹약국,127.009222,37.590098
월곡건강약국,127.043105,37.603132
성북동비둘기약국,127.005528,37.588614
365친절다함약국,127.009859,37.586568
스타약국,127.015474,37.592171
미래약국,127.028858,37.586504
꿈의숲약국,127.048822,37.616895
푸른약국,127.017575,37.630971
옵티마네오프라자약국,127.027039,37.638675
밀알약국,127.022613,37.634803
한사랑온누리약국,127.01386,37.632313
윤약국,127.02373,37.641894
가족사랑약국,127.032079,37.624697
동북약국,127.018795,37.620247
우리들약국,127.039389,37.628456
솔약국,127.011229,37.620146
밝은온누리약국,127.020387,37.620965
그린팜약국,127.024656,37.63758
매일약국,127.028957,37.641508
에버그린약국,127.030327,37.637945
드림약국,127.028777,37.634862
솔샘우리약국,127.015132,37.620346
새봄약국,127.022292,37.643667
생수당약국,127.032205,37.625258
오렌지약국,127.012793,37.619969
참바로약국,127.047041,37.626119
수유온누리약국,127.024897,37.636776
정수약국,127.019437,37.620112
수유태평양약국,127.022426,37.630248
인수약국,127.015516,37.634119
안국온누리약국,127.025276,37.641385
번동약국,127.039856,37.628437
선영약국,127.019534,37.64599
대우약국,127.017635,37.634553
이원약국,127.018565,37.625129
수유오약국,127.01719,37.641473
솔샘약국,127.025391,37.6183
임온누리약국,127.040048,37.628623
웰빙메디칼약국,127.026171,37.625414
번동종로약국,127.039935,37.627922
북부약국,127.02827,37.622266
직영약국,127.02353,37.630553
늘푸른약국,127.033363,37.612532
신통일약국,127.031153,37.636219
만남온누리약국,127.012304,37.662969
누가약국,127.02075,37.619311
부부약국,127.035117,37.611978
메디팜한마음약국,127.039722,37.628707
녹십자약국,127.023904,37.63115
수유상록수약국,127.025207,37.637066
사랑약국,127.026916,37.625288
하은약국,127.024631,37.645591
고려약국,127.01733,37.633607
수유시장약국,127.024175,37.630444
윤슬약국,127.021622,37.618419
수유파랑새약국,127.015381,37.645248
봄봄약국,127.024182,37.637151
365올리브약국,127.024945,37.630568
조은약국,127.023889,37.636845
연세약국,127.025917,37.638647
이층약국,127.029687,37.613818
코리아약국,127.018031,37.630856
새서울약국,127.017629,37.6203
꿈의숲 스타약국,127.029569,37.616066
노약국,127.027268,37.624414
송도약국,127.025788,37.638526
장수약국,127.016049,37.642977
4.19약국,127.014346,37.647498
소원약국,127.025599,37.626855
나음온누리약국,127.024499,37.631359
수유스타약국,127.02486,37.631123
참약사 우리가족약국,127.018469,37.626408
친절한약국,127.024466,37.637242
다나을약국,127.025025,37.637869
제일약국,127.028684,37.640422
강북제일약국,127.027131,37.622305
운산약국,127.024489,37.631715
민들레약국,127.02075,37.619311
종로태평양약국,127.034258,37.613595
메디팜미소약국,127.030715,37.612057
건강비타민약국,127.018744,37.625009
강북메디칼약국,127.026986,37.625919
행복가득약국,127.022023,37.642853
온누리대성약국,127.018078,37.63194
사랑온누리약국,127.030436,37.612576
미양온누리약국,127.018213,37.620165
필약국,127.039394,37.628988
조아약국,127.029339,37.614825
고전약국,127.026862,37.623618
봄약국,127.030715,37.612057
중앙약국,127.039161,37.62885
수유프라자약국,127.018226,37.634061
수종로약국,127.029723,37.614614
삼성약국,127.019981,37.645117
바른약국,127.022839,37.644203
삼화온누리약국,127.026618,37.626143
행복이 가득한 수약국,127.024237,37.630286
바로나 한약국,127.019725,37.640884
삼일약국,127.018077,37.625104
열린대학약국,127.028849,37.612546
타워온누리약국,127.027338,37.63925
소망약국,127.022799,37.64319
한빛약국,127.030514,37.613701
SK온누리약국,127.012793,37.619969
메디팜 수유대학약국,127.016281,37.642166
뉴타운약국,127.018893,37.618555
시원약국,127.026156,37.637438
세화온누리약국,127.022798,37.63377
세계로약국,127.023962,37.631005
세일약국,127.021964,37.63138
은행나무약국,127.021117,37.618413
대창약국,127.035365,37.611933
정해약국,127.014139,37.649063
우정약국,127.016896,37.629687
365열린1층약국,127.030361,37.613267
365매일여는약국,127.030467,37.612421
새현대약국,127.012107,37.636654
대명약국,127.016511,37.641806
백십자약국,127.013131,37.636686
청구약국,127.018007,37.626145
수유동약국,127.022766,37.636369
삼천약국,127.017707,37.629729
진약국,127.017673,37.646792
어약국,127.019061,37.640807
민정약국,127.034901,37.615037
지영약국,127.016605,37.641245
우림약국,127.015987,37.644783
요나약국,127.02075,37.619311
시대약국,127.017966,37.620112
바이엘약국,127.017082,37.640997
바우약국,127.013809,37.648555
영약국,127.016189,37.648023
씨앤메디컬온누리약국,127.014657,37.647972
매일여는번동약국,127.029243,37.640973
오케이약국,127.026979,37.625133
수약국,127.025543,37.637547
참사랑약국,127.025821,37.626284
달리는약국,127.026327,37.63963
덕성그린약국,127.013533,37.65033
새암온누리약국,127.023817,37.635692
재원약국,127.035712,37.615229
서울진약국,127.01751,37.631912
미아역온누리약국,127.025158,37.628082
대지365약국,127.017718,37.625574
삼양약국,127.021073,37.62482
미아팜약국,127.029642,37.614904
이화약국,127.033557,37.634389
엔젤팜약국,127.019359,37.615741
새한약국,127.029581,37.615137
화원약국,127.01544,37.645057
청백약국,127.013505,37.65844
엄마약국,127.030567,37.615673
라라온누리약국,127.022937,37.634929
숭인약국,127.029649,37.614195
우리대한약국,127.02292,37.635116
다나약국,127.022053,37.634894
7번약국,127.025492,37.63825
하나약국,127.013292,37.657648
단골약국,127.018939,37.617949
강북우리약국,127.022954,37.642459
연주약국,127.047041,37.626119
상아약국,127.027694,37.621505
솔밭약국,127.012675,37.654678
햇살약국,127.027074,37.640223
강북김약국,127.025957,37.625287
혜민약국,127.026976,37.622304
송천약국,127.026582,37.624144
밝은현대약국,127.029268,37.639905
가까운현대약국,127.029347,37.639978
서울드림약국,127.020197,37.645002
아레나약국,127.050431,37.653546
신원약국,127.046382,37.652695
금빛약국,127.038676,37.638968
팜코리아약국,127.043261,37.669938
중앙약국,127.033484,37.646011
희망약국,127.041461,37.655617
하나로약국,127.050803,37.654777
메디팜건강약국,127.034676,37.649185
자모약국,127.038884,37.657575
부부약국,127.043533,37.684562
제생약국,127.037395,37.66563
서진약국,127.046716,37.671377
영훈약국,127.037689,37.637808
혜민약국,127.043276,37.674314
쌍문약국,127.034093,37.648133
대영약국,127.036941,37.655535
백세약국,127.036795,37.666117
보화당약국,127.050614,37.652946
태양당약국,127.032098,37.668705
희정약국,127.04806,37.685737
부광약국,127.05317,37.645769
손온누리약국,127.041942,37.66019
백운약국,127.034404,37.64733
청솔동아약국,127.048304,37.657251
은약국,127.033996,37.648014
도봉세명약국,127.032535,37.662537
민중약국,127.038099,37.638935
메디팜큰사랑약국,127.035277,37.649006
용호약국,127.025221,37.65011
메디슨약국,127.028238,37.657368
장수당약국,127.045222,37.681238
나진약국,127.02715,37.661432
정문약국,127.029048,37.644706
광장온누리약국,127.05136,37.652774
우리약국,127.037498,37.654627
가야온누리약국,127.045752,37.651977
메디약국,127.032123,37.661911
뉴메디슨약국,127.028238,37.657368
대웅약국,127.029475,37.644383
방학약국,127.043315,37.669664
후문약국,127.030276,37.647205
태양약국,127.034322,37.648666
도봉태평양약국,127.043476,37.678899
햇빛약국,127.035586,37.66559
새보은약국,127.015614,37.655644
늘푸른약국,127.043965,37.676035
약손약국,127.040102,37.658412
쉐르빌약국,127.034773,37.647918
초록약국,127.033996,37.662121
건강제일녹십자약국,127.035799,37.658313
창동이화약국,127.045934,37.651448
정민약국,127.045641,37.683726
방학세계로약국,127.034437,37.662253
엔젤팜약국,127.038555,37.657964
영락온누리약국,127.041111,37.671063
은혜약국,127.035904,37.649079
신창약국,127.039971,37.640278
상록수온누리약국,127.035765,37.665348
삼성늘푸른약국,127.034773,37.647918
진성온누리약국,127.042537,37.665299
성가온누리약국,127.041124,37.667488
아름다운약국,127.037621,37.654545
명산약국,127.050332,37.65127
사랑약국,127.033413,37.662125
늘봄약국,127.035337,37.659189
창동메디컬약국,127.049673,37.654501
바로약국,127.04281,37.660478
방학365약국,127.044736,37.666189
새힘약국,127.048391,37.683374
이화온누리약국,127.046116,37.65378
바른약국,127.035785,37.651085
늘편한온누리약국,127.037339,37.637454
참고은약국,127.046623,37.651797
고명약국,127.043846,37.669154
이온약국,127.045222,37.66786
드림온누리약국,127.048043,37.659748
은은약국,127.026961,37.659417
참좋은약국,127.035735,37.649699
방학태평양약국,127.036396,37.664832
한마음약국,127.0456,37.666468
유경약국,127.046726,37.671007
푸른약국,127.049512,37.683776
스타빌약국,127.047138,37.652512
종로프라자약국,127.046786,37.652075
뉴지명약국,127.038546,37.638728
늘기쁜약국,127.043853,37.669293
창동종로약국,127.046952,37.652787
일충프라자약국,127.038731,37.656392
힘찬약국,127.013305,37.654757
청춘약국,127.047793,37.682225
소망약국,127.046334,37.671817
우리들약국,127.041851,37.664961
더튼튼약국,127.046471,37.652206
초롱약국,127.046079,37.652052
명문약국,127.02922,37.644584
참약국,127.035799,37.658313
즐거운약국,127.04625,37.653123
지안약국,127.043643,37.665728
봄약국,127.043665,37.665338
다정약국,127.051424,37.650284
수도약국,127.043222,37.669347
다온약국,127.035433,37.6587
웰빙약국,127.041094,37.658317
무지개온누리약국,127.033858,37.647844
메디칼약국,127.042305,37.664933
월드중앙약국,127.047074,37.668027
메디칼2층약국,127.035052,37.648627
후문한일약국,127.030538,37.645924
파마트열린약국,127.032311,37.65817
녹십자약국,127.041204,37.633842
온누리수약국,127.035799,37.658313
쌍문마이팜약국,127.042548,37.666235
도봉월드약국,127.047074,37.668027
쌍문상록수약국,127.032601,37.658505
새순보당약국,127.037801,37.638951
이화태평양약국,127.038255,37.639218
하나약국,127.046263,37.672511
중앙온누리약국,127.038508,37.639393
창동남대문약국,127.037319,37.638138
아이약국,127.03332,37.647065
라파온누리약국,127.041695,37.634033
착한약국,127.039394,37.640309
산들약국,127.03522,37.665466
나현약국,127.069629,37.656447
혜인약국,127.066164,37.663059
자인당약국,127.064223,37.65483
장생약국,127.062488,37.638786
노원메디칼약국,127.060338,37.653565
유림약국,127.056818,37.671978
연세약국,127.062688,37.654441
중계바로약국,127.077007,37.649989
금강약국,127.074283,37.658209
건강플러스약국,127.061718,37.657717
1번약국,127.061986,37.648493
오피앙약국,127.054889,37.68027
화인팜약국,127.081343,37.649433
상계누리약국,127.055698,37.678098
창희약국,127.07635,37.650424
친절한약국,127.057628,37.654281
재성약국,127.058428,37.653488
수약국,127.06144,37.65416
건민약국,127.071777,37.624906
후생약국,127.053725,37.668783
국약국,127.072659,37.658969
상계우리들약국,127.070689,37.661702
화랑온누리약국,127.079627,37.623374
원자프라자온누리약국,127.080086,37.627165
그린약국,127.064108,37.642026
365행복약국,127.068707,37.637866
청백약국,127.051711,37.631691
미션약국,127.05722,37.665345
연세참사랑약국,127.07563,37.618828
메디칼우리약국,127.074072,37.623362
우리사랑약국,127.069657,37.643454
중앙약국,127.069873,37.659969
드림약국,127.054941,37.678192
1층호약국,127.072659,37.658969
새하늘약국,127.0661,37.647001
시온약국,127.066932,37.664003
사랑약국,127.061732,37.654227
라임약국,127.061935,37.654874
중계약국,127.082007,37.649852
석계이화약국,127.065129,37.615284
서경약국,127.068043,37.664779
참약국,127.064244,37.635445
마들한중약국,127.0573,37.665098
아름다운온누리약국,127.061881,37.650923
새고운약국,127.074648,37.619711
미래약국,127.062818,37.657133
아이사랑약국,127.066305,37.663958
밝은약국,127.07451,37.619928
태능삼호약국,127.074512,37.618188
나눔약국,127.065485,37.652137
보윤약국,127.074265,37.625871
햇살약국,127.069253,37.62841
신흥약국,127.070792,37.635727
마음약국,127.059959,37.655094
라라약국,127.064257,37.639936
구름약국,127.06943,37.630274
상계1번약국,127.073722,37.660245
건강샘온누리약국,127.053067,37.678458
은빛약국,127.053505,37.679963
한샘약국,127.070611,37.65891
the사랑약국,127.076168,37.656603
상계종로약국,127.074427,37.65791
소나무약국,127.07109,37.646548
활기찬약국,127.074696,37.657698
백세약국,127.075337,37.619623
연세현약국,127.069111,37.662994
옵티마건강약국,127.068236,37.640749
남북약국,127.070193,37.659208
하계약국,127.07298,37.63592
월계약국,127.051254,37.626941
세브란스약국,127.064244,37.635445
백조약국,127.079166,37.627181
길약국,127.079762,37.670236
진약국,127.058428,37.653488
우성약국,127.066436,37.664224
수성약국,127.061497,37.659012
성심온누리약국,127.062582,37.618553
유성약국,127.055774,37.643212
하님약국,127.071243,37.661269
소망약국,127.07635,37.650424
광운케어약국,127.061101,37.623356
와우스타약국,127.063761,37.655339
대기없는1등약국,127.062408,37.649248
하나로약국,127.054867,37.628568
세계로약국,127.067882,37.657931
다모아약국,127.060879,37.651801
후문약국,127.069692,37.635901
자연약국,127.053203,37.673691
노원행복한약국,127.061911,37.656511
새봄약국,127.064257,37.639936
좋은약국,127.063691,37.654451
i튼튼약국,127.072924,37.624519
상계동문약국,127.062331,37.649408
노원프라자약국,127.061879,37.64869
종로프라자약국,127.061537,37.649416
푸른솔약국,127.072812,37.636262
수암약국,127.059532,37.622653
다나약국,127.061189,37.622873
무지개온누리약국,127.064051,37.614907
착 한약국,127.069253,37.62841
참말로 친절한 약국,127.061591,37.651982
미소약국,127.067612,37.656988
신태평약국,127.059062,37.621495
조은약국,127.065565,37.664118
제일약국,127.074117,37.639685
샘약국,127.077432,37.651558
태능약국,127.078168,37.61907
서부약국,127.056837,37.666884
365정성약국,127.076463,37.651218
하늘약국,127.061313,37.649905
하나약국,127.064257,37.639936
대호약국,127.073308,37.659841
태양프라자약국,127.077793,37.666363
참조은약국,127.062611,37.656697
지구약국,127.056922,37.666557
튼튼온누리약국,127.052889,37.671094
무궁화약국,127.070464,37.637596
초록약국,127.073308,37.659841
더조은약국,127.076338,37.648765
동방약국,127.058914,37.653582
백약국,127.062408,37.649248
삼호약국,127.065416,37.624591
장수메디컬약국,127.072406,37.626041
봄약국,127.06137,37.653058
뉴크로바약국,127.053052,37.687082
열린온누리약국,127.079556,37.625247
행복약국,127.075126,37.618057
행복을주는약국,127.074365,37.6226
기쁨약국,127.071302,37.658075
건강과행복이열리는약국,127.076964,37.649309
한빛약국,127.060917,37.632566
올리브약국,127.064257,37.639936
건강약국,127.078652,37.619027
중앙메디칼약국,127.080308,37.628089
월계우리약국,127.065416,37.624591
백경약국,127.059882,37.65346
수락100세약국,127.054808,37.677887
싱싱약국,127.05723,37.671179
월계프라자약국,127.051654,37.632554
뉴석계프라자약국,127.064859,37.615231
상아온누리약국,127.060338,37.653565
석계태평양약국,127.063497,37.614693
종로모범약국,127.077156,37.663212
중계수암약국,127.075638,37.65957
인덕약국,127.061014,37.630936
행복한약국,127.078896,37.626444
수락프라자약국,127.054856,37.677476
바다약국,127.061313,37.649905
온누리약국,127.063975,37.657636
다정약국,127.078804,37.657476
황인재약국,127.055985,37.629204
동산약국,127.066568,37.642721
이화약국,127.073308,37.659841
장약국,127.062157,37.654321
화랑대약국,127.083602,37.620811
재민약국,127.079047,37.623129
당고개약국,127.080012,37.67088
21세기상계약국,127.057648,37.666674
다사랑약국,127.07709,37.650408
미래팜약국,127.062688,37.654441
복음약국,127.068568,37.617803
동문약국,127.070107,37.635724
평강상록수약국,127.056968,37.66638
온누리보람약국,127.065472,37.664857
마들하나로약국,127.0573,37.665098
연수약국,127.062218,37.6564
희망약국,127.056818,37.671978
다온약국,127.063133,37.655117
바른약국,127.074586,37.622008
상계사랑약국,127.072659,37.658969
우리조은약국,127.054886,37.679119
정다운약국,127.057351,37.630303
하얀약국,127.070222,37.628415
새빛약국,127.060218,37.65382
노원365약국,127.062998,37.654511
조아약국,127.07699,37.627111
365정화약국,127.061491,37.656186
봄봄약국,127.055008,37.675417
보룡약국,127.061657,37.651747
유명약국,127.077195,37.627541
원약국,127.072115,37.627942
신동아약국,127.061858,37.627341
은사약국,127.077163,37.650975
삼호성심약국,127.065416,37.624591
위드팜대학약국,127.069541,37.634683
우리들약국,127.061014,37.630936
샘물약국,127.085785,37.625412
하니약국,127.071532,37.627914
한사랑약국,127.071273,37.628141
용화당약국,127.07435,37.642798
참미소약국,127.076797,37.651731
지혜약국,127.070956,37.633542
상계하나로약국,127.067043,37.664883
푸른온누리약국,127.077163,37.650975
노원하나약국,127.060947,37.651547
시민약국,127.080074,37.625645
오늘의약국,127.075565,37.619468
고래약국,127.058593,37.655032
소화약국,127.080795,37.670252
1번출구 새싹약국,127.065129,37.615284
소명약국,127.056691,37.682978
월계365약국,127.060655,37.623153
맑은약국,127.057999,37.654046
상계온누리약국,127.079688,37.666957
올리브메디컬약국,127.062242,37.647992
연세큰약국,127.063871,37.615661
척척약국,127.068061,37.653398
주연약국,127.078194,37.666814
석사민주약국,127.07635,37.650424
빛소금온누리약국,127.069541,37.634683
메디칼약국,127.05758,37.666918
김약국,127.064754,37.638827
건강한생활약국,127.062427,37.654382
밝은미소약국,127.064352,37.615554
올바른약국,127.057899,37.661668
샌트럴 이든 약국,127.081398,37.670178
노원4층약국,127.076581,37.66386
해링턴원약국,127.083049,37.626375
센트럴약국,127.063761,37.655339
딸기약국,127.087357,37.625774
휴베이스월계우리약국,127.057772,37.628849
빠른약국,127.062408,37.649248
팜프라자약국,127.073452,37.625277
노원약국,127.063558,37.655228
이손약국,127.082287,37.6217
누리약국,127.049792,37.626547
한결약국,127.062998,37.654511
영신약국,127.073274,37.663116
우약국,127.064244,37.635445
손약국,127.062611,37.656697
마들소망약국,127.05806,37.665073
보건약국,127.06901,37.646509
매일약국,127.066644,37.65753
스타약국,127.076006,37.650871
라니약국,126.917117,37.591497
365왕약국,126.928882,37.611045
플라이크2층약국,126.918262,37.635814
봄날약국,126.918107,37.63967
갑진약국,126.897679,37.584037
초록빛약국,126.892897,37.585728
망고약국,126.931712,37.612351
365백화점온누리약국,126.923102,37.620127
꽃내음약국,126.921403,37.615916
참약사우리약국,126.933035,37.601299
연신내역약국,126.920853,37.618933
가온약국,126.919758,37.620583
응암유명약국,126.918335,37.593962
비타약국,126.920374,37.620822
디엠씨진약국,126.898649,37.579593
연신내로데오약국,126.919853,37.618499
더바른약국,126.922099,37.60084
코리아약국,126.917962,37.610546
은평성심약국,126.912876,37.589489
토닥토닥약국,126.926686,37.616532
수약국,126.934432,37.600683
연신종로약국,126.924958,37.620331
불광일등약국,126.928703,37.610643
해영약국,126.930584,37.608751
은평일등약국,126.914105,37.598509
참약사응암샘터약국,126.915779,37.600632
녹번건강약국,126.93747,37.603158
팜스토리약국,126.920193,37.600358
튼튼약국,126.924738,37.60816
한솔약국,126.910549,37.599073
새우리약국,126.930303,37.609433
타운약국,126.920241,37.61907
푸른솔약국,126.918433,37.623503
365구생약국,126.92865,37.611204
참진약국,126.914715,37.60561
은평마리약국,126.915759,37.605718
스타약국,126.931878,37.598995
은평스타약국,126.920709,37.599897
웃음짓는약국,126.908857,37.596849
가까운약국,126.929471,37.611437
엘약국,126.935336,37.603476
1층엔약국,126.928448,37.611547
평화약국,126.927616,37.609311
서울온누리약국,126.934432,37.600683
봄햇살약국,126.921961,37.617669
다정약국,126.934432,37.600683
2층종로약국,126.921478,37.619635
팜프라자약국,126.918023,37.637483
그린약국,126.922462,37.606103
희망약국,126.917817,37.611176
두레약국,126.908808,37.58528
다모아약국,126.931022,37.609707
청춘약국,126.930396,37.610316
2층스타약국,126.918262,37.635814
오은약국,126.914537,37.613083
봄나라약국,126.902716,37.581009
새서울약국,126.918117,37.610993
큰솔약국,126.916414,37.600122
시장약국,126.923102,37.620127
소원약국,126.897679,37.584037
연신내약국,126.920786,37.618543
이화우리약국,126.909612,37.596508
진약국,126.936822,37.601743
보룡약국,126.930869,37.608935
미르약국,126.923651,37.59301
이레약국,126.929471,37.611437
어진온누리약국,126.919578,37.634864
은평오렌지약국,126.919354,37.635733
노벨온누리약국,126.915335,37.599289
홍약국,126.922615,37.619036
365연신내달빛약국,126.920241,37.61907
새종로약국,126.917985,37.592177
대림약국,126.900022,37.586844
맑은약국,126.923781,37.635175
제민약국,126.915613,37.619661
디엠씨4번출구약국,126.902154,37.57745
응암프라자약국,126.91666,37.588953
유정약국,126.923348,37.619801
우리사랑약국,126.920103,37.599819
온누리연세약국,126.917677,37.615037
정다운온누리약국,126.916211,37.620019
신사현대약국,126.908626,37.596366
불광다올약국,126.930182,37.610557
은평온누리약국,126.926904,37.601209
예사랑온누리약국,126.905834,37.604734
원약국,126.921094,37.600449
해오름온누리약국,126.917046,37.591228
열린약국,126.929605,37.602002
효제메디컬 약국,126.911268,37.614156
중앙약국,126.919627,37.621131
열린프라자약국,126.928636,37.61241
행복약국,126.913854,37.598329
연세희망약국,126.917527,37.614446
구산이화약국,126.909226,37.614254
기린약국,126.921686,37.607272
참사랑약국,126.921861,37.600187
더채움허준약국,126.916635,37.586936
이웃집약국,126.921238,37.601367
바른약국,126.921899,37.618607
녹번온누리약국,126.935424,37.602549
시민약국,126.923091,37.600228
해맑은약국,126.91701,37.588346
셀메드이화약국,126.920451,37.593282
연세스타약국,126.917419,37.614892
천사약국,126.921478,37.619635
조아약국,126.917413,37.591973
신사프라자약국,126.910388,37.599233
은평자연약국,126.915353,37.612695
정온누리약국,126.912065,37.613871
다온약국,126.921516,37.600536
은평올리브약국,126.918262,37.635814
연서종로약국,126.921479,37.619283
뉴타운메디컬약국,126.922646,37.642222
큰사랑온누리약국,126.91619,37.611555
곰약국,126.915049,37.605635
사랑약국,126.932197,37.601364
이층약국,126.915537,37.600145
밝은약국,126.928806,37.610762
메디팜상록약국,126.912178,37.613308
대조약국,126.917615,37.611362
민들레약국,126.916361,37.588065
은평천사약국,126.917977,37.634964
성모자이약국,126.917977,37.634964
신세계약국,126.926699,37.608399
유진약국,126.915205,37.612753
이화약국,126.928475,37.624907
메디팜대원약국,126.918974,37.600599
봄약국,126.906051,37.583179
메디팜삼보약국,126.928916,37.624805
성환약국,126.918403,37.602529
이정약국,126.913533,37.621379
보건약국,126.909805,37.584706
형제약국,126.915879,37.590854
선우약국,126.913605,37.598445
경하프라자약국,126.915648,37.611989
메디팜경약국,126.919984,37.593733
유승약국,126.921635,37.611228
희래약국,126.910955,37.614737
세종약국,126.928148,37.611937
신명약국,126.932652,37.600906
온누리민생약국,126.91888,37.622871
햇살약국,126.922758,37.641557
신사새서울약국,126.911008,37.598262
불광우리들약국,126.931292,37.609373
진호메디칼약국,126.929843,37.610102
조은약국,126.927731,37.644834
새봄약국,126.909183,37.596767
함께하는약국,126.895065,37.582673
제일프라자온누리약국,126.910696,37.605284
정다운약국,126.92508,37.608239
보은당약국,126.921075,37.593223
애플약국,126.923781,37.635175
건강한약국,126.923781,37.635175
태평양리드팜약국,126.917592,37.593008
은평제일약국,126.932109,37.612378
더 행복약국,126.929986,37.60102
새응암온누리약국,126.916643,37.588427
연신내메디칼약국,126.922615,37.619036
솔약국,126.927657,37.647018
가나약국,126.924607,37.605109
비타민약국,126.916187,37.586381
건강밝은약국,126.920133,37.617807
수플러스온누리약국,126.917722,37.611862
행복이꽃피는약국,126.913364,37.5928
사랑온누리약국,126.924607,37.605109
조일약국,126.927209,37.621459
청룡중앙약국,126.916418,37.590425
초원약국,126.922807,37.599959
예진약국,126.910297,37.605362
호호약국,126.917467,37.61085
증산약국,126.905624,37.580828
소망온누리약국,126.92038,37.586911
초록약국,126.901076,37.578264
불광온누리약국,126.929912,37.610882
정문온누리약국,126.93123,37.60848
불광프라자약국,126.928068,37.61005
기림약국,126.918913,37.593566
올리브약국,126.921371,37.598702
푸른약국,126.910878,37.613781
영창당약국,126.921276,37.618432
메디칼약국,126.928461,37.602552
영약국,126.923125,37.599982
세원약국,126.9104,37.598546
큰사랑약국,126.916428,37.586745
미도파약국,126.91888,37.595287
온누리새소망약국,126.900022,37.586844
우리약국,126.933133,37.616023
상쾌한온누리약국,126.920097,37.608465
왕약국,126.922932,37.600813
태평양약국,126.92001,37.620017
남대문약국,126.917515,37.623256
한마음약국,126.909131,37.595828
연신내영재약국,126.922615,37.619036
연신우리약국,126.921627,37.618096
조은백화점약국,126.916898,37.590031
고은약국,126.90975,37.596742
은나라약국,126.916127,37.619857
수민약국,126.920381,37.618135
유성약국,126.928518,37.611393
성실약국,126.907736,37.605136
메디팜승윤약국,126.90897,37.596215
세계로약국,126.931515,37.6118
하늘약국,126.923972,37.604455
불광보광사약국,126.92972,37.610383
서부새생명약국,126.918314,37.606064
우리정다운약국,126.9163,37.624595
예일태평양약국,126.916803,37.611152
하나로약국,126.925184,37.621166
수정약국,126.922582,37.600126
은빛약국,126.919459,37.623465
신일약국,126.924913,37.600812
건강한세상약국,126.91353,37.591941
우리들약국,126.915575,37.602238
연서메디칼약국,126.922832,37.620112
청구프라자약국,126.919126,37.620696
구세약국,126.916538,37.588202
속편한약국,126.913778,37.615738
참조은약국,126.909229,37.583818
오온누리약국,126.922187,37.605568
스타메디컬약국,126.909689,37.598225
광혜약국,126.931405,37.563001
세연약국,126.939497,37.5647
약손약국,126.94082,37.591596
명문약국,126.931132,37.576523
연세메디칼약국,126.912811,37.581506
일신당약국,126.928069,37.558534
창일약국,126.942675,37.591042
초원약국,126.950109,37.559179
효제약국,126.944954,37.5916
서울약국,126.943276,37.58999
푸름약국,126.931957,37.568475
모래내백화점약국,126.914492,37.56983
가좌진약국,126.916916,37.569103
윤약국,126.916245,37.569568
이화사랑약국,126.912601,37.570858
이대행복한 약국,126.945867,37.55888
굴레방약국,126.955861,37.558259
아현파란문약국,126.955861,37.558259
홍연약국,126.931242,37.57689
바다약국,126.960807,37.571342
세빛약국,126.910708,37.578709
행복가득약국,126.934812,37.556334
모래내약국,126.914961,37.569606
홍제태양약국,126.944305,37.588988
혜성약국,126.919463,37.582422
북가좌수약국,126.910522,37.578466
독수리약국,126.937387,37.558845
한미약국,126.915279,37.569368
해그린약국,126.950688,37.582205
가까운약국,126.936518,37.581875
영신약국,126.914527,37.576394
튼튼약국,126.910551,37.572649
엘리트약국,126.937223,37.555739
세이지약국,126.947453,37.562561
봄약국,126.926152,37.576067
알파약국,126.944488,37.588891
은혜온누리약국,126.912601,37.570858
보건약국,126.945032,37.587798
부활약국,126.961853,37.570328
비타민약국,126.937387,37.558845
소명약국,126.918828,37.574536
새서울약국,126.944588,37.588115
북가좌온누리에약국,126.912748,37.582585
서울솔약국,126.944007,37.589213
주차편한우리약국,126.941723,37.561166
서대문약국,126.962826,37.569442
조이약국,126.943276,37.58999
정도약국,126.956447,37.557998
파크약국,126.920668,37.579132
새서울DMC약국,126.912601,37.570858
행복한 참약국,126.910551,37.572649
에버그린약국,126.94257,37.557422
조은약국,126.945081,37.58758
신촌대로 약국,126.939286,37.556246
나라약국,126.917837,37.572258
우리온누리약국,126.968501,37.562763
인왕약국,126.94347,37.59107
행운약국,126.922238,37.577721
해든우리약국,126.966397,37.564824
새현대약국,126.936692,37.558752
화인굿모닝약국,126.946405,37.586175
홍제 오늘약국,126.943373,37.589686
새우리온누리약국,126.943943,37.588584
레몬약국,126.941617,37.593383
8번가위드팜약국,126.943249,37.563093
명음약국,126.955861,37.558259
가까운신촌약국,126.937163,37.55915
이층약국,126.945445,37.598019
맑은약국,126.937837,37.555634
이화약국,126.946202,37.586695
해봄약국,126.96552,37.566396
연희약국,126.925456,37.566564
건강약국,126.923056,37.576672
홍시약국,126.9429,37.590278
동백약국,126.921438,37.577424
오늘약국,126.957517,37.557558
이화매일약국,126.963888,37.566839
한빛약국,126.944817,37.595376
홍제튼튼약국,126.945499,37.588303
참조은약국,126.948646,37.599389
기쁨약국,126.9325,37.568498
일심약국,126.937129,37.559229
활명당약국,126.964945,37.567205
오약국,126.915659,37.575974
완약국,126.946111,37.595473
푸른약국,126.921183,37.577433
모범약국,126.923241,37.577267
은하약국,126.942742,37.589637
대유약국,126.935867,37.581877
대우약국,126.94335,37.590473
거북당약국,126.90973,37.578155
신보건약국,126.935383,37.556358
삼성약국,126.930607,37.567309
현우약국,126.936754,37.558329
새롬m약국,126.926771,37.574767
성우당약국,126.931925,37.567863
솔온누리약국,126.915109,37.569473
평화약국,126.914367,37.581761
은하약국,126.923644,37.582212
명신당약국,126.92709,37.574972
소생약국,126.911407,37.580435
용한약국,126.913171,37.576494
백제약국,126.948138,37.599139
홍인약국,126.95082,37.58553
희망약국,126.924301,37.5774
백세당약국,126.910233,37.577893
지을약국,126.937129,37.556484
위드팜필약국,126.936459,37.555715
지혜약국,126.914907,37.570736
경희중앙약국,126.960264,37.571211
스마일약국,126.961083,37.571131
홍제우리약국,126.945628,37.588507
아침일찍약국,126.938258,37.556057
영천선약국,126.962174,37.570069
홍제제일약국,126.945726,37.587079
아현이층약국,126.955861,37.558259
파랑새약국,126.945752,37.55714
사랑약국,126.936825,37.581467
케이약국,126.952938,37.580454
모닝약국,126.92709,37.574972
하랑약국,126.955026,37.557548
메디팜덕인약국,126.952688,37.5574
홍은약국,126.928949,37.579021
광장약국,126.941386,37.560614
나무약국,126.938263,37.558352
백솔약국,126.912601,37.570858
우리연세약국,126.927691,37.562208
명지약국,126.920668,37.579132
부자약국,126.947557,37.59922
상아약국,126.923516,37.577583
미소약국,126.947761,37.585799
연희종로다함약국,126.931352,37.567805
이로운약국,126.943128,37.558357
마루약국,126.935775,37.57886
신촌1번약국,126.936253,37.555571
홍제바른약국,126.944916,37.58852
한양약국,126.947118,37.583167
아현숨약국,126.957037,37.557712
바로주차약국,126.941333,37.560853
우리약국,126.929888,37.564798
대형약국,126.956439,37.557806
사러가약국,126.929663,37.567145
클로버약국,126.931841,37.568306
보명약국,126.915659,37.575974
강약국,126.94228,37.592122
드림약국,126.915798,37.569187
푸른온누리약국,126.947822,37.592666
혜민약국,126.949588,37.587659
위드팜신촌약국,126.94125,37.560727
정문약국,126.93676,37.55924
한사랑온누리약국,126.94642,37.557077
대학약국,126.936683,37.559066
현대약국,126.914527,37.576394
홍제약국,126.945073,37.58835
수약국,126.91371,37.570511
참진 온누리 약국,126.955974,37.561966
무악메디칼약국,126.940714,37.591394
이인치한약국,126.94492,37.559063
유진온누리약국,126.929916,37.565984
한신약국,126.947365,37.58521
연희위드팜약국,126.943698,37.563315
세란약국,126.936762,37.559121
온누리선약국,126.96585,37.566131
서린약국,126.923674,37.577186
햇살약국,126.910551,37.572649
소망약국,126.923666,37.557204
참사랑이화약국,126.922358,37.562082
진약국,126.935314,37.544365
코코약국,126.90518,37.557249
동경약국,126.934714,37.555534
망원동약국,126.904546,37.557423
수려한약국,126.911468,37.564837
맘스케어약국,126.955509,37.552177
즐거운약국,126.944643,37.542314
참약국,126.929678,37.554612
참마음약국,126.916029,37.551395
아름다운약국,126.961793,37.551551
연세한우리약국,126.93352,37.552296
오아시스약국,126.921534,37.556811
굿모닝약국,126.891381,37.577072
한우리약국,126.905028,37.557523
원약국,126.890419,37.579406
아현종로약국,126.955637,37.556999
그린이화약국,126.92098,37.555306
이화약국,126.907257,37.559541
이지약국,126.922911,37.555793
성은약국,126.963467,37.549992
마리약국,126.950596,37.544931
보천약국,126.955269,37.557085
행복약국,126.926265,37.559223
제일약국,126.906313,37.553252
월드약국,126.879819,37.585066
세계로약국,126.893136,37.576334
대영약국,126.910604,37.567468
연세약국,126.915109,37.557605
메디팜신마포약국,126.931823,37.546594
한유약국,126.942325,37.54793
안생약국,126.923136,37.546333
효성약국,126.917568,37.561194
광실약국,126.950348,37.540113
신일약국,126.962424,37.556062
성산연세약국,126.903747,37.570502
명성약국,126.909165,37.556502
샘터약국,126.962999,37.549351
인혜약국,126.952675,37.54456
프라자약국,126.952143,37.556921
상수약국,126.946298,37.541265
지선약국,126.907948,37.567908
한사랑약국,126.905525,37.557301
연세프라자약국,126.928482,37.550099
선진약국,126.928331,37.547038
호산나약국,126.932894,37.547776
명치약국,126.957262,37.543359
독일약국,126.950966,37.541036
정아약국,126.918164,37.548145
다나약국,126.946126,37.555724
파마트엘지약국,126.92345,37.556079
중원약국,126.907884,37.568378
성심약국,126.942571,37.544731
비온뒤숲속약국,126.907796,37.558185
성모약국,126.945522,37.546557
메디칼약국,126.910688,37.556015
메디칼세영약국,126.904621,37.561784
아카데미약국,126.94773,37.540343
대흥약국,126.946127,37.556171
행복한약국,126.955283,37.556923
레드힐 약국,126.923849,37.555347
인화약국,126.935314,37.544974
신영약국,126.950083,37.543892
온누리미소약국,126.912102,37.552052
3층온누리약국,126.903847,37.570164
이화메세나약국,126.913782,37.550935
청심약국,126.906945,37.551169
베이지약국,126.920494,37.554878
팜픽약국,126.923709,37.554918
홍대참신한약국,126.921422,37.55056
합정녹십자약국,126.915713,37.548245
신명약국,126.944279,37.556373
마포보건약국,126.902138,37.565385
연남약국,126.92448,37.559489
서울약국,126.954294,37.547808
연세진약국,126.90438,37.55793
비타민약국,126.941518,37.547837
대흥365약국,126.942222,37.547586
이대5번출구 옵티마 진룡약국,126.946919,37.556392
소담약국,126.898641,37.576124
광명약국,126.925758,37.558672
메디컬 성모약국,126.910314,37.555391
망원우리약국,126.906427,37.554981
은혜약국,126.946417,37.556234
이화바이오약국,126.92345,37.556079
늘푸른약국,126.952466,37.542844
소나무약국,126.889,37.580056
아크로약국,126.94899,37.541336
평화약국,126.91579,37.55032
준약국,126.909794,37.567015
정성약국,126.962129,37.551675
라이프약국,126.946626,37.556581
삼성메디칼약국,126.950348,37.540113
성산진약국,126.903747,37.570502
제민약국,126.947267,37.537955
사랑의약국,126.914475,37.548437
올리브약국,126.935365,37.555372
이층약국,126.953059,37.547457
수약국,126.905144,37.561194
우대온누리약국,126.953053,37.543739
용약국,126.937384,37.554604
연세참사랑약국,126.933661,37.552465
팰리스약국,126.953059,37.547457
해오름약국,126.938552,37.543812
대흥온누리약국,126.943271,37.556301
애오개약국,126.956516,37.551994
홍대365약국,126.926118,37.554689
이화키즈팜약국,126.953657,37.555593
자연약국,126.953657,37.555593
옵티마상원약국,126.910109,37.555605
대교약국,126.947354,37.539789
허브약국,126.948968,37.542398
미소약국,126.94899,37.541336
건강약국,126.903323,37.560089
드림약국,126.890419,37.579406
아이비약국,126.952885,37.543999
마래푸 온누리약국,126.955038,37.555629
오즈약국,126.943717,37.541563
새봄약국,126.908255,37.555662
2층하늘약국,126.903847,37.570164
홍대옵티마약국,126.92345,37.556079
하임온누리약국,126.950256,37.541775
기쁨약국,126.910266,37.556254
일층약국,126.955108,37.557092
튼튼약국,126.947722,37.552978
고래약국,126.937561,37.554673
홍익약국,126.924615,37.556866
스마일약국,126.954931,37.544301
서교약국,126.910453,37.556279
공덕제일약국,126.952675,37.54456
바다약국,126.916332,37.559897
마포온누리약국,126.945947,37.540768
서교연세약국,126.924159,37.556754
상암센트럴약국,126.892309,37.579205
은약국,126.904455,37.569815
상암나무약국,126.888689,37.577686
홍대어울림약국,126.924282,37.55571
365열린온누리약국,126.952867,37.5435
민트약국,126.954833,37.556994
나무약국,126.952466,37.542844
마포초록약국,126.940303,37.542472
월드컵약국,126.903539,37.570529
별빛약국,126.922988,37.558734
햇살약국,126.937493,37.55343
한약짓는약국,126.953628,37.55684
참약사 햇살약국,126.909706,37.55682
신촌한우리약국,126.934411,37.551071
신촌숲약국,126.934411,37.551071
상수오아시스약국,126.920541,37.547988
영광약국,126.879819,37.585066
152약국,126.947965,37.544872
산들약국,126.945711,37.553946
아현중앙약국,126.956148,37.554348
두리봄약국,126.911865,37.551053
망원 올리브약국,126.910764,37.555794
애플약국,126.901892,37.572115
2층바로약국,126.952867,37.5435
태평양약국,126.923988,37.552841
레디영약국,126.92253,37.554892
명약국,126.94899,37.541336
새싹약국,126.906698,37.560803
호약국,126.889,37.580056
마포드림약국,126.942543,37.547827
공덕오케이약국,126.946015,37.545833
참조은약국,126.951188,37.543012
마포웰츠약국,126.952466,37.542844
DMC온누리약국,126.891381,37.577072
푸른약국,126.955806,37.550945
delight이화약국,126.911865,37.551053
합정동산약국,126.913782,37.550935
미약국,126.945041,37.556486
매일여는약국,126.890419,37.579406
도원약국,126.94773,37.540343
예진약국,126.889,37.580056
신촌온누리약국,126.937067,37.552094
유진온누리약국,126.951787,37.537785
영진약국,126.905891,37.554849
세명약국,126.952169,37.546228
신촌성은약국,126.935972,37.55413
하늘약국,126.913647,37.548494
더블유스토어연세약국,126.935668,37.55517
라임약국,126.944279,37.556373
미소가득한약국,126.890419,37.579406
홍익플라자약국,126.926257,37.558326
힘찬약국,126.916075,37.55061
공덕나은약국,126.95131,37.542447
강원약국,126.919166,37.556643
수미약국,126.944279,37.556373
마포별빛약국,126.902566,37.564981
마포제일큰약국,126.906864,37.559049
망원솔약국,126.909994,37.55651
홍대미미약국,126.920974,37.552972
대선약국,126.954279,37.544709
케어솔약국,126.893866,37.576535
홍대 베리뉴약국,126.924605,37.556473
아현올리브약국,126.956838,37.552503
홍대입구역약국,126.92287,37.555491
오프약국,126.92347,37.554653
든든약국,126.940601,37.546926
메디팜상암약국,126.883177,37.580162
햇빛약국,126.94899,37.541336
참약사유명약국,126.960029,37.551763
포도약국,126.947056,37.539955
수정약국,126.947887,37.542214
파란바다약국,126.912194,37.549995
피크약국,126.915069,37.550823
망원그랜드약국,126.909837,37.555915
우리 이 약국,126.936773,37.554087
우정옵티마약국,126.936776,37.554322
신촌세민약국,126.934483,37.555704
합정365약국,126.914925,37.548466
셀약국,126.916722,37.550798
안녕약국,126.889216,37.581966
옵티마유한약국,126.903402,37.570347
자이약국,126.944482,37.555373
슬림약국,126.908886,37.566857
마포삼성약국,126.949453,37.541122
해맑은약국,126.951166,37.546553
봄약국,126.948794,37.545618
마프자서울약국,126.947722,37.552978
공덕씨티약국,126.950596,37.544931
홍대 로즈미약국,126.922612,37.554006
샤인업약국,126.924795,37.559528
하나약국,126.944279,37.556373
합정오아시스약국,126.913964,37.548662
홍대레드로드 베리뉴약국,126.923084,37.55517
숨 한약국,126.918052,37.553147
맑은약국,126.914454,37.554904
백구약국,126.93494,37.554392
한강바로약국,126.942965,37.540531
홍대스트리트 레디영약국,126.921804,37.552517
아현큰약국,126.957947,37.554712
뷰티온누리약국 무신사뷰티홍대점,126.923016,37.554242
리본약국,126.92944,37.548363
단비약국,126.871333,37.518907
태평양온누리약국,126.855919,37.521221
목동제일큰약국,126.862433,37.525642
드림약국,126.86924,37.524606
365열린약국,126.864391,37.548384
황제한약국,126.868824,37.541287
가람약국,126.86786,37.549076
약초원한약국,126.866829,37.548487
청솔약국,126.84222,37.52426
도리온누리약국,126.827661,37.535543
목동그린약국,126.879171,37.536305
신정내곁에약국,126.852333,37.520663
365신정약국,126.874988,37.522368
튼튼약국,126.864162,37.532825
8번출구약국,126.873793,37.524464
수약국,126.853418,37.518385
햇살애약국,126.873868,37.546365
유명약국,126.842006,37.517708
신정하나약국,126.873496,37.518454
이펜약국,126.832749,37.512596
메디팜금빛약국,126.87876,37.535605
새열린약국,126.874024,37.518656
연성약국,126.85345,37.519857
우리이화약국,126.826986,37.537195
한울약국,126.870383,37.525993
하늘사랑약국,126.875813,37.528177
매일여는약국,126.871643,37.527465
해든이화약국,126.884877,37.537404
오이 한약국,126.866678,37.539395
보미진온누리약국,126.864112,37.549546
연세약국,126.828271,37.537652
다올약국,126.828195,37.534899
신왕약국,126.826751,37.533585
메디팜금성약국,126.825183,37.533574
경민약국,126.840658,37.515886
진생약국,126.834717,37.529647
동의림생약국,126.87597,37.531626
상마약국,126.875831,37.523298
제민약국,126.836755,37.529174
세왕약국,126.853826,37.517361
바른약국,126.859407,37.525662
메디팜장약국,126.866087,37.508839
동일프라자약국,126.838072,37.512633
경남약국,126.879339,37.539604
박약국,126.864694,37.548382
한솔약국,126.862318,37.515309
샘약국,126.827506,37.53957
보람약국,126.87054,37.544412
모아약국,126.832254,37.532324
은혜약국,126.858863,37.525633
성심약국,126.877392,37.546255
영민약국,126.884816,37.534642
백십자약국,126.842684,37.5183
중앙약국,126.873521,37.546679
우주약국,126.867657,37.521627
엘림약국,126.865207,37.511
목동세계로약국,126.876599,37.522835
제일약국,126.86573,37.539424
서강약국,126.871845,37.546621
목동약국,126.863032,37.525701
온누리은혜약국,126.854287,37.513934
월드약국,126.878042,37.535986
홍일태평양약국,126.863574,37.529036
행복한약국,126.852275,37.520793
예주약국,126.878565,37.536387
무지개약국,126.86371,37.548611
거북이온누리약국,126.841415,37.524597
셀메드새롬약국,126.84538,37.522611
김약국,126.833319,37.522195
엄마손약국,126.836829,37.519151
온누리유미숙약국,126.864178,37.524986
천지인약국,126.852646,37.521582
예인약국,126.832952,37.522815
온누리학마을약국,126.844319,37.508053
메디팜서울약국,126.861612,37.515037
신월시장약국,126.83668,37.531766
오월약국,126.842244,37.518005
양천제일약국,126.857432,37.521888
내외약국,126.841791,37.518311
가온온누리약국,126.875813,37.528177
등촌약국,126.864167,37.549733
하루약국,126.864162,37.532825
타워4층약국,126.875813,37.528177
라온온누리약국,126.843014,37.519185
정문약국,126.867476,37.536565
목동기린약국,126.875837,37.523589
좋은약국,126.831735,37.531917
우리동네맘약국,126.84067,37.515211
분수광장약국,126.85164,37.522174
봄봄약국,126.868785,37.525868
일등약국,126.866162,37.548469
나나약국,126.861506,37.515913
서남고은약국,126.832381,37.512484
세양메디신약국,126.864549,37.508257
봄약국,126.86307,37.54644
신세계약국,126.85554,37.513238
대우마이빌약국,126.866906,37.549505
한성약국,126.863948,37.526381
대우실로암약국,126.831059,37.541653
목동즐거운약국,126.864447,37.527384
프라자약국,126.859657,37.519825
로데오약국,126.863368,37.526502
테마프라자약국,126.861195,37.515805
팜메이트하나로약국,126.845188,37.522547
건강한우리약국,126.837476,37.51865
해든아침약국,126.875813,37.528177
한림약국,126.860374,37.520153
메디팜신정교약국,126.873823,37.518869
종로프라자약국,126.863261,37.528461
메디칼중앙약국,126.872019,37.524712
보생약국,126.874122,37.546619
오렌지라임약국,126.863778,37.528326
건강약국,126.833505,37.532404
소중한약국,126.844709,37.522428
우리들약국,126.870686,37.543881
소망약국,126.873018,37.524576
목동한미약국,126.864549,37.508257
비타민약국,126.842789,37.519069
아름약국,126.854622,37.521049
팜코리아약국,126.864118,37.532276
목동정문약국,126.884877,37.537404
소망이 샘솟는 느티나무 한약국,126.856458,37.520306
청송온누리약국,126.866339,37.539153
목동벧엘약국,126.884816,37.534642
2층소망약국,126.84222,37.52426
경희한약국,126.862838,37.545766
소망온누리약국,126.834104,37.521767
레스큐약국,126.880538,37.537087
신목약국,126.871459,37.537021
건강온누리약국,126.876269,37.52415
새서울온누리약국,126.867393,37.549204
메디팜성화약국,126.826486,37.532932
동일약국,126.837332,37.531429
백석메디칼약국,126.837888,37.530208
가정약국,126.872092,37.546663
행복한문약국,126.828339,37.535254
그린약국,126.841737,37.510682
신국경약국,126.871273,37.545276
보현약국,126.867642,37.536723
수정약국,126.852894,37.520845
목동세명약국,126.866626,37.54845
보룡약국,126.864801,37.548681
다온약국,126.851494,37.521379
양천그린약국,126.858436,37.521549
신정튼튼약국,126.853626,37.525037
목동건강약국,126.863252,37.528656
맑은약국,126.847571,37.518754
밝은약국,126.864162,37.532825
목동4층약국,126.863805,37.526729
매일열린약국,126.851792,37.521176
행복한우리약국,126.835811,37.533763
지은당한약국,126.870444,37.521625
바로약국,126.871513,37.516878
신트리약국,126.85554,37.513238
드림온누리약국,126.869332,37.54191
우성메디칼약국,126.833615,37.522662
중앙제일약국,126.874583,37.522184
미라클약국,126.87876,37.535605
마트온누리약국,126.870383,37.525993
신월우리약국,126.841592,37.524124
동인프라자약국,126.828007,37.534782
새목동약국,126.881686,37.537481
한결약국,126.875272,37.523923
다민약국,126.832256,37.512751
온누리조은약국,126.833505,37.532404
조아약국,126.862836,37.515783
햇살온누리약국,126.870158,37.53605
구룡약국,126.862405,37.518542
양천시장약국,126.841507,37.524411
창대온누리약국,126.865163,37.548585
삼주약국,126.87478,37.522311
이안약국,126.863032,37.529279
신월메디칼약국,126.827499,37.537616
더선약국,126.874828,37.546668
송약국,126.87372,37.525153
가까운온누리약국,126.865498,37.517494
에이치약국,126.869917,37.524348
365 새누리약국,126.864162,37.532825
코코약국,126.864162,37.532825
별약국,126.875804,37.524896
열린약국,126.833568,37.521982
뿌리약국,126.833817,37.522258
목동행복한약국,126.876084,37.529373
메디칼으뜸약국,126.832749,37.512596
조은약국,126.864549,37.508257
새무지개약국,126.852138,37.521043
팜빌편안약국,126.869045,37.53969
하늘약국,126.851926,37.522821
홍익후문약국,126.864592,37.53204
홍삼약국,126.853094,37.518938
행복한온누리약국,126.871513,37.516878
41약국,126.875813,37.528177
목동센트럴약국,126.842516,37.51815
새우리약국,126.863458,37.528789
행복약국,126.831589,37.532068
목동파라곤약국,126.875163,37.529504
스마트약국,126.870523,37.518964
기쁨온누리약국,126.852619,37.519919
올리브약국,126.864199,37.550093
새봄약국,126.870688,37.546588
미소약국,126.833605,37.531115
웰스트리트약국,126.826374,37.562615
아름약국,126.842902,37.567324
까치산메가약국,126.84717,37.533875
동의송도약국,126.843024,37.55886
염창메디칼약국,126.871955,37.550639
시장약국,126.843789,37.543894
다나은약국,126.84352,37.542494
발산그랜드약국,126.838913,37.559463
우리온누리약국,126.838824,37.532813
다나아약국,126.814137,37.556325
기린약국,126.798659,37.561811
우리동네온누리약국,126.875257,37.549847
윤약국,126.839016,37.533233
공항약국,126.80903,37.562236
일심당약국,126.842664,37.529253
영보약국,126.852484,37.563374
동산온누리약국,126.865182,37.555188
하나메디칼약국,126.811093,37.573674
까치프라자약국,126.846694,37.532485
비원약국,126.864981,37.551472
수약국,126.813036,37.569453
21C 세계로약국,126.840771,37.542036
제일메디칼약국,126.836733,37.53739
영일약국,126.86997,37.552351
성혜약국,126.842374,37.528073
주약국,126.80986,37.561738
내인당약국,126.836061,37.552789
태양약국,126.861501,37.535394
강서연세약국,126.851977,37.554507
한진약국,126.843036,37.548177
국민약국,126.858059,37.531881
공항메디칼약국,126.811557,37.560973
녹십자약국,126.857183,37.555799
키즈약국,126.835396,37.552473
노을약국,126.844315,37.542701
국제공항약국,126.802992,37.56506
새서울약국,126.851463,37.563444
비전약국,126.87454,37.547345
푸른약국,126.846138,37.560821
정다운약국,126.850292,37.548428
가까운약국,126.854257,37.554807
감초약국,126.847294,37.531315
웰빙국내선약국,126.808109,37.555891
그린약국,126.826346,37.55302
온누리성원약국,126.812672,37.571557
새한약국,126.862078,37.545407
신세계온누리약국,126.837357,37.533645
웰빙약국,126.859253,37.556937
지혜약국,126.838648,37.533833
고운마음약국,126.855579,37.560507
금비약국,126.870352,37.553157
희망찬약국,126.846784,37.531164
화곡명문약국,126.841159,37.541645
수명산약국,126.826538,37.552313
메디칼건강약국,126.815434,37.573226
하늘약국,126.812984,37.577361
행복한온누리약국,126.826463,37.553454
건강한온누리약국,126.840843,37.535649
예다인온누리약국,126.850972,37.562776
화곡서울약국,126.836814,37.548386
푸른온누리약국,126.821501,37.570852
예성약국,126.841531,37.539718
큰덕약국,126.835449,37.551991
아름드리약국,126.840352,37.559327
우림약국,126.862204,37.546262
화평약국,126.860999,37.53193
봄꽃약국,126.847825,37.530475
365바이엘약국,126.834198,37.539651
강서수약국,126.825021,37.562744
구름힐약국,126.837822,37.568612
화곡종로약국,126.836672,37.540919
온누리용주약국,126.852673,37.530828
목화약국,126.863269,37.533237
우리약국,126.847105,37.535741
우진약국,126.859057,37.533658
봄봄약국,126.837261,37.556504
마곡프라자약국,126.818567,37.566713
다온약국,126.837226,37.559621
프라자약국,126.835921,37.549582
가까운중앙약국,126.834946,37.55789
빠른대학온누리약국,126.834946,37.55789
초록문약국,126.825525,37.559324
솔약국,126.861386,37.557401
이화정문약국,126.834946,37.55789
밸런스약국,126.833889,37.559456
맘온누리약국,126.826181,37.559278
행복나무약국,126.838333,37.543378
라온365온누리약국,126.840078,37.541308
샛별약국,126.84153,37.540719
방화우리약국,126.81418,37.573205
연세약국,126.839126,37.541851
하나로약국,126.871924,37.551272
유니약국,126.827097,37.568936
김비타약국,126.830291,37.558888
구암약국,126.854031,37.566347
명문약국,126.859294,37.563229
곰달래약국,126.858124,37.531561
메디팜푸른약국,126.836001,37.552063
가양하늘약국,126.854742,37.559569
이화밝은약국,126.866393,37.550767
평화약국,126.83601,37.548884
우리팜약국,126.847201,37.530368
서울열린약국,126.839228,37.532879
화곡기쁨약국,126.839018,37.541532
허브약국,126.827963,37.558594
빨간문약국,126.839265,37.542347
웰빙온누리약국,126.825303,37.567251
나누리약국,126.84634,37.560205
국제약국,126.811565,37.564065
마곡아임약국,126.827002,37.567318
코리아약국,126.83655,37.554683
선약국,126.838885,37.544062
수태평양약국,126.865453,37.551135
마곡온약국,126.832707,37.558629
가온약국,126.836984,37.561122
365열린약국,126.846231,37.560043
고옥진한약국,126.855269,37.55947
조광약국,126.811208,37.564728
365샘약국,126.848,37.564193
삼정약국,126.811007,37.57845
송약국,126.868291,37.554467
미주약국,126.80676,37.570705
남부시장약국,126.858962,37.53306
신방화약국,126.818103,37.573099
에이스약국,126.842789,37.543445
SooPharm수약국,126.850984,37.557291
개화약국,126.807319,37.573018
스카이약국,126.802992,37.56506
미즈정문온누리약국,126.835989,37.552539
365 코끼리약국,126.840979,37.55967
길약국,126.862047,37.532
봄약국,126.85125,37.554855
한우리약국,126.852055,37.550997
송정온누리약국,126.810961,37.561002
오렌지약국,126.855896,37.556863
서연약국,126.853015,37.562622
한강메디칼약국,126.844987,37.571385
월드팜약국,126.850869,37.552577
맑은약국,126.864689,37.555515
강서자이온누리약국,126.847998,37.56555
화창한약국,126.846138,37.560821
원약국,126.813515,37.558224
참미래약국,126.846616,37.560617
새봄약국,126.860066,37.561041
부영약국,126.843641,37.563558
메디팜대야약국,126.846412,37.532767
강서종로약국,126.836009,37.548681
가장큰이대약국,126.834918,37.558432
명진팜약국,126.825971,37.568065
공항시장샘온누리약국,126.810809,37.564193
우성약국,126.826394,37.553227
대현온누리약국,126.860704,37.55778
솔트약국,126.870087,37.552122
파랑약국,126.851033,37.554106
대학약국,126.838654,37.540886
휴베이스비타민약국,126.837981,37.534889
기쁨약국,126.863384,37.533493
미래약국,126.810233,37.572015
마곡스타약국,126.826181,37.559278
에스메디약국,126.813019,37.568599
정성가득한약국,126.84875,37.551295
가양누리약국,126.860249,37.561253
벼리약국,126.843088,37.570416
밝은온누리약국,126.862059,37.545799
마곡나루약국,126.824596,37.568186
메디팜21세기약국,126.839648,37.541209
종로당약국,126.8546,37.563553
용한약국,126.847174,37.570496
이화햇살약국,126.836529,37.559153
다정한약국,126.845723,37.532892
설아약국,126.834719,37.560425
다정약국,126.838541,37.543064
참고은약국,126.844846,37.558868
서울프라자약국,126.872313,37.550979
송화약국,126.836031,37.548152
창현약국,126.812141,37.57662
강약국,126.838677,37.561298
라파엘약국,126.84113,37.566307
이대1번약국,126.837469,37.55766
마곡드림약국,126.826323,37.566838
강서지금약국,126.837108,37.561888
강서약국,126.863221,37.536705
강서자연애약국,126.846538,37.531622
가양메디약국,126.854378,37.561025
까치햇살약국,126.846487,37.532657
숨약국,126.840364,37.568292
마곡솔약국,126.826733,37.567935
힘찬약국,126.852245,37.563038
제일약국,126.838721,37.53305
굿모닝약국,126.838768,37.541465
이수약국,126.848831,37.532178
나라온누리약국,126.847201,37.530368
동방약국,126.839487,37.543177
보람약국,126.83681,37.547198
굿모닝이화약국,126.850327,37.556961
미소약국,126.811818,37.57376
마곡메디칼약국,126.818575,37.567121
건강샘온누리약국,126.84696,37.54524
메디팜 정다운약국,126.817781,37.567189
한마음약국,126.862426,37.542834
정수한약국,126.834883,37.549281
메디팜사랑약국,126.837105,37.540463
하늘수한약국,126.837226,37.559621
햇살온누리약국,126.837569,37.540588
한빛약국,126.845009,37.561665
발산 93약국,126.836529,37.559153
햇빛약국,126.86318,37.535372
태평양약국,126.863217,37.536388
365그린약국,126.846538,37.531622
다마트약국,126.812482,37.577502
메디팜인정약국,126.811822,37.573198
더나은약국,126.837828,37.558941
강서메디칼약국,126.844146,37.54248
세븐약국,126.83317,37.560621
백세365약국,126.826257,37.55857
힐스테이트솔약국,126.83681,37.547198
나래약국,126.828037,37.559104
소원약국,126.839642,37.541934
바른약국,126.860704,37.55778
가양플러스약국,126.847998,37.56555
참바른약국,126.811248,37.572193
해바라기약국,126.851366,37.563887
민들레약국,126.833692,37.558542
산소망약국,126.845595,37.558816
더조은약국,126.85754,37.532967
나나약국,126.83681,37.547198
주랑약국,126.837698,37.56013
아란약국,126.825559,37.55845
밝은세상약국,126.83681,37.547198
가양메디칼약국,126.852029,37.563601
크리닉약국,126.83592,37.549164
메디칼약국,126.846354,37.561149
성모약국,126.849721,37.552331
건강온누리약국,126.863184,37.532532
온누리큰사랑약국,126.846076,37.533483
베스트약국,126.863534,37.531276
강서제일큰약국,126.836005,37.551437
봄날약국,126.84677,37.532175
365정약국,126.861898,37.556692
가양종로약국,126.851592,37.562459
마곡 여기약국,126.824788,37.561282
수연약국,126.83844,37.56055
숲속약국 원그로브점,126.824788,37.561282
다나약국,126.807684,37.572457
강서365아이맘약국,126.845731,37.559301
해리약국,126.867675,37.555022
하은약국,126.806952,37.572356
마곡밝은약국,126.827146,37.558491
강서하나로약국,126.846538,37.531622
이룸약국,126.825605,37.565939
튼튼365열린약국,126.826374,37.562615
스타온누리약국,126.825406,37.563701
달래약국,126.851256,37.531101
강서바른약국,126.840327,37.55916
천수약국,126.83835,37.53432
소망약국,126.84684,37.560942
방화프라자약국,126.811007,37.572535
화곡메디칼약국,126.83782,37.534528
마곡하나약국,126.838292,37.560111
유약국,126.850523,37.55344
라임약국,126.846103,37.532307
마곡소망약국,126.827002,37.567318
밝은약국,126.872622,37.550212
새미래약국,126.843017,37.543024
나무약국,126.830578,37.553024
햇살약국,126.857698,37.53185
마곡새봄약국,126.840449,37.566919
마곡열린약국,126.817066,37.567014
강서홈약국,126.855016,37.558408
더건강약국,126.838042,37.544529
이소약국,126.83681,37.547198
미즈약국,126.835451,37.552179
대성약국,126.836228,37.553257
발산에이스약국,126.838308,37.557673
세란온누리약국,126.835948,37.546227
준온누리약국,126.864441,37.557252
서울메디약국,126.837717,37.558137
가까운천사약국,126.837457,37.558138
강서보건약국,126.823821,37.567345
예약국,126.846354,37.561149
금강약국,126.812482,37.577502
종로약국,126.811895,37.57276
본초당약국,126.833357,37.547588
갤러리약국,126.853267,37.561611
온빛약국,126.829501,37.558974
구름약국,126.811058,37.563736
가양참푸른약국,126.851732,37.5633
셀메드 하나약국,126.851898,37.565031
꽃다함약국,126.848898,37.531919
건강온누리약국,126.844654,37.502893
온누리좋은약국,126.888326,37.494705
나은약국,126.889245,37.491986
햇살약국,126.889453,37.510494
새우리약국,126.855678,37.492079
기린약국,126.882234,37.497848
아침햇살약국,126.901152,37.483301
주차장바로약국,126.885569,37.493452
1번약국,126.884356,37.49042
대림우리약국,126.893595,37.490464
미문약국,126.885547,37.485525
세진약국,126.855671,37.491366
우리약국,126.84339,37.49244
다나약국,126.844871,37.496145
정성약국,126.861932,37.496909
하늘약국,126.90037,37.482155
플러스약국,126.887744,37.509421
옵티마건강약국,126.855296,37.497535
태양약국,126.842317,37.495626
녹십자약국,126.884301,37.490681
우산약국,126.88479,37.48867
황금당약국,126.899723,37.483542
고대제일약국,126.883555,37.491891
후문약국,126.88579,37.49349
태평양약국,126.856924,37.498194
즐거운약국,126.855719,37.49709
구로솔약국,126.867013,37.499694
구로미소약국,126.844128,37.493478
한사랑약국,126.877142,37.506176
수태평양약국,126.849997,37.502652
성인약국,126.856156,37.486536
새서울약국,126.890344,37.495583
팜프라자약국,126.89654,37.484895
세명약국,126.841629,37.491004
바른약국,126.877763,37.505058
남구로약국,126.886037,37.484567
제이약국,126.899259,37.484297
상산약국,126.863127,37.497456
태영약국,126.889819,37.505572
맑은수약국,126.855902,37.489848
초록약국,126.877113,37.492986
세계로온누리약국,126.885893,37.508546
참좋은약국,126.884113,37.499897
믿음약국,126.844771,37.502665
그린약국,126.895509,37.485716
참온누리약국,126.838223,37.486582
사랑약국,126.879782,37.503576
상아약국,126.860622,37.506341
보건당약국,126.890363,37.489872
굿모닝약국,126.855735,37.490723
코끼리약국,126.839695,37.480659
새녹십자약국,126.888918,37.500476
오류온누리약국,126.843221,37.496061
샘물약국,126.884813,37.488799
래미안나나약국,126.891899,37.487733
일등약국,126.883555,37.491891
제일약국,126.8502,37.50278
초지약국,126.88268,37.500024
독일약국,126.829068,37.497223
차기정약국,126.852101,37.486264
메디프라자약국,126.883648,37.49096
동성약국,126.889246,37.482031
세종당약국,126.853163,37.499533
재훈약국,126.898035,37.480172
오공오약국,126.884259,37.498207
W스토아청와약국,126.890935,37.480495
정제약국,126.855326,37.491759
온수약국,126.820791,37.492188
용해약국,126.887858,37.487064
동해물약국,126.884325,37.490834
장수약국,126.864132,37.502858
메디팜제일약국,126.830759,37.495013
흥부약국,126.848926,37.502324
한솔약국,126.844768,37.496723
온누리십자당약국,126.882899,37.493922
훼미리약국,126.849285,37.502799
온누리백제약국,126.857017,37.505322
바다보다 넓은약국,126.889416,37.495146
오류중앙약국,126.842837,37.495836
구로종로약국,126.842556,37.495811
연세열린약국,126.855951,37.487775
타워약국,126.895419,37.483678
하나약국,126.882533,37.494455
미래약국,126.883473,37.491556
늘사랑약국,126.852982,37.486038
건강샘온누리약국,126.887744,37.509421
비타민약국,126.884202,37.4888
체이스약국,126.887744,37.509421
튼튼온누리약국,126.898898,37.48217
온누리한라약국,126.874447,37.495766
늘푸른약국,126.893239,37.492566
아름솔약국,126.874586,37.500904
맑은약국,126.859724,37.494914
종로약국,126.84966,37.502567
온누리최정숙약국,126.862664,37.498101
온누리사랑의약국,126.883774,37.487734
현대파크빌약국,126.889934,37.500368
한마을약국,126.862502,37.495264
정광약국,126.858391,37.494221
동의당한약국,126.887966,37.487191
부부약국,126.843623,37.492171
한독프라자약국,126.891272,37.489765
열린약국,126.849822,37.502678
좋은약국,126.858801,37.495411
은성약국,126.88444,37.51129
은하약국,126.856268,37.491756
백두약국,126.842248,37.4913
온누리자혜약국,126.856245,37.491502
메디칼바른약국,126.886875,37.501477
생천온누리약국,126.883378,37.506448
유풍약국,126.865311,37.50148
스타약국,126.881091,37.503342
성심약국,126.843374,37.495418
구로시장약국,126.886222,37.490292
에이스약국,126.894517,37.484488
대학약국,126.883499,37.491983
태영프라자약국,126.883378,37.506448
참조은약국,126.867086,37.499763
대성약국,126.854325,37.486122
수정약국,126.855655,37.497544
한빛약국,126.840026,37.493921
수약국,126.85387,37.507346
진솔약국,126.844318,37.496586
대림약국,126.880591,37.505845
두산약국,126.892076,37.491838
새하늘약국,126.858496,37.492077
부강약국,126.862874,37.507331
우리네온누리약국,126.888092,37.484904
구로프라자온누리약국,126.856504,37.488344
은약국,126.900467,37.482735
한마음약국,126.891001,37.489509
구일중앙약국,126.872007,37.495058
시티프라자약국,126.841073,37.494425
신도약국,126.862583,37.503134
다드림약국,126.884516,37.49358
정수메디칼약국,126.888828,37.495841
드림약국,126.892678,37.491201
개성약국,126.841073,37.494425
모스팜약국,126.890319,37.506974
구로약국,126.88335,37.491746
큰사랑약국,126.890586,37.4901
서울센타약국,126.884047,37.492955
개봉지예당약국,126.847323,37.502045
메디팜동진약국,126.892303,37.491596
정문약국,126.883441,37.492149
더블유스토어푸른약국,126.891584,37.49001
신도림제일약국,126.89046,37.505465
한중약국,126.887332,37.482441
고척도레미약국,126.86164,37.497228
화인약국,126.889716,37.490269
평화한약국,126.855916,37.488911
테라센트럴약국,126.884113,37.499897
스마일약국,126.860728,37.506697
파랑새약국,126.888946,37.494628
구로정약국,126.886871,37.493676
봄약국,126.843747,37.495757
가람약국,126.859083,37.496275
아이사랑태평양약국,126.882482,37.502197
새문약국,126.884133,37.493084
구로조은약국,126.885532,37.493856
장약국,126.890554,37.503376
고래약국,126.897756,37.483069
팜어스약국,126.884738,37.490313
은혜온누리약국,126.859177,37.498531
준약국,126.824988,37.491419
참사랑한약국,126.892309,37.479244
고척햇살약국,126.85814,37.506332
행복한리약국,126.876829,37.505057
중앙약국,126.893059,37.49611
구로엔씨온누리약국,126.882839,37.501177
대우약국,126.83855,37.486031
인성약국,126.840578,37.491152
구로365약국,126.849545,37.502452
행복새약국,126.89224,37.486463
이웃사랑 힐스약국,126.884604,37.507156
조이약국,126.858561,37.505908
2층엔약국,126.857677,37.495599
구일역1번약국,126.872007,37.495058
하늘꿈약국,126.822981,37.479745
현대온누리약국,126.857029,37.49348
봄사랑약국,126.890826,37.489452
신도림365약국,126.887744,37.509421
올리브약국,126.883345,37.492347
모아약국,126.837491,37.487658
휴베이스봄약국,126.859389,37.500619
항동푸른약국,126.824353,37.480787
살맛나는온누리약국,126.823367,37.479832
365열린약국,126.858278,37.494106
구로참조은약국,126.886017,37.485787
푸른약국,126.848132,37.50041
금약국,126.848668,37.502204
라온약국,126.890319,37.506974
신도림좋은약국,126.892026,37.506234
신도림서진약국,126.891648,37.505696
해솔온누리약국,126.876402,37.491868
금손약국,126.892788,37.480782
구로메디칼약국,126.866943,37.499659
바른굿모닝약국,126.889453,37.510494
삼거리약국,126.86364,37.503431
고척시장약국,126.863565,37.504223
새튼튼약국,126.887744,37.509421
정약국,126.855729,37.490815
서울약국,126.884424,37.490185
다송약국,126.885175,37.507814
신도림역약국,126.891109,37.508738
G타워약국,126.895224,37.479903
고척스카이약국,126.863227,37.497056
삼층약국,126.902201,37.451617
남문프라자약국,126.898726,37.472606
무림약국,126.898573,37.469674
은약국,126.901369,37.453905
프라자약국,126.882507,37.47997
명보약국,126.903966,37.442304
정명약국,126.897453,37.469407
삼명약국,126.906063,37.455233
형제약국,126.908731,37.451266
천수온누리약국,126.892905,37.475606
세종약국,126.902508,37.464659
정진약국,126.903684,37.465343
수도약국,126.890314,37.472164
메디팜대안약국,126.897991,37.464828
이화약국,126.902747,37.472305
새남부약국,126.90565,37.479926
천세약국,126.899774,37.458163
온누리고성희약국,126.908823,37.448486
대우당약국,126.906147,37.450701
토마스온누리약국,126.898445,37.469368
백산온누리약국,126.914542,37.45034
정운약국,126.914542,37.45034
가디온누리약국,126.880701,37.48073
봄빛약국,126.880701,37.48073
코끼리약국,126.909445,37.450417
우리약국,126.900928,37.452701
튼튼온누리약국,126.897236,37.459972
가산소중한약국,126.88634,37.480976
마미약국,126.909445,37.450417
우리온누리약국,126.88894,37.478267
조은약국,126.897697,37.471173
라임약국,126.886797,37.480418
다원약국,126.900924,37.473858
가람약국,126.886852,37.466815
한중약국,126.905274,37.459501
봄약국,126.887113,37.466213
시흥한양약국,126.903932,37.441309
행복한우리약국,126.909665,37.45086
명약국,126.897928,37.475966
한울약국,126.904869,37.459181
미래팜약국,126.903429,37.472624
중앙메디칼약국,126.881536,37.481982
온누리건강약국,126.900949,37.454604
리더스약국,126.884176,37.480368
하늘약국,126.909445,37.450417
비즈메드약국,126.901719,37.453055
은행나무약국,126.908376,37.451629
에벤에셀온누리약국,126.909445,37.450417
성가약국,126.905581,37.477847
한사랑약국,126.896165,37.45573
광장온누리약국,126.910269,37.450399
예닮약국,126.897619,37.469778
새연세약국,126.905491,37.455167
현약국,126.881616,37.478731
늘사랑온누리약국,126.918769,37.44827
이든약국,126.877048,37.479747
비타민약국,126.908824,37.462382
참약국,126.905204,37.479824
현대약국,126.895602,37.469008
그린약국,126.902592,37.47385
기분좋은약국,126.897252,37.472687
레아약국,126.882335,37.477011
정약국,126.897042,37.469929
전진상약국,126.910752,37.452607
성문약국,126.886866,37.457844
정암산약국,126.902304,37.45108
유아약국,126.898522,37.46458
동아온누리약국,126.897302,37.466712
별장약국,126.908202,37.449162
시흥프라자약국,126.904767,37.459489
윤경약국,126.909157,37.480514
녹수프라자약국,126.901765,37.465751
대명약국,126.883917,37.481387
녹십자약국,126.904054,37.442961
소망약국,126.902652,37.469238
고원약국,126.894818,37.476884
건강한약국,126.904482,37.479659
장수약국,126.902859,37.447638
한마음약국,126.909445,37.450417
명신약국,126.911179,37.451766
굿모닝약국,126.904114,37.479575
대한약국,126.909018,37.451132
부자약국,126.893104,37.466721
시민약국,126.904726,37.459701
벽산프라자약국,126.914542,37.45034
우진약국,126.897003,37.46349
정원약국,126.897573,37.470411
박애약국,126.898182,37.475735
삼화약국,126.904012,37.450089
신보생약국,126.900965,37.475072
명문당약국,126.90042,37.453758
새보은약국,126.905145,37.459649
경일약국,126.900292,37.458123
문성당약국,126.904544,37.465892
명수약국,126.899399,37.472865
바른약국,126.89337,37.475783
황약국,126.902473,37.450914
1층메디컬약국,126.901719,37.453055
남대문약국,126.905947,37.460376
여름약국,126.897453,37.469407
다해약국,126.907969,37.451561
금천중앙약국,126.895886,37.456016
가까운약국,126.904869,37.459181
365그랜드약국,126.90171,37.455883
다보약국,126.904281,37.441875
가산행운약국,126.88983,37.474562
맑은샘약국,126.878485,37.483572
친친약국,126.881341,37.47889
"안녕,약국",126.901379,37.451002
풍경약국,126.898791,37.471588
사랑약국,126.901695,37.45071
도토리약국,126.918902,37.451572
바다약국,126.901239,37.454421
벽산온누리약국,126.918902,37.451572
시온약국,126.897227,37.469885
스마일약국,126.8851,37.480706
세명당약국,126.901283,37.453703
독산메디칼약국,126.90234,37.465749
조아약국,126.897236,37.459972
휴베이스정성약국,126.901624,37.467602
금천종로약국,126.901638,37.454642
하나약국,126.879395,37.480966
인정온누리약국,126.888031,37.456521
우리스마일약국,126.914337,37.449867
참약사 드림약국,126.878251,37.480022
금천제일큰약국,126.896705,37.470441
영광약국,126.89757,37.475842
큰사랑온누리약국,126.908376,37.451629
다나을약국,126.889794,37.476703
하이서울약국,126.881709,37.478145
서울메가팩토리약국,126.896898,37.468685
대인당온누리약국,126.900089,37.455011
하얀약국,126.894155,37.4783
셀메드금천이화약국,126.905147,37.460092
독산중앙약국,126.903435,37.479391
아이사랑약국,126.901719,37.453055
동백약국,126.903332,37.454071
가산약국,126.893177,37.476142
신나래약국,126.904745,37.459602
진한약국,126.883387,37.481947
신양온누리약국,126.903358,37.453657
은혜약국,126.900695,37.455437
대제일약국,126.902389,37.472283
우리캐슬약국,126.897236,37.459972
보라매 센터약국,126.919348,37.500146
알뜰온누리약국,126.894988,37.536219
당산일등약국,126.901284,37.534518
하온약국,126.920337,37.528932
약산약국,126.914375,37.511322
맑은약국,126.895924,37.518227
송앤김약국,126.902138,37.50686
래미안온누리약국,126.903065,37.531956
신풍도약국,126.907618,37.5104
새희망약국,126.89765,37.520843
한우리약국,126.924472,37.522522
보건약국,126.933086,37.523213
청운약국,126.905067,37.48785
아람약국,126.916329,37.497176
부용약국,126.904057,37.489336
선화온누리약국,126.917026,37.510455
대명약국,126.906921,37.514228
정제약국,126.898077,37.510259
해정약국,126.898675,37.493712
녹십자약국,126.899465,37.494909
100세약국,126.90378,37.533233
수정프라자약국,126.894152,37.538499
현대약국,126.899424,37.494099
제일약국,126.910253,37.504985
여의도성모약국,126.937106,37.520693
기림약국,126.901058,37.499924
수약국,126.90247,37.50693
소망약국,126.905428,37.513545
오약국,126.897836,37.529195
예지약국,126.901891,37.507163
영등포제일약국,126.904611,37.520943
스마트약국,126.88915,37.517661
산들약국,126.901968,37.519721
명성약국,126.898832,37.493566
새성심약국,126.89621,37.536936
대교약국,126.931456,37.519379
해경아는약국,126.9302,37.521456
이화약국,126.909109,37.495282
대림대학약국,126.908476,37.492415
백상약국,126.926549,37.521776
굿모닝약국,126.930861,37.519199
수인옵티마약국,126.884835,37.522806
고은약국,126.904339,37.530532
온누리유진약국,126.917595,37.513871
임약국,126.894932,37.512855
서진약국,126.896352,37.502309
그린봄약국,126.896796,37.49285
별약국,126.929463,37.520257
당산늘여는약국,126.8983,37.530859
참약사제이메디컬약국,126.905551,37.519079
매일여는약국,126.90609,37.517614
우리희망약국,126.910395,37.505216
도닥약국,126.910247,37.506581
영등포신세계약국,126.906504,37.517637
씨티약국,126.930732,37.518927
당산사랑3층약국,126.896524,37.526804
영등포제일큰약국,126.904834,37.523776
씨엠피나래약국,126.902421,37.496142
파인루체온누리약국,126.930449,37.520605
은하약국,126.920646,37.52862
소화약국,126.910057,37.522863
금강온누리약국,126.906498,37.517164
지현약국,126.922312,37.51366
영등포21세기온누리약국,126.898432,37.527853
종대약국,126.900337,37.508621
다나약국,126.905375,37.50535
수범약국,126.905659,37.516333
경명약국,126.885217,37.524344
우리약국,126.901909,37.50639
천우약국,126.907272,37.519709
늘사랑약국,126.905274,37.52152
기린약국,126.888679,37.518317
미성온누리약국,126.90239,37.511534
비타민약국,126.90706,37.494406
여의도온누리약국,126.926348,37.522329
365마트약국,126.904666,37.527807
우정약국,126.905991,37.516537
에이원약국,126.896842,37.52836
이화온누리약국,126.902177,37.507304
당산봄약국,126.904096,37.533097
샘약국,126.904142,37.493488
여의도봄약국,126.926374,37.520242
태이린한약국,126.905613,37.523383
신길봄약국,126.919272,37.514445
다모약국,126.92601,37.523233
올리브약국,126.929282,37.520806
허브약국,126.893918,37.537348
2층정약국,126.931456,37.519379
365중앙약국,126.897897,37.491005
해듬약국,126.931154,37.520818
수산약국,126.899703,37.498705
대흥약국,126.909496,37.506811
한강약국,126.910057,37.522863
이레약국,126.901321,37.490896
신풍역4번출구약국,126.908438,37.500347
성운약국,126.925018,37.522679
대운약국,126.897209,37.527254
지성약국,126.900051,37.535246
민들레약국,126.909231,37.512387
2층 초록약국,126.906504,37.517637
동의보감 한약국,126.920729,37.502159
스마일6층약국,126.90107,37.531862
트윈타워온누리약국,126.92923,37.527885
성모엔젤약국,126.938626,37.51941
뉴타운온누리약국,126.911483,37.505526
대림제일큰약국,126.898213,37.490072
라라약국,126.925069,37.521454
핏타민약국,126.928296,37.52605
건강한오늘약국,126.890864,37.51836
희망약국,126.918559,37.527391
해빛약국,126.931958,37.518873
스마일약국,126.894979,37.520008
써니약국,126.898845,37.534874
하나로약국,126.904413,37.519674
태령약국,126.910876,37.50637
여의도대학약국,126.937106,37.520693
여의도미소약국,126.926549,37.521776
서울대림약국,126.907585,37.491018
다나스약국,126.915848,37.497192
새봄약국,126.905283,37.522036
건강드림약국,126.905347,37.522447
친절한성심정문약국,126.908467,37.492062
휴베이스미소약국,126.886107,37.526161
윤중약국,126.925069,37.521454
서울성모약국,126.898998,37.494589
메디컬수약국,126.89166,37.522295
별담은약국,126.906753,37.524394
성심제일약국,126.907585,37.491018
대성모약국,126.907214,37.490454
산호약국,126.905593,37.489008
나무약국,126.899424,37.494099
뉴성모제일약국,126.926687,37.513822
가까운약국,126.896467,37.517427
오늘약국,126.905912,37.48898
21세기약국,126.921167,37.502932
건강약국,126.898438,37.529134
구민약국,126.897224,37.527326
화일온누리약국,126.91841,37.512189
동보약국,126.905955,37.518341
온누리평안약국,126.892103,37.540115
밝은약국,126.904582,37.521827
대림미소약국,126.896908,37.493226
조아약국,126.903234,37.518492
봄약국,126.902012,37.519271
장원옵티마약국,126.910604,37.505407
참약국,126.905761,37.513966
장수천약국,126.910207,37.522691
휴베이스수강약국,126.898894,37.488758
안강온누리약국,126.898914,37.488943
소나무약국,126.911097,37.505513
클래시안약국,126.911933,37.50413
수성약국,126.899489,37.535341
다온약국,126.924527,37.529753
벚꽃약국,126.925298,37.524979
씨유약국,126.926968,37.521941
파크원온누리약국,126.928296,37.52605
포레나약국,126.905613,37.523383
아름약국,126.924375,37.512605
손약국,126.899811,37.492445
영등포 길약국,126.901968,37.519721
엄마약국,126.897321,37.495023
범일약국,126.905164,37.520961
봄빛온누리약국,126.919921,37.529356
헤르바당산역약국,126.902195,37.534025
왕온누리약국,126.905559,37.522062
맑은수약국,126.913434,37.497194
우리조운약국,126.903654,37.496986
팜프라자약국,126.925624,37.521831
무지개약국,126.889922,37.520652
유온약국,126.916382,37.525362
이화메디약국,126.896951,37.525401
당산스타약국,126.903944,37.533168
365열린약국,126.905036,37.526749
나은약국,126.906339,37.518305
바른약국,126.891646,37.526049
한시까지약국,126.909106,37.518856
보라매미소약국,126.916631,37.500285
포도나무약국,126.890132,37.520229
해그린약국,126.930732,37.518927
삼남매약국,126.934324,37.521089
성모메디컬약국,126.904437,37.520475
노아약국,126.918162,37.526578
정문약국,126.933872,37.518411
한마음약국,126.9241,37.522899
참사랑약국,126.90479,37.510121
신풍시장약국,126.904673,37.505205
조은약국,126.896336,37.520652
메디칼푸른약국,126.904365,37.532938
신길약국,126.91695,37.5125
천지당약국,126.907491,37.490845
새보람약국,126.89583,37.526825
이도온누리약국,126.895252,37.526841
정명약국,126.923972,37.520482
은혜약국,126.926916,37.520782
다영약국,126.917585,37.511076
보현약국,126.913563,37.500908
정민약국,126.885238,37.519128
해빛온누리약국,126.901968,37.519721
영등포시장약국,126.905336,37.521773
한사랑약국,126.910743,37.508469
새울림약국,126.921287,37.51331
여의도플러스약국,126.924913,37.529253
맨하탄길약국,126.926916,37.520782
서울대학약국,126.910354,37.52297
민약국,126.909589,37.506148
우리안약국,126.901877,37.520024
팜약국,126.926878,37.524597
웃는내일약국,126.889668,37.519632
수온누리약국,126.889042,37.519646
햇살온누리약국,126.901209,37.533809
수정약국,126.903392,37.518769
피플팜문래약국,126.896467,37.517427
애지약국,126.920356,37.512165
삼정약국,126.930641,37.52143
김약국,126.904297,37.49559
성우약국,126.920256,37.52219
미소약국,126.89134,37.519923
대림타워약국,126.90125,37.501543
행복한약국,126.898947,37.514755
더블유스토어 아름다운약국,126.906654,37.516967
세성심약국,126.908669,37.492387
종로온누리약국,126.908176,37.493026
신세명약국,126.903873,37.497135
한중약국,126.898102,37.493334
신세계약국,126.908467,37.492062
행복한수약국,126.906814,37.516887
다인약국,126.890132,37.520229
사랑약국,126.92291,37.511578
행복약국,126.893468,37.537797
마음약국,126.888962,37.519269
아이비약국,126.925069,37.521454
당산열린약국,126.902914,37.533661
당산수약국,126.900459,37.534327
바른메디컬약국,126.920019,37.500308
햇님온누리약국,126.923972,37.520482
행운약국,126.900646,37.494962
대화약국,126.926916,37.520782
새서울약국,126.923003,37.511792
쉐르빌약국,126.903065,37.531956
신우리약국,126.925069,37.521454
미소로약국,126.904213,37.52856
경도약국,126.931456,37.519379
아이비하늘약국,126.931744,37.520195
신대흥약국,126.899133,37.521099
유명약국,126.916802,37.511787
도림우리들약국,126.896582,37.508612
나눔약국,126.921989,37.511778
유림약국,126.89645,37.53641
한마음국회약국,126.915381,37.531059
대원약국,126.896467,37.517427
선유도온누리약국,126.893249,37.537912
신새별약국,126.889479,37.516704
미래약국,126.93004,37.519633
반석온누리약국,126.885241,37.523351
정성온누리약국,126.908737,37.495801
후생약국,126.931154,37.520818
선경약국,126.92488,37.524254
드림약국,126.903341,37.517075
중앙메디칼약국,126.920891,37.503941
문래건강한약국,126.894641,37.521298
신길프라자약국,126.905454,37.50821
대건약국,126.896058,37.536449
영인약국,126.902257,37.496047
경희행복 한약국,126.896118,37.521509
중앙온누리약국,126.934324,37.521089
일등약국,126.89897,37.493522
동신당약국,126.898251,37.523594
당산삼성약국,126.90107,37.531862
늘푸른이화약국,126.903428,37.518917
로얄약국,126.900543,37.529066
보라매약국,126.91884,37.500154
세종로약국,126.921886,37.504693
신풍약국,126.908682,37.495902
디오빌약국,126.902268,37.533234
보은당약국,126.897836,37.529195
우리팜약국,126.903503,37.519551
화랑온누리약국,126.908627,37.496477
온누리대광약국,126.897188,37.492645
공원온누리약국,126.911772,37.514121
옥광약국,126.896257,37.502526
타워약국,126.938626,37.51941
건강한세상대한약국,126.933559,37.518723
우방약국,126.906747,37.488855
건강과행복이열리는중앙메디칼약국,126.961462,37.507889
새천년약국,126.928262,37.500003
사당소화약국,126.981124,37.477155
우리들온누리약국,126.969894,37.484929
하나약국,126.921734,37.497834
골드약국,126.981521,37.484761
중앙프라자약국,126.938746,37.504378
밝은미소약국,126.97237,37.484634
오아시스약국,126.949329,37.505402
신대방수연약국,126.912624,37.487857
행복이열리는건강약국,126.949909,37.500986
해뜨는약국,126.949472,37.504593
고은온누리약국,126.922384,37.504262
메디칼수정약국,126.927901,37.499465
상도프라자약국,126.95283,37.49676
보생당약국,126.961341,37.50613
건강온누리약국,126.941098,37.504954
조은약국,126.981334,37.480348
사당프라자약국,126.973244,37.483294
새중앙약국,126.948174,37.51273
감나무한약국,126.978383,37.485206
한빛평화약국,126.908428,37.49075
사랑약국,126.981115,37.485416
보라매대학약국,126.923632,37.492589
상도시장약국,126.937107,37.501373
푸른약국,126.930809,37.500131
아카데미약국,126.924105,37.491332
대광약국,126.950825,37.500276
해태보라매약국,126.924797,37.491249
금영약국,126.93943,37.504402
이화약국,126.950668,37.504929
대우당약국,126.931764,37.499958
전원약국,126.974985,37.482864
강약국,126.962312,37.507338
성대약국,126.932605,37.499986
고은약국,126.970453,37.489177
정성약국,126.924712,37.507295
약수태평양약국,126.943409,37.499314
성약국,126.938699,37.505092
은성약국,126.936456,37.512904
다솜약국,126.929685,37.499465
옵티마다정약국,126.978133,37.488463
대영약국,126.949774,37.507168
팜팜약국,126.924712,37.507295
광주약국,126.981934,37.487963
유약국,126.950736,37.499071
복지약국,126.969615,37.485095
소화약국,126.921045,37.498427
화천약국,126.981608,37.486535
세브란스약국,126.980358,37.485397
중문약국,126.961564,37.50773
예쁜약국,126.962827,37.507594
참사랑약국,126.906847,37.487522
꿀약국,126.943604,37.497883
해태사랑약국,126.924797,37.491249
숭실길약국,126.956718,37.495143
보라매서울약국,126.924259,37.492003
오약국,126.978133,37.488463
라파약국,126.952414,37.497242
바른약국,126.936147,37.503437
행복약국,126.931743,37.511414
신정약국,126.970453,37.489177
수온누리약국,126.981601,37.48237
햇살온누리약국,126.952666,37.497853
바름약국,126.960581,37.507751
설약국,126.939739,37.513297
이도약국,126.944461,37.513299
윤경약국,126.927921,37.499986
정성을다하는약국,126.937458,37.501176
세계로약국,126.941514,37.504973
제일약국,126.922545,37.504214
옵티마상도약국,126.953288,37.497761
파랑새약국,126.929534,37.499906
신세계약국,126.980479,37.485125
중앙명성약국,126.961546,37.507816
조이온누리약국,126.981858,37.487458
천사약국,126.960916,37.507971
금성약국,126.971711,37.480753
안일약국,126.934726,37.497678
제중당건강약국,126.981521,37.484761
인화약국,126.945132,37.510929
해가든약국,126.962188,37.506666
대림온누리약국,126.908215,37.490633
대방약국,126.930775,37.512695
맑은샘약국,126.94015,37.507355
은하온누리약국,126.962445,37.488697
아담약국,126.966203,37.506969
햇살담은약국,126.980692,37.485368
별약국,126.932136,37.500453
열린약국,126.923632,37.492589
신세명약국,126.962493,37.50789
바다의별약국,126.937907,37.504019
우리온누리약국,126.965442,37.503211
더블유약국,126.948546,37.503331
신중앙약국,126.960794,37.507813
지성약국,126.943421,37.498216
시장약국,126.980896,37.488253
보라매조은약국,126.923632,37.492589
건강약국,126.946513,37.505387
팜프라자약국,126.977084,37.476888
보라매온누리약국,126.927695,37.497704
메디컬수약국,126.962188,37.506666
금강약국,126.952235,37.512213
우성당약국,126.911607,37.492267
태평양약국,126.9732,37.483757
다은약국,126.9404,37.508209
현대약국,126.941535,37.504449
예하약국,126.932689,37.499479
보건약국,126.941352,37.504647
늘사랑약국,126.930692,37.500029
새종로약국,126.932317,37.500268
찬솔약국,126.944615,37.511208
새보라매약국,126.925161,37.492351
노량진종로약국,126.952411,37.512406
소망메디컬약국,126.961851,37.507612
사계약국,126.979964,37.488243
정한약국,126.930775,37.512695
이수자이온누리약국,126.980465,37.484432
튼튼약국,126.97237,37.484634
꿈꾸는약국,126.94057,37.512635
새날약국,126.953034,37.496511
민들레약국,126.928501,37.499098
2층은약국,126.963931,37.509722
씨에이(CA)정문약국,126.961344,37.508045
송약국,126.945726,37.504728
동광약국,126.981935,37.488313
상아온누리약국,126.943967,37.497654
계령약국,126.933012,37.499161
진원약국,126.936096,37.510341
중앙약국,126.943677,37.498779
효성약국,126.938827,37.504965
명수대약국,126.961522,37.506904
온누리송학대약국,126.939848,37.508277
평화약국,126.977497,37.476927
온누리세종약국,126.978045,37.477701
유성약국,126.9351,37.512509
용강약국,126.954447,37.511673
세메론약국,126.930045,37.509725
신안약국,126.939954,37.510091
대남약국,126.936913,37.502138
윤당약국,126.907001,37.489043
상산약국,126.959479,37.504351
은미약국,126.973069,37.482595
대일약국,126.980641,37.487699
제당약국,126.931746,37.495847
동의당약국,126.913662,37.494331
이수사랑약국,126.980465,37.484432
새싹약국,126.941566,37.501165
메디홈약국,126.938394,37.504309
대학약국,126.96137,37.507998
우리약국,126.943187,37.513934
라임약국,126.920662,37.499677
서보약국,126.961341,37.50613
새미약국,126.981291,37.478744
유림온누리약국,126.97237,37.484634
소망약국,126.906847,37.487522
교약국,126.957431,37.49353
친절한약국,126.9725,37.483717
유정온누리약국,126.920799,37.497518
단골약국,126.927141,37.49496
수산약국,126.937788,37.514742
성모약국,126.946244,37.505088
엄마손약국,126.978133,37.488463
파란약국,126.977357,37.476891
우정약국,126.961355,37.506243
상도온누리약국,126.949591,37.50135
엔비약국,126.942733,37.51344
희경약국,126.931371,37.500397
부산약국,126.934317,37.497927
현명약국,126.937356,37.504586
오리약국,126.946425,37.505243
새사랑약국,126.962188,37.506666
메디칼신대방약국,126.929219,37.499904
샬롬온누리약국,126.931255,37.499426
좋은약국,126.981351,37.478493
미소약국,126.930352,37.499142
오렌지약국,126.948845,37.50349
미감한약국,126.968108,37.486824
세화약국,126.926853,37.499562
신대방우리약국,126.907862,37.489933
스마일약국,126.940162,37.507427
정다운메디칼우리약국,126.96065,37.507793
사당건강약국,126.976366,37.476428
이수김약국,126.980687,37.488175
마을약국,126.973987,37.482922
보라메트로약국,126.92386,37.492053
성대천사약국,126.930942,37.499686
샘보건약국,126.942128,37.505751
두더지약국,126.927151,37.499557
다나은 약국,126.97237,37.484634
솔약국,126.930257,37.49946
늘봄약국,126.951546,37.499108
노량진4번출구약국,126.940561,37.513332
숭실대 정문약국,126.954894,37.495245
진온누리약국,126.938852,37.513138
참조은약국,126.927761,37.49868
노량진역약국,126.940904,37.513585
마트약국,126.981521,37.484761
진약국,126.982279,37.488072
보라매3층약국,126.924105,37.491332
바다약국,126.932614,37.484921
구로엠약국,126.901563,37.482419
신지약국,126.937594,37.470502
드림삼성약국,126.948156,37.49165
팜프라자약국,126.933759,37.472538
신대명약국,126.954952,37.48461
관악희망약국,126.957145,37.486211
하나로온누리약국,126.939435,37.486019
365열린약국,126.930101,37.484542
세종약국,126.919608,37.47131
비타약국,126.933401,37.47091
유쾌한약국,126.917444,37.473821
관악소망약국,126.954037,37.48049
새유명온누리약국,126.929215,37.490269
한국생약국,126.944373,37.479638
삼성약국,126.927991,37.481266
녹원약국,126.932147,37.478037
세란약국,126.91735,37.485034
양생약국,126.956912,37.478127
인수당약국,126.968057,37.470553
서울약국,126.919665,37.472285
신미소약국,126.90229,37.483244
평화약국,126.948355,37.481414
우경약국,126.931753,37.464719
휴베이스다정약국,126.964873,37.476265
로뎀약국,126.91364,37.485089
남강약국,126.919268,37.465132
가까운약국,126.947357,37.486154
아름다운약국,126.914524,37.480738
임약국,126.930385,37.482603
신성심약국,126.953958,37.483373
밝은미래약국,126.934327,37.471097
한일약국,126.92781,37.490516
서울온누리약국,126.918152,37.473907
건강온누리약국,126.940898,37.483047
스카이6층약국,126.952207,37.481026
종로늘푸른약국,126.934089,37.471178
메디컬우리약국,126.931443,37.478843
교보약국,126.953394,37.48135
호호약국,126.927704,37.484258
광장약국,126.958473,37.492266
경성약국,126.918726,37.485347
성보약국,126.943269,37.481702
동원약국,126.929467,37.486496
낙성대약국,126.96412,37.476572
신화약국,126.952032,37.479014
엘림온누리약국,126.914734,37.482198
새봄약국,126.916396,37.48496
늘푸른온누리약국,126.963294,37.477566
두산약국,126.942895,37.484527
태연약국,126.914348,37.481237
경희미소원한약국,126.915065,37.479869
새난곡약국,126.918538,37.473741
성수온누리약국,126.947157,37.48714
튼튼약국,126.928079,37.480802
경희한방약국,126.963855,37.474461
다나한약국,126.945963,37.480966
옵티마건강약국,126.939165,37.486408
이화온누리약국,126.919357,37.460227
성락약국,126.946057,37.479131
관악이화약국,126.932486,37.48774
편한M약국,126.930385,37.482603
순환약국,126.936159,37.468526
다나온누리약국,126.956598,37.485601
신림당약국,126.928317,37.48173
마더스약국,126.917241,37.474512
예주약국,126.918309,37.485344
수약국,126.961649,37.477513
기분좋은약국,126.947486,37.486705
동보당약국,126.956374,37.485395
중앙약국,126.913329,37.486722
반석온누리약국,126.95323,37.482716
세영약국,126.914921,37.482211
태창온누리약국,126.950477,37.478725
온누리대산약국,126.902024,37.482914
온누리수경약국,126.918688,37.463061
광주약국,126.958293,37.487923
우림시장약국,126.920732,37.470536
푸르지오약국,126.959909,37.487596
하늘약국,126.943127,37.481399
태평양약국,126.927369,37.484233
봉천당약국,126.955613,37.479608
우일약국,126.920491,37.469904
일광약국,126.917561,37.486868
대림약국,126.958765,37.476528
엘림약국,126.929992,37.483185
봉천프라자약국,126.942778,37.481977
으뜸약국,126.929277,37.484556
허브약국,126.914212,37.482086
대동약국,126.952623,37.481745
신림4번출구약국,126.928921,37.483927
믿음약국,126.956967,37.478684
라온온누리약국,126.929962,37.485148
새싹 온누리약국,126.933728,37.474226
스타약국,126.964182,37.476346
기경한약국,126.913163,37.48665
그린약국,126.943257,37.481934
원약국,126.942234,37.486416
참바른약국,126.928918,37.482239
인헌연세약국,126.966791,37.475137
휴베이스대학약국,126.928699,37.484536
나나약국,126.925099,37.491168
4층 다나 약국,126.95323,37.482716
성심약국,126.927105,37.490028
5층엔약국,126.929967,37.485515
봉천온누리약국,126.953892,37.481462
일등약국,126.95264,37.478935
메딕약국,126.951119,37.480922
혜인약국,126.954206,37.483942
봉천미래약국,126.94276,37.482592
사랑약국,126.98041,37.47615
오렌지약국,126.953141,37.480267
밝은세상약국,126.929247,37.487108
모두온누리약국,126.957515,37.479773
서울샤인약국,126.912021,37.481636
도남희약국,126.918538,37.463358
주평화약국,126.966441,37.473844
서울센터약국,126.952142,37.480076
인헌온누리약국,126.966931,37.473987
동인약국,126.966625,37.472115
한소망약국,126.936906,37.475051
서강약국,126.928289,37.479528
더푸른약국,126.95323,37.482716
참조은약국,126.951578,37.481127
사당미소약국,126.98139,37.4745
이루는약국,126.956344,37.484953
난곡비타민약국,126.916606,37.474962
한울약국,126.920175,37.460491
유명약국,126.919165,37.473051
예원약국,126.948574,37.478903
난곡프라자약국,126.917367,37.473917
청춘약국,126.933339,37.484432
명성프라자약국,126.95556,37.485339
은성온누리약국,126.937526,37.476131
1번약국,126.9535,37.480717
새종로약국,126.915707,37.477573
새태평양온누리약국,126.965449,37.475434
라임약국,126.917547,37.473731
관악우리약국,126.931777,37.48423
웃음가득약국,126.90282,37.480092
다정약국,126.915493,37.482564
종로수약국,126.927986,37.489909
아림약국,126.936872,37.470419
조양약국,126.914656,37.48698
강원약국,126.937577,37.469135
온누리새전일약국,126.919702,37.474481
우리들약국,126.919309,37.472852
리드팜힘찬약국,126.947505,37.487063
우성혜민약국,126.959528,37.484978
희망약국,126.942417,37.479815
태림약국,126.940147,37.482372
애프터팜 윤약국,126.952929,37.480642
우리온누리약국,126.931739,37.464976
휴베이스 동아약국,126.961233,37.476946
성신약국,126.942031,37.482112
삼성웰약국,126.963542,37.476777
명진팜약국,126.97806,37.476345
백두산약국,126.939609,37.486358
새로이약국,126.918939,37.472538
스마일약국,126.953822,37.483631
육당약국,126.91888,37.473994
구로행복약국,126.904619,37.483222
해솔약국,126.94276,37.482592
뿌리약국,126.91884,37.474327
맑음약국,126.932333,37.484845
설약국,126.950842,37.481793
양지바른약국,126.933652,37.484487
해피약국,126.965657,37.475943
신원약국,126.925677,37.483472
비타민약국,126.964149,37.477108
글로리약국,126.98139,37.4745
신림역약국,126.928932,37.48433
관악약국,126.953758,37.483138
신대방365약국,126.914437,37.487478
4층드림약국,126.929967,37.485515
라라약국,126.930482,37.484732
열린약국,126.947252,37.486436
하나약국,126.944167,37.479331
관악제일약국,126.948463,37.486545
광장온누리약국,126.93738,37.470535
문박사약국,126.946947,37.485074
동방약국,126.966163,37.473851
왕약국,126.938701,37.4694
봄내약국,126.92764,37.485889
맑은솔약국,126.915507,37.47792
중앙온누리약국,126.903288,37.484263
상상약국,126.953152,37.480813
신림365약국,126.929435,37.483353
신사온누리약국,126.921614,37.483419
다온약국,126.954157,37.48264
신림제일약국,126.931501,37.484216
메디팜우리약국,126.96137,37.478222
메가라운지약국,126.949354,37.48194
참약사본약국,126.961871,37.477996
구약국,126.95541,37.47854
미소온누리약국,126.914529,37.480366
밝은미소약국,126.947357,37.486154
매일약국,126.966923,37.473701
행복약국,126.959528,37.484978
상쾌한약국,126.930087,37.484769
사당365약국,126.981174,37.475957
필약국,126.929086,37.484386
원당프라자약국,126.965727,37.475342
사당솔약국,126.97694,37.476321
소망약국,126.966003,37.475847
행복이가득한약국,126.911088,37.481509
조은약국,126.948156,37.49165
마음약국,126.977709,37.476064
태양당약국,126.939569,37.486656
아이봄약국,126.977224,37.476313
관악그랜드약국,126.933408,37.471619
양지약국,126.953535,37.481457
인제약국,126.932411,37.470469
제정약국,126.928192,37.488274
참사랑약국,126.933933,37.471011
참약사 장수약국,126.977784,37.476394
영광메디컬약국,126.93387,37.472928
굿모닝약국,126.932048,37.479156
한길약국,126.943403,37.482471
메디칼약국,126.948348,37.489022
가은약국,126.953724,37.481615
서울대약국,126.957162,37.453359
대성약국,126.958935,37.488226
새시민약국,126.919041,37.47341
옵티마세원약국,126.943842,37.479364
21세기약국,126.929134,37.486185
형제약국,126.925677,37.483472
종로프라자약국,126.905632,37.481363
참성심약국,126.956533,37.479525
영암약국,126.932475,37.470968
푸른약국,126.913655,37.485379
팜메이트난곡종합약국,126.918581,37.472969
바른약국,126.940379,37.482647
효심당약국,126.956991,37.479344
프라자약국,126.942895,37.484527
온누리드림약국,126.948097,37.489791
신신메디칼약국,126.943076,37.479763
새푸른약국,126.950012,37.478735
복약국,126.921072,37.483337
우리약국,126.928366,37.489568
뮤즈약국,127.020595,37.511583
반포약국,126.986914,37.499369
온새미약국,126.990336,37.492223
남부장수약국,127.045447,37.471681
구슬약국,127.013723,37.491865
스타약국,127.02546,37.501348
자이안약국,127.013939,37.506679
8층약국,127.01349,37.493092
반원온누리약국,127.003707,37.508153
고속터미널약국,127.007062,37.505519
잠원스타약국,127.010829,37.512881
숲약국,127.010782,37.515969
하이팜약국,127.029102,37.492134
호두온누리약국,127.018234,37.482504
스타온누리약국,127.009177,37.491986
해피약국,127.028341,37.495322
에이원약국,127.025585,37.499733
강남엘약국,127.026222,37.498585
리즈약국,127.011622,37.486945
메디팜숲약국,127.038836,37.479744
리더스약국,127.029004,37.493933
서초민트약국,127.027168,37.491837
신반포온누리약국,127.000852,37.50434
서초사랑약국,127.027168,37.491837
수플러스약국,127.027168,37.491837
메디주약국,127.025688,37.50087
서초제일약국,126.995591,37.483943
미소약국,127.028452,37.487387
강남호랑이한약국,127.027815,37.494975
행복나눔약국,127.009841,37.507127
동우약국,127.037971,37.484375
모아약국,127.024193,37.466121
우면메디칼약국,127.025024,37.464048
양재로하스약국,127.040023,37.469132
더블유스토어하이약국,127.014088,37.488453
미래약국,127.017443,37.499949
방배세명약국,126.982666,37.486748
뿌리약국,126.992257,37.489282
강남메디칼약국,126.993074,37.489292
메디컬제일약국,126.989838,37.493182
위드팜수약국,127.006602,37.504018
양재뿌리약국,127.033384,37.484779
고연뿌리약국,127.004875,37.50485
위드팜서초역약국,127.007957,37.49257
무지개약국,127.059914,37.456701
하나로약국,127.043867,37.462799
서초늘봄약국,127.005764,37.490322
진흥온누리약국,127.022614,37.497346
루미약국,127.023568,37.50322
원약국,127.016204,37.485573
사랑손약국,127.005764,37.490322
태평양약국,127.015326,37.457133
강남하이약국,127.027807,37.49644
신사행복나눔약국,127.019183,37.515763
약사랑약국,127.034281,37.48349
라임온누리약국,127.011345,37.502108
스마트온누리약국,127.028233,37.494251
퍼스트케어약국,127.027642,37.496785
나무약국,127.004459,37.486608
샘약국,127.014145,37.488067
늘편한약국,127.026186,37.497215
파스텔약국,127.009725,37.510007
서경약국,126.996443,37.48271
곰돌이스타약국,126.990682,37.493406
라라온누리약국,127.023381,37.505762
법원약국,127.011324,37.49272
웃음짓는약국,126.997419,37.481105
가까운 약국,126.982806,37.489099
신나리약국,127.021697,37.501486
이수참약국,126.982758,37.485099
라벤더약국,127.025067,37.50242
조은약국,127.040944,37.469147
강남백년가약국,127.030674,37.489624
오약국,126.998592,37.499116
하이온누리약국,127.007191,37.507263
최고약국,127.019615,37.495775
셀메드수약국,126.993986,37.482415
오늘약국,127.017909,37.513493
스카이약국,126.991149,37.491116
다정약국,127.021899,37.509036
양재사랑약국,127.036658,37.484476
오렌지약국,127.029961,37.484734
이안약국,127.035708,37.484466
청계봄약국,127.053569,37.454345
참미소약국,127.016462,37.494814
은혜약국,127.019183,37.515763
레몬약국,127.02364,37.505322
태양약국,127.027168,37.491837
서초프라자약국,126.9974,37.482351
내곡숲약국,127.059395,37.456478
센트럴약국,126.996976,37.481849
봄약국,127.016181,37.486768
서초봄약국,127.061024,37.455316
릴리약국,127.020284,37.511922
제이팜약국,127.014086,37.493312
하늘약국,127.027168,37.491837
조달청사약국,127.002987,37.499369
논현바른약국,127.022069,37.508331
호약국,127.016599,37.494193
온약국,127.03503,37.482913
서초우리약국,127.007588,37.489672
바로이약국,127.011987,37.502253
소망약국,127.016967,37.484698
행복한약국,127.015149,37.486124
휴베이스봄약국,127.025231,37.498311
나인약국,127.026537,37.497944
서초무지개약국,127.026178,37.489088
이수다온약국,126.983883,37.485963
서초구름약국,127.026178,37.489088
열린온누리약국,127.0226,37.507383
유사랑약국,127.004812,37.482517
정성약국,126.982237,37.481026
나이스약국,127.026177,37.500082
바른온누리약국,126.996408,37.483868
다나약국,127.008981,37.483889
굿약국,127.025987,37.500024
연두약국,127.025545,37.464529
씨케이광생약국,127.020538,37.511776
동해물약국,126.982609,37.487554
아이약국,127.024673,37.502059
새열린약국,127.024877,37.502363
신우성약국,127.012376,37.511654
새봄약국,127.012963,37.492636
에이트약국,127.02586,37.500251
씨티약국,127.019233,37.515082
도일약국,127.022946,37.504647
한영온누리약국,127.00019,37.478122
샘터약국,127.011987,37.502253
대림약국,127.021312,37.490567
양재위브약국,127.032612,37.486151
한빛약국,127.012823,37.484609
신사자은약국,127.018518,37.515288
네이처약국,126.983837,37.48531
타워약국,127.026537,37.497944
이층열린약국,127.00123,37.505508
조은미소약국,127.036282,37.482921
잠원드림약국,127.012376,37.511654
라인약국,127.024012,37.502045
고터메트로약국,127.004875,37.50485
메디칼미소약국,126.987655,37.476027
오딘약국,127.021406,37.509544
3층메이플약국,127.012376,37.511654
리더스원1층온누리약국,127.027168,37.491837
365연약국,127.012376,37.511654
마음약국,127.012376,37.511654
서초자이약국,127.026178,37.489088
이음약국,127.012376,37.511654
강남레디영약국,127.02644,37.498357
새생명약국,127.012376,37.511654
양재숲약국,127.039462,37.471095
서래비비약국,126.990101,37.493947
서초스마트약국,127.046175,37.475735
신사귀족약국,127.018804,37.51459
청약국,126.989021,37.466518
신논현민약국,127.023835,37.504737
반포알약국,127.003696,37.506123
샤인약국,126.995898,37.484832
연우약국,127.011186,37.502333
365고운약국,127.01544,37.493473
5층은약국,126.982806,37.487235
반가운약국,127.012064,37.502953
서초퍼스트약국,127.026178,37.489088
방배아트약국,126.996089,37.483277
장군약국,127.017338,37.484054
늘봄약국,127.000852,37.50434
채움온누리약국,127.02797,37.496099
리안약국,127.00471,37.506513
3층건약국,127.025234,37.491883
엔스온누리약국,127.036546,37.482645
남부터미널4번출구약국,127.016967,37.484698
다온약국,127.023912,37.502748
양재다온약국,127.035032,37.484158
원스퀘어약국,126.99731,37.506801
하델약국,126.98343,37.477287
삼월약국,127.017443,37.499949
그랑데약국,127.026178,37.489088
분홍약국,127.024258,37.501747
휴베이스교대365약국,127.0149,37.494346
휴베이스이안약국,127.006147,37.506945
더센트럴약국,127.044969,37.476512
제이약국,127.016799,37.494903
도담약국,126.998446,37.499565
사랑플러스약국,127.011515,37.494087
세진약국,127.01349,37.493092
세화약국,126.995668,37.503076
기쁨약국,127.027211,37.487932
브라운스톤약국,127.018285,37.494712
서초온누리약국,127.01554,37.493993
모닝온누리약국,127.029331,37.493249
평강약국,127.019372,37.496157
2층은약국,127.011987,37.502253
플러스엔약국,127.028233,37.494251
초록약국,127.025376,37.470849
세븐약국,127.009177,37.491986
모림약국,127.000852,37.50434
양재팜24약국,127.036245,37.483305
강남온누리약국,127.024456,37.503469
강남드림약국,127.025542,37.501176
정은약국,126.987062,37.491669
하나약국,127.013078,37.494843
온누리동성약국,126.983119,37.49385
이오당약국,127.044484,37.469477
청운당약국,126.996006,37.481243
장수알파약국,127.016095,37.48576
건강과행복이열리는약국,127.015124,37.494414
서초백화점약국,127.014765,37.48494
반포프라자약국,127.019496,37.510809
환승약국,127.034281,37.48349
내방약국,126.994962,37.485101
천사약국,127.006602,37.504018
한신메디칼약국,127.007897,37.512449
아란약국,127.02185,37.502375
방배프라자약국,126.985274,37.496419
행복을여는서래약국,126.998118,37.497718
열린약국,126.982634,37.488018
굿모닝약국,127.003621,37.504364
해맑은약국,127.03523,37.4843
다보약국,127.008786,37.488226
슈퍼빌온누리약국,127.016026,37.483005
한약국,127.021213,37.510354
희망약국,127.006147,37.506945
임마누엘온누리약국,126.989459,37.49486
사랑의약국,127.001932,37.505673
구룡수약국,127.041261,37.480819
명인한약국,127.043885,37.470003
소화약국,126.996886,37.48218
다인약국,127.036658,37.484476
조달약국,127.003303,37.500635
연세온누리약국,127.003696,37.506123
즐거운약국,126.984306,37.49694
킴스약국,127.006883,37.510243
서초로하스약국,127.01574,37.485293
메디팜동양약국,127.026835,37.492417
반포자이중앙약국,127.009841,37.507127
사당13번약국,126.982231,37.477047
신논현올리브약국,127.022341,37.507102
푸른약국,126.983064,37.485982
자이프라자약국,127.009841,37.507127
더건강약국,126.991008,37.489474
판티오약국,127.02191,37.508939
티파니약국,127.010383,37.503036
해든약국,126.995414,37.484398
시스템약국,126.98576,37.492579
주앙약국,126.999449,37.478172
알파약국,127.029323,37.493042
강남메가셀렉트약국,127.025259,37.501998
수묵재한약국,126.984059,37.47923
안단테약국,127.0144,37.481547
양재참약국,127.035911,37.483272
잠원보담약국,127.011634,37.514355
소담약국,126.992818,37.48964
비722약국,127.021265,37.50923
신사힐스약국,127.01915,37.514388
365미소약국,127.025113,37.470544
현대약국,127.042673,37.464163
서초늘푸른약국,127.011634,37.514355
서초당약국,127.01384,37.491216
잠원3층약국,127.011634,37.514355
글로리약국,127.000852,37.50434
아크로비스타약국,127.013314,37.498199
신사스타약국,127.018787,37.517136
서초내곡약국,127.055411,37.448312
양재신세계약국,127.034824,37.464027
바른약국,127.015447,37.485785
서초힐약국,127.029813,37.488799
더하늘약국,127.0225,37.50765
한성약국,127.013278,37.50962
푸른온누리약국,127.039036,37.479549
샛별약국,127.016466,37.495406
서리풀약국,127.020552,37.485895
아임약국,127.025369,37.501539
지티타워약국,127.026207,37.49782
생각하는약국,127.059777,37.453458
보물섬약국,127.009841,37.507127
메디칼허브약국,127.0189,37.51663
메디안약국,127.024544,37.502848
서초미소약국,127.011987,37.502253
양재메디칼약국,127.045794,37.471807
아라약국,127.026537,37.497944
올리브약국,127.022107,37.508507
경희정산한약국,126.998396,37.479681
서초21세기약국,127.003574,37.508788
진약국,127.014687,37.493712
숨온누리약국,126.994792,37.487733
수약국,126.982886,37.488645
서초아트약국,127.011567,37.485714
영약국,127.026308,37.499542
이수온누리약국,126.982635,37.486057
사랑약국,126.995668,37.503076
나은약국,126.987517,37.476308
강남사랑약국,126.993113,37.47419
비타민약국,127.000334,37.477883
신명성약국,126.998573,37.498766
기린약국,127.009841,37.507127
다사랑약국,127.026855,37.496691
방배대한약국,126.982881,37.487049
위드팜솔약국,127.006602,37.504018
드림약국,127.014376,37.493031
교대사랑약국,127.018753,37.495504
스마일약국,126.982596,37.488316
에이스온누리약국,126.998336,37.481194
메딕스약국,127.011896,37.502431
대영약국,127.015417,37.517843
최적화약국,127.027664,37.519117
삼성후문약국,127.087806,37.491248
청담스톤약국,127.041357,37.52276
유니약국,127.021722,37.517411
아로마약국,127.042783,37.497896
유한약국,127.027219,37.508332
중외약국,127.02398,37.509215
국풍당약국,127.042366,37.515062
샘터약국,127.082613,37.484275
압구정감마약국,127.038526,37.528018
파낙스약국,127.032417,37.509739
압구정프라자온누리약국,127.028059,37.525242
미성약국,127.019655,37.52471
호산나약국,127.03336,37.52855
신혜성약국,127.038572,37.496514
솔약국,127.075628,37.492694
중앙약국,127.037238,37.526978
해성약국,127.057382,37.50655
국송약국,127.100178,37.491133
삼성약국,127.087618,37.484734
상록약국,127.04316,37.50386
종원약국,127.026307,37.506977
유진약국,127.045069,37.496754
봄약국,127.028398,37.532286
기쁨약국,127.047717,37.478647
사랑온누리약국,127.058474,37.508352
세곡온누리약국,127.09879,37.466796
압구정예주약국,127.027016,37.531739
신논현비비약국,127.024779,37.504897
신사웰약국,127.020399,37.514947
양재미소약국,127.034758,37.484966
청담별빛약국,127.04937,37.518965
레이첼약국,127.025047,37.504352
수온누리약국,127.040128,37.50143
라이프약국,127.044928,37.523284
별하약국,127.026482,37.50535
타임약국,127.049061,37.503549
연세팜약국,127.023335,37.509907
누리약국,127.044785,37.502825
논현수약국,127.040759,37.517956
르씨엘약국,127.032599,37.514876
삼우약국,127.067447,37.488534
서울온누리약국,127.055868,37.503945
굿윌압구정약국,127.029072,37.526683
해림온누리약국,127.036629,37.49981
솔잎약국,127.075628,37.492694
동인프라자온누리약국,127.101848,37.488017
서이약국,127.053016,37.488659
밝은온누리약국,127.02742,37.523365
자곡온누리약국,127.096006,37.472023
메디피아약국,127.034095,37.48536
노바약국,127.027246,37.507511
코코온누리약국,127.027665,37.499033
삼성도담약국,127.050786,37.512601
다모약국,127.027732,37.524484
석탑이레약국,127.075628,37.492694
더조은약국,127.088688,37.47128
테헤란건강약국,127.051074,37.503542
웰스약국,127.025333,37.505135
에이타워약국,127.028512,37.498663
하이약국,127.033074,37.527208
신사온누리약국,127.020297,37.515183
바른약국,127.025627,37.519028
선정릉약국,127.042562,37.510168
소호약국,127.028828,37.524583
대치참약국,127.060213,37.49391
수서역약국,127.10058,37.488258
은약국,127.054244,37.510586
동명온누리약국,127.052659,37.497902
왕성약국,127.022596,37.511138
진선약국,127.050083,37.502889
강남보선약국,127.063099,37.499204
금강약국,127.024479,37.526223
민생약국,127.034757,37.513233
새휘정약국,127.057736,37.522305
포이약국,127.04529,37.478593
창현약국,127.039294,37.524898
양월약국,127.068132,37.488726
명옥약국,127.030458,37.527823
정일약국,127.060431,37.498455
온누리구인당약국,127.06735,37.493393
동현당약국,127.036575,37.519354
인선약국,127.039131,37.522013
광성약국,127.022989,37.508643
부활약국,127.061692,37.515565
일원시장약국,127.087369,37.49212
개포종로온누리약국,127.06012,37.483339
강남세계로약국,127.04759,37.475217
개나리봄약국,127.04844,37.499217
리본약국,127.023755,37.517467
논현약국,127.039665,37.516139
역삼다인약국,127.035468,37.502794
동성약국,127.065327,37.497418
은혜약국,127.101848,37.488017
세진약국,127.031342,37.527663
천사약국,127.083511,37.485744
선릉코코약국,127.048008,37.504707
늘봄약국,127.026638,37.522937
올리브약국,127.04124,37.516621
강남미약국,127.028705,37.496517
일번지약국,127.030377,37.497135
맑은하늘약국,127.052967,37.480947
베어약국,127.065479,37.514486
강남정성약국,127.034976,37.513618
라라약국,127.031676,37.499615
강남온누리약국,127.050824,37.501173
메타팜약국,127.061785,37.494227
역삼생생약국,127.03661,37.498893
강남새천년온누리약국,127.063734,37.500157
밝은마음약국,127.027916,37.524058
강남역스타약국,127.029297,37.497726
경아의희망담은한약국,127.042185,37.498056
압구정길약국,127.022889,37.524074
엠플러스약국,127.028639,37.496655
약사랑약국,127.048612,37.504804
타워약국,127.020074,37.51677
센느약국,127.023163,37.508278
생명샘약국,127.048313,37.518758
이삼성약국,127.081818,37.489288
사랑약국,127.075628,37.492694
독수리약국,127.083511,37.485744
성심약국,127.047255,37.478961
수서메디칼약국,127.101848,37.488017
대치필리아약국,127.054602,37.49782
샛별약국,127.03718,37.485438
청아약국,127.029866,37.514936
에메랄드약국,127.022134,37.516852
삼성강남약국,127.083511,37.485744
논현천사약국,127.034023,37.507652
조은온누리약국,127.075628,37.492694
역삼오늘약국,127.035838,37.499638
도곡타워약국,127.052102,37.488673
솔빛동양약국,127.051325,37.487362
연우약국,127.046017,37.49357
가온약국,127.045182,37.51821
민트약국,127.020398,37.514541
신논현약국,127.025584,37.505126
삼성해든약국,127.055955,37.508697
생생온누리약국,127.028744,37.524207
강남웰약국,127.026479,37.501268
행복한약국,127.040697,37.501644
학동약국,127.031178,37.514442
위드팜바른약국,127.084451,37.484001
경옥채한약국,127.04699,37.522372
트리스약국,127.033675,37.520126
사랑의약국,127.101848,37.488017
서울메디약국,127.051596,37.50054
로데오약국,127.039291,37.525609
성균관약국,127.081677,37.489628
대청약국,127.079616,37.494348
팜스약국,127.036085,37.501927
싱싱온누리약국,127.019845,37.517181
메디컬약국,127.044764,37.478673
라온약국,127.031189,37.491581
일원약국,127.082613,37.484275
삼성온누리약국,127.058819,37.512521
도곡약국,127.043343,37.482029
동호약국,127.066559,37.508609
프라임엠약국,127.05911,37.503023
한솔인유로온누리약국,127.04844,37.499217
자인한약국,127.051917,37.497662
은혜온누리약국,127.057241,37.490839
두리약국,127.081209,37.490641
역삼이화약국,127.039641,37.495718
행복한수약국,127.026017,37.502482
스마일약국,127.026678,37.505445
케이약국,127.02345,37.517102
삼성온누리약국,127.062392,37.50825
일원정류장약국,127.082613,37.484275
강남구청역약국,127.047219,37.518204
선릉역 약국,127.058026,37.507409
오약국,127.031712,37.506963
한마음온누리약국,127.067178,37.489059
포레약국,127.02342,37.517325
청담사랑온누리약국,127.050634,37.516246
압구정 구름약국,127.027408,37.525489
삼성제일약국,127.087757,37.491346
옵티마대영약국,127.051361,37.517404
케이팜약국,127.054637,37.497439
제이비미소약국,127.027916,37.524058
하늘약국,127.027916,37.524058
도곡메디칼약국,127.046017,37.49357
에스엠피약국,127.085277,37.484851
웰그린약국,127.052073,37.497329
압구정퀸약국,127.028086,37.525092
선릉타워약국,127.047052,37.503531
개포플러스약국,127.06118,37.482679
아이조은약국,127.052627,37.514974
청담밝은약국,127.043707,37.511519
허지웅약국,127.062278,37.508214
우리들약국,127.035757,37.485145
압구정웰약국,127.027693,37.523293
튼튼중앙약국,127.075628,37.492694
루비약국,127.02796,37.521918
행운약국,127.028593,37.523073
압구정영약국,127.02782,37.524936
희망약국,127.083511,37.485744
아너힐즈약국,127.067521,37.484111
모건약국,127.030855,37.498638
압구정엘약국,127.027854,37.52568
블루엔약국,127.024112,37.506207
청담약국,127.050785,37.519201
비타약국,127.034068,37.506136
강남리더스약국,127.101191,37.465782
정약국,127.042968,37.510288
파크약국,127.037656,37.521749
삼주약국,127.031577,37.498701
행복한미래약국,127.03502,37.516232
윈플러스약국,127.061909,37.493358
수약국,127.050048,37.497516
강남제일온누리약국,127.034325,37.500429
녹십자옵티마약국,127.05053,37.47469
신사드림약국,127.027675,37.526516
선릉수약국,127.049222,37.505013
강남태평양약국,127.052188,37.497178
청담와이약국,127.047238,37.525283
원약국,127.079616,37.494348
동의보감한약국,127.098751,37.467664
아이디약국,127.020697,37.516949
다정약국,127.027985,37.526145
굿케어약국,127.040412,37.518904
한티미소약국,127.052405,37.497825
바라기한약국,127.050492,37.519737
더봄약국,127.051553,37.498576
압구정소망약국,127.031888,37.527871
청담희망약국,127.040135,37.517327
미소산약국,127.057191,37.507398
이담약국,127.052099,37.498763
누네조은약국,127.050285,37.50452
소담약국,127.04846,37.504789
하리약국,127.020188,37.515862
삼성그린약국,127.083511,37.485744
모두약국,127.038332,37.501249
역삼센터약국,127.041492,37.503212
신사라라약국,127.022829,37.517846
메디칼미래약국,127.066806,37.488674
행복한온누리약국,127.039781,37.491689
하나약국,127.032159,37.528537
나리약국,127.058825,37.497935
자연애약국,127.05183,37.512318
강남우리온누리약국,127.049552,37.505114
온정약국,127.032197,37.511577
바로여기약국,127.03602,37.503453
우주약국,127.051008,37.500811
별빛약국,127.034465,37.507189
삼성정다운약국,127.081273,37.490495
킴스약국,127.062941,37.493829
무지개삼성약국,127.081542,37.489917
5층약국,127.052101,37.498523
수서두리약국,127.10314,37.487327
연세열린약국,127.046085,37.49436
우리다온약국,127.061485,37.482254
신사루체약국,127.021474,37.517305
삼성참약사 약국,127.057447,37.507586
강남썬약국,127.029297,37.497726
한티참약국,127.05241,37.496643
민재원약국,127.035945,37.510542
새소망약국,127.028563,37.531976
세로수길약국,127.022992,37.518184
강남역 2번출구 약국,127.028349,37.497408
새상아약국,127.04999,37.517468
동그라미약국,127.026812,37.525972
경희자연한약국,127.034174,37.501105
그린약국,127.027934,37.523095
도곡명약국,127.043209,37.492122
신사굿약국,127.02188,37.516738
늘푸른온누리약국,127.034654,37.52884
압구정온누리약국,127.027675,37.526516
청담더약국,127.040437,37.526441
상지온누리약국,127.047698,37.505591
압구정리본약국,127.028618,37.523457
에스온누리약국,127.026035,37.525576
학동봄약국,127.028556,37.513913
봄봄약국,127.026685,37.508973
1층엔약국,127.019535,37.517487
청담바른약국,127.045182,37.51821
한가족약국,127.060213,37.49391
강남스퀘어약국,127.027898,37.498609
삼성수약국,127.056797,37.508963
동의온누리약국,127.042271,37.493567
다솜약국,127.041268,37.493112
메디칼청실약국,127.059076,37.493149
세명약국,127.044646,37.518116
일원역약국,127.084451,37.484001
서울약국,127.107309,37.464
아름다운우리약국,127.039634,37.494451
한사랑약국,127.048308,37.505282
소망온누리약국,127.040139,37.516552
열린약국,127.083511,37.485744
해맑은약국,127.037679,37.486112
유니팜약국,127.040914,37.523806
다온약국,127.047506,37.503715
선 한약국,127.033381,37.507762
참좋은선약국,127.035977,37.501695
렉슬3층사랑약국,127.052652,37.495341
미소약국,127.059766,37.507415
삼성건강약국,127.041802,37.516718
웰팜약국,127.04059,37.516687
미소온누리약국,127.031232,37.523165
필하이약국,127.033246,37.520578
365역삼역약국,127.038332,37.501249
압구정원약국,127.028744,37.524207
친절한약국,127.025024,37.504997
537약국,127.034955,37.504243
청담소망약국,127.045715,37.518306
우리원약국,127.024167,37.524481
우리대치약국,127.061909,37.493358
참약사스마일약국,127.055335,37.47846
역삼하이츠온누리약국,127.036082,37.501023
일원역1번출구약국,127.084451,37.484001
압구정수약국,127.030061,37.526213
3층중앙약국,127.045166,37.484503
솔향기약국,127.048154,37.480309
이도건강약국,127.057953,37.509674
코리아약국,127.060722,37.482843
2층약국,127.054426,37.482669
베리타스약국,127.075628,37.492694
곰돌이약국,127.055335,37.47846
보나약국,127.071338,37.48556
성일약국,127.02721,37.526272
비타민약국,127.027804,37.523655
참좋은약국,127.058377,37.508809
포인트약국,127.021728,37.516668
샘약국,127.046532,37.502974
스타약국,127.035757,37.485145
역삼약국,127.03366,37.493962
해오름약국,127.050686,37.512816
한티약국,127.052652,37.495341
행복온누리약국,127.047942,37.479041
큰나무약국,127.036007,37.528716
퍼스트약국,127.062941,37.493829
다시봄약국,127.052804,37.489283
100세건강약국,127.101351,37.46605
청담엔약국,127.038113,37.522449
자곡맑은약국,127.103038,37.473588
한티역약국,127.051343,37.496078
신사스퀘어약국,127.019119,37.519457
개포이화약국,127.07512,37.490934
다나약국,127.044291,37.486432
기쁨주는약국,127.102664,37.488003
도심공항약국,127.059274,37.509591
탑약국,127.035128,37.512516
365열린약국,127.071338,37.48556
대치라벤더약국,127.062584,37.494525
푸른온누리약국,127.049168,37.524797
역삼언주약국,127.043367,37.502087
강남마이비약국,127.027665,37.499033
치유약국,127.028466,37.521993
양재약국,127.033943,37.485724
제일그랜드약국,127.024671,37.505107
별빛이화약국,127.062941,37.493829
미래온누리약국,127.048897,37.48689
서은약국,127.024501,37.517355
강남정인한약국,127.031851,37.513963
선정릉케이약국,127.044055,37.509081
열매약국,127.038209,37.502904
자이1층엔약국,127.071338,37.48556
역삼조은약국,127.041022,37.501744
3층바른약국,127.071338,37.48556
라인약국,127.038243,37.50788
스타온누리약국,127.032607,37.509426
지킴약국,127.057489,37.498069
삼성케이약국,127.058469,37.508035
수라인 한약국,127.063973,37.517135
아이약국,127.050142,37.519714
현온누리약국,127.021538,37.512063
타조약국,127.049632,37.519279
이대학약국,127.083511,37.485744
노벨약국,127.040266,37.517981
화인약국,127.029101,37.495953
다현온누리약국,127.029408,37.526614
미네랄약국,127.04059,37.516687
수진약국,127.06735,37.493393
강남조은약국,127.037528,37.485702
삼성하나약국,127.058185,37.507816
논현연세약국,127.027085,37.508876
삼성정문약국,127.083511,37.485744
영진약국,127.04626,37.518493
코끼리약국,127.021083,37.516186
드림약국,127.029557,37.515956
세코아약국,127.03618,37.501273
청담본약국,127.055473,37.521201
365강남역약국,127.02818,37.497056
강남으뜸약국,127.031056,37.499431
웰니스약국,127.045941,37.526729
밝은미소약국,127.087484,37.49189
마니약국,127.026713,37.500774
샤인약국,127.038207,37.527457
삼성중앙약국,127.050302,37.512456
365논현역약국,127.031774,37.5143
프라임365약국,127.102447,37.473064
학동역약국,127.031774,37.5143
즐거운약국,127.028204,37.525828
청담엘약국,127.057395,37.521303
오늘의약국,127.02818,37.497056
강남셀리뉴약국,127.04937,37.524824
렉슬4층약국,127.052652,37.495341
지음약국,127.058463,37.514178
수서세종약국,127.103256,37.48852
소화약국,127.037738,37.486376
청원약국,127.056404,37.522405
강남이로운약국,127.030406,37.4954
4층맑은약국,127.028637,37.497846
성모약국,127.071668,37.488876
소망약국,127.058615,37.508638
달구약국,127.088405,37.491337
한양약국,127.029739,37.526847
하늘온누리약국,127.060412,37.514886
신사수약국,127.027515,37.524779
메디팜압구정약국,127.029111,37.522782
논현사랑약국,127.03743,37.51625
희영온누리약국,127.05123,37.512753
대치약국,127.053122,37.503925
드림케어약국,127.027447,37.526298
이층엔약국,127.104861,37.475446
골드로즈약국,127.052098,37.504151
7층애약국,127.055214,37.505626
트리플약국,127.020619,37.516258
팜엑스약국,127.058819,37.512521
미진약국,127.028637,37.497846
강남굿모닝약국,127.035757,37.485145
오늘약국,127.059564,37.498824
종로약국,127.056309,37.497677
갤러리아온누리약국,127.040194,37.52723
뉴욕약국,127.02866,37.498708
프리모약국,127.034403,37.485309
신한약국,127.062649,37.499836
개포서울약국,127.071338,37.48556
일층약국,127.057381,37.492208
수서이약국,127.10314,37.487327
아이편한 약국,127.059579,37.483768
가로수길 천사약국,127.022951,37.523863
봄빛약국,127.035271,37.504969
좋은아침약국,127.051325,37.487362
르셀약국,127.025455,37.509776
은온누리약국,127.033332,37.514453
새하나약국,127.037117,37.528295
아크로빌약국,127.051078,37.488121
호박약국,127.029408,37.496825
한티365약국,127.052487,37.496477
렉슬드림약국,127.052652,37.495341
연두약국,127.018254,37.523947
심해경희한약국,127.048951,37.479148
휴베이스 웃는 약국,127.03625,37.507758
서울새싹약국,127.054359,37.501865
강남 옵티마 정약국,127.030542,37.493801
힐링약국,127.027936,37.522387
역삼태평양약국,127.034638,37.506327
옵티마미소약국,127.034263,37.507122
새싹약국,127.024323,37.512281
메디팜정연약국,127.033528,37.486477
세곡리엔약국,127.103464,37.463142
유니팜서울약국,127.028997,37.498811
정온누리약국,127.05517,37.497382
청담메디웰약국,127.04805,37.523622
오월애약국,127.019768,37.516844
강남허브약국,127.04059,37.516687
청담장수 한약국,127.050204,37.525061
삼성일신약국,127.052528,37.506006
영양과건강약국,127.022458,37.509565
스템약국,127.048531,37.524755
청담수약국,127.046626,37.518455
파랑새약국,127.08161,37.489772
청담이화약국,127.043436,37.516152
신사약국,127.020497,37.516887
이로운약국,127.043781,37.49301
역삼365매일여는약국,127.038332,37.501249
양재봄약국,127.034023,37.485517
강남샘약국,127.045819,37.495122
루카두리약국,127.030542,37.493801
메트로약국,127.062941,37.493829
싱싱약국,127.043737,37.509389
수정약국,127.051549,37.500182
늘푸른약국,127.037727,37.508818
희병약국,127.039972,37.509802
메디칼희민약국,127.064922,37.507793
참약국,127.083511,37.485744
이지약국,127.039611,37.487018
온약국,127.033791,37.506487
맑은약국,127.062941,37.493829
주민약국,127.081088,37.490887
강남메디칼약국,127.060641,37.49777
메디팜보문약국,127.066806,37.488674
코코약국,127.045718,37.484319
개포메디칼약국,127.054426,37.482669
강남프라자약국,127.038392,37.516563
논현필리아약국,127.042264,37.513765
갤러리약국,127.027254,37.510134
청담케이팜약국,127.038386,37.523349
캠브리지5층약국,127.029389,37.498084
수서옵티마약국,127.102472,37.48837
메디칼정성약국,127.107088,37.473515
청담명약국,127.051035,37.518694
채움약국,127.030957,37.52739
우리온누리약국,127.058353,37.49308
목화약국,127.087681,37.491496
햇빛약국,127.096509,37.472118
대치예스약국,127.055264,37.496688
도곡우리약국,127.052652,37.495341
강남퍼스트약국,127.020346,37.516078
소나무약국,127.046809,37.478503
더블유약국,127.025114,37.504203
바이올렛약국,127.03042,37.492978
강남미소약국,127.039305,37.500126
강남빠른약국,127.046254,37.49442
영원약국,127.02557,37.504544
튼튼약국,127.0939,37.484082
메디칼하늘약국,127.035089,37.484965
신논현역365약국,127.032004,37.506662
솔빈약국,127.045004,37.486615
롯데강남바라기한약국,127.053594,37.497058
이화약국,127.044651,37.522957
기린약국,127.030216,37.526917
강남대학약국,127.037902,37.485925
청담다나약국,127.040816,37.527442
옵티마든든약국,127.049371,37.50308
강남중앙약국,127.08134,37.49035
강남하트약국,127.039877,37.517867
아빠한약국,127.065297,37.499896
신사달약국,127.021585,37.518089
연약국,127.06537,37.506609
2층케이약국,127.027575,37.499223
가로수길민트약국,127.022071,37.523661
신논현역3번출구곳간약국,127.025709,37.505182
나은약국,127.061655,37.514077
강남에이치약국,127.039925,37.517061
봉은사청년약국,127.060412,37.514886
삼성트윙클약국,127.054283,37.51294
안녕역삼약국,127.036255,37.499113
더원약국,127.041732,37.515139
포도약국,127.028814,37.499393
대치왕솔약국,127.065327,37.497418
다미약국,127.032643,37.52162
메디큐약국,127.02429,37.505877
제이약국,127.027898,37.498609
선정릉큰약국,127.043417,37.510766
아름온누리약국,127.029292,37.495553
루루약국,127.035685,37.502797
바로약국,127.054426,37.482669
옵티마웰니스뮤지엄신사약국,127.021225,37.517217
글로우약국,127.048946,37.505168
도레미약국,127.027316,37.499508
청담원더팜약국,127.040459,37.526247
강남약국,127.025813,37.504645
압구정굿모닝약국,127.027957,37.524686
한티스카이약국,127.051441,37.497123
로즈마리약국,127.025281,37.504429
센트럴약국,127.035204,37.507994
건강온누리약국,127.065327,37.497418
플러스약국,127.029268,37.498894
영동약국,127.022654,37.509142
대치메디칼약국,127.061344,37.494025
수서역정민아약국,127.103178,37.486773
뽀빠이약국,127.029027,37.52611
정다운이화약국,127.046419,37.498571
다래약국,127.036798,37.502094
강남씨티약국,127.027181,37.499818
큰길약국,127.029154,37.495841
신분당약국,127.02818,37.497056
밝은약국,127.043149,37.497981
예주약국,127.027172,37.508525
대치이화약국,127.061729,37.50375
압구정화이트약국,127.029461,37.525949
마리약국,127.027634,37.522122
새봄약국,127.026035,37.525576
올리브온누리약국,127.034535,37.498984
역삼다정약국,127.035972,37.502236
미인약국,127.038526,37.528018
옵티마웰니스뮤지엄약국,127.02849,37.503548
열방약국,127.031485,37.514815
나비약국,127.028599,37.521628
강남후문약국,127.034976,37.485175
8층 사랑약국,127.081854,37.511467
3층 온케어약국,127.107038,37.517514
석촌우리약국,127.108052,37.504931
잠실엘온누리약국,127.107038,37.517514
르엘오층약국,127.107038,37.517514
르엘센트럴약국,127.107038,37.517514
567약국,127.144319,37.492215
2층온누리약국,127.110741,37.518379
문정새봄약국,127.126564,37.483429
3층365약국,127.110741,37.518379
잠실래미안약국,127.110741,37.518379
타임약국,127.107038,37.517514
잠실사랑약국,127.110741,37.518379
잠래아 2층 파란문약국,127.110741,37.518379
스타약국,127.090152,37.507276
서울타워약국,127.146874,37.497977
대영약국,127.114901,37.526446
서울S약국,127.116219,37.508381
다올약국,127.144389,37.492404
잠실 선약국,127.099633,37.515982
아산큰길약국,127.117672,37.526466
주차바로약국,127.115208,37.526924
잠실수약국,127.090798,37.505763
2호선 아산 나나약국,127.104757,37.518932
세계로메디칼약국,127.142256,37.486613
남일누리약국,127.113159,37.52028
해든메디칼약국,127.119508,37.512633
알파약국,127.10252,37.514622
지하철정문약국,127.125638,37.498267
이레약국,127.15024,37.493832
별온누리약국,127.113277,37.511476
공감약국,127.1064,37.513883
석촌미소약국,127.10538,37.506252
엘스약국,127.084188,37.512106
지하철더조은약국,127.125638,37.498267
영약국,127.107226,37.497519
샤인약국,127.107226,37.497519
사람사랑약국,127.107226,37.497519
가까운새서울약국,127.112287,37.530816
트리풀약국,127.107226,37.497519
명약국,127.147021,37.498369
오로라약국,127.109299,37.501017
나무약국,127.114377,37.48852
셀메드행복한약국,127.107226,37.497519
석촌사랑약국,127.106336,37.505625
굿데이약국,127.099062,37.515775
송파샘약국,127.107226,37.497519
가장빠른천사약국,127.114901,37.526446
참소망약국,127.132218,37.515826
건강약국,127.084731,37.505027
한독약국,127.117751,37.491739
미래아산약국,127.114647,37.527182
새내수약국,127.086227,37.510642
호수약국,127.098973,37.506088
석촌솔약국,127.105313,37.506464
기쁜약국,127.138588,37.505795
맑은샘약국,127.133556,37.497496
바른삼성약국,127.080746,37.50616
더블유약국,127.081701,37.511472
개롱약국,127.134258,37.497974
도담약국,127.131061,37.496214
그린스타약국,127.119023,37.503204
시그니처약국,127.103433,37.513101
차돌약국,127.086227,37.510642
라미약국,127.080036,37.510056
위드팜가까운지하철약국,127.104313,37.520865
트리지움자연약국,127.086227,37.510642
송파제일약국,127.131715,37.496761
정다움약국,127.114826,37.52712
경희생한약국,127.107226,37.497519
헬리오메디칼약국,127.107226,37.497519
이화제니약국,127.144866,37.493359
드림약국,127.113159,37.52028
제일약국,127.112659,37.511588
중의당약국,127.128835,37.482954
참약사바른약국,127.149486,37.495462
더큰약국,127.108988,37.503745
365비타민약국,127.141566,37.474807
석촌한빛약국,127.105665,37.506358
일생동안 한약국,127.086227,37.510642
가고싶은 대형약국,127.114901,37.526446
천사랑약국,127.10252,37.514622
오렌지온누리약국,127.111142,37.515708
4층성모약국,127.092467,37.50758
김미성약국,127.09732,37.504
새스타약국,127.099542,37.515332
가락약국,127.117194,37.49492
송파제일큰약국,127.097352,37.502825
호두약국,127.087026,37.511994
장지365온누리약국,127.126615,37.477578
마천365약국,127.149006,37.497354
올림픽약국,127.116015,37.515798
365송파약국,127.126892,37.480846
잠실왕눈이약국,127.087026,37.511994
잠실르엘약국,127.107038,37.517514
거여일출약국,127.143388,37.493876
주연온누리약국,127.12915,37.510236
365송파고은약국,127.107697,37.513759
잠실팜약국,127.086328,37.509104
건강을그리는약국,127.110611,37.500923
잠실365약국,127.097939,37.511287
아이레몬약국,127.089798,37.505842
이룸약국,127.121611,37.493717
맥스약국,127.107458,37.515398
위례탑약국,127.141805,37.485524
연약국,127.093919,37.511104
라파약국,127.121631,37.537398
이화선약국,127.123055,37.486353
선약국,127.148161,37.497324
삼전우리약국,127.088567,37.503936
석촌드림약국,127.097509,37.506194
새내역약국,127.089194,37.511549
서울밝은약국,127.123666,37.480605
드림캐슬약국,127.122341,37.494016
신라온누리약국,127.151957,37.493908
다온약국,127.107226,37.497519
하루약국,127.130906,37.495127
더플러스약국,127.094284,37.502306
셀메드거여약국,127.146926,37.493115
잠실하나약국,127.11037,37.516389
대학약국,127.11396,37.527386
윤호약국,127.150371,37.495435
동의삼성약국,127.151985,37.496874
가까운이화약국,127.114901,37.526446
천호푸른약국,127.122407,37.536671
송파우리약국,127.117374,37.528938
미소약국,127.121525,37.507054
봄온누리약국,127.144688,37.492573
다나약국,127.121038,37.506533
늘봄약국,127.118374,37.528055
온약국,127.113037,37.512195
서울예일약국,127.138175,37.503903
이화힐약국,127.149131,37.493024
삼전종로약국,127.088589,37.504494
바다약국,127.09178,37.507674
우리약국,127.13512,37.497569
은혜약국,127.105943,37.505654
송파웰약국,127.120294,37.50663
바로약국,127.107226,37.497519
문정수약국,127.127935,37.482766
새봄약국,127.118685,37.53399
참약사사귐약국,127.133835,37.497726
퍼스트송파약국,127.125715,37.503239
현약국,127.10877,37.502696
예성온누리약국,127.145717,37.495412
명문약국,127.149574,37.497007
황제약국,127.107912,37.506114
극동약국,127.132677,37.495697
나루역사거리현대약국,127.104313,37.520865
옵티마하나약국,127.118213,37.533434
온누리옥산약국,127.126319,37.491859
코끼리약국,127.085986,37.509337
미래약국,127.146154,37.492786
신한약국,127.082478,37.511443
새조은약국,127.110862,37.500647
미성송파약국,127.111261,37.501351
지혜온누리약국,127.085405,37.51113
가든파이브약국,127.124996,37.477649
미소진약국,127.084188,37.512106
신아산약국,127.115542,37.526977
새중일약국,127.126121,37.502877
우리온누리약국,127.086227,37.510642
시티약국,127.083468,37.511405
유한약국,127.082272,37.511451
주차편한아산메디칼약국,127.114298,37.527284
송파한약국,127.104691,37.505789
단비온누리약국,127.087026,37.511994
서울약국,127.131815,37.488212
도움약국,127.088046,37.500944
바른약국,127.087026,37.511994
새그린약국,127.11602,37.528918
가락온누리약국,127.130893,37.496072
안성약국,127.135901,37.497213
우리들약국,127.113572,37.51195
가장큰현대아산약국,127.115138,37.527046
다사랑약국,127.112055,37.531235
하나약국,127.123666,37.480605
하비온누리약국,127.123666,37.480605
중앙프라자약국,127.152063,37.494334
가든건강온누리약국,127.122664,37.477702
메디팜석촌약국,127.096877,37.50444
참플러스약국,127.112682,37.512019
현대약국,127.117634,37.526294
해오름약국,127.099281,37.518885
동아약국,127.083193,37.511416
튼튼약국,127.121039,37.506335
샘물약국,127.146133,37.498035
늘조은온누리약국,127.134889,37.492994
애플약국,127.084188,37.512106
루터약국,127.102995,37.515271
으뜸약국,127.127257,37.477659
송파온누리약국,127.119231,37.503973
새롬약국,127.091397,37.50717
참약국,127.103577,37.517438
봄약국,127.105549,37.506147
보니약국,127.109759,37.501637
굿모닝약국,127.13618,37.497028
리센츠약국,127.087026,37.511994
소백약국,127.143623,37.48992
가가호호조은약국,127.112147,37.530872
아이파크약국,127.143708,37.47951
은하약국,127.128397,37.511078
레이크이화약국,127.092467,37.50758
송파24약국,127.123666,37.480605
스마트약국,127.14505,37.49283
송파미소약국,127.113159,37.52028
푸른약국,127.097671,37.502741
석촌온누리약국,127.106917,37.506021
석촌한우리약국,127.106173,37.505802
더함약국,127.087026,37.511994
한솔약국,127.110516,37.509118
메디팜더미소약국,127.127257,37.477659
새희망약국,127.108052,37.504931
열린약국,127.113817,37.503576
두리약국,127.131849,37.487985
크리스마스약국,127.084188,37.512106
녹원약국,127.117378,37.513425
다남온누리약국,127.095607,37.502734
팜플러스약국,127.12215,37.495724
위드팜잠실나루역약국,127.098426,37.521477
밝은중앙약국,127.115611,37.526761
갤러리약국,127.093919,37.511104
프리마약국,127.073142,37.506865
그랜드약국,127.124875,37.509326
송파그랜드약국,127.125978,37.485014
대동약국,127.114321,37.504454
초록약국,127.104313,37.520865
태평양약국,127.087974,37.507926
메디슨약국,127.122205,37.496717
산돌약국,127.112367,37.508499
아산약국,127.113115,37.530448
온누리건강약국,127.080689,37.504605
중앙당약국,127.129814,37.500317
방이프라자약국,127.118234,37.509827
잠실프라자약국,127.085908,37.505195
영림약국,127.093397,37.512496
경인약국,127.120828,37.512354
다인약국,127.079021,37.511567
건강프라자약국,127.090532,37.503376
엘스3층 온누리약국,127.084188,37.512106
영보약국,127.089018,37.503807
평화약국,127.111504,37.493483
장미미소약국,127.099281,37.518885
송파하나약국,127.147786,37.497414
라임약국,127.123942,37.509715
기쁨약국,127.142897,37.481215
트램온누리약국,127.142041,37.476411
월드타워약국,127.103433,37.513101
이안약국,127.122018,37.4935
행복주는약국,127.114677,37.515233
일층가락약국,127.111504,37.493483
메디팜우주약국,127.113159,37.52028
위례푸른약국,127.142218,37.481743
유창온누리약국,127.11708,37.495043
세계로약국,127.14711,37.498702
메디팜푸른약국,127.128118,37.495543
우림약국,127.142353,37.494357
가장친절한정문앞중앙약국,127.114901,37.526446
옵티마100세약국,127.148789,37.497222
프라자약국,127.132218,37.515826
이화약산온누리약국,127.116276,37.507492
박순영온누리약국,127.128533,37.508181
큰사랑약국,127.13123,37.496359
호원약국,127.104468,37.506111
힐링약국,127.124851,37.50349
송파중앙약국,127.107765,37.514088
신화약국,127.083336,37.508612
독수리약국,127.122443,37.49511
포도나무약국,127.116362,37.496363
햇살약국,127.127259,37.5087
밝은약국,127.084188,37.512106
송파윤한약국,127.131655,37.494945
윤정약국,127.138533,37.499263
방이수약국,127.113252,37.51254
해피홈약국,127.145536,37.49269
비타민약국,127.086227,37.510642
천사약국,127.126973,37.480284
온누리솔약국,127.099281,37.518885
수프라자약국,127.146412,37.498501
미소담한약국,127.126833,37.506547
새하나약국,127.115443,37.526835
월드중앙약국,127.099281,37.518885
에벤에셀약국,127.099738,37.515109
매일여는온누리약국,127.087745,37.504761
오금중앙약국,127.127132,37.508606
구인약국,127.154398,37.497224
행복약국,127.144488,37.492611
지용약국,127.116131,37.510971
믿음약국,127.114377,37.48852
명생약국,127.106484,37.508413
종우약국,127.132218,37.515826
온누리건강약국,127.132218,37.515826
문정약국,127.125038,37.48795
팜코리아약국,127.1068,37.501254
은세약국,127.118308,37.527907
헬로팜약국,127.083103,37.511068
더봄약국,127.089815,37.507471
뉴프라임약국,127.11771,37.494303
진메디칼약국,127.151716,37.494412
손약국,127.10968,37.507471
참행복한약국,127.11946,37.49908
자연그대로다린한약국,127.117681,37.502799
방이코끼리약국,127.126703,37.50854
거여서울약국,127.144873,37.493206
새건영약국,127.126341,37.482166
방이종로약국,127.124269,37.509567
삼원약국,127.104313,37.520865
뉴시티약국,127.094799,37.506721
하늘약국,127.097248,37.502135
경희소명한약국,127.118869,37.531535
3층메디칼약국,127.132218,37.515826
예사랑약국,127.11272,37.51047
상일약국,127.104184,37.516567
남매약국,127.147308,37.492578
성조약국,127.126035,37.491093
잠실새내365약국,127.087026,37.511994
더하늘약국,127.084188,37.512106
오메디약국,127.104313,37.520865
타워약국,127.081121,37.511494
셀럽약국,127.087026,37.511994
위례정약국,127.142567,37.481733
도영약국,127.145182,37.493259
새솔약국,127.125523,37.509055
문정건강약국,127.126185,37.479706
프라자사랑약국,127.112164,37.509724
파크리오오렌지약국,127.104313,37.520865
환승센터약국,127.101104,37.512292
고운약국,127.12729,37.48684
맑은온누리약국,127.12805,37.483167
시티온누리약국,127.111722,37.500696
올리브약국,127.115351,37.52713
다정약국,127.104911,37.504575
더건강약국,127.125794,37.499355
정약국,127.127404,37.477243
헬리오이화약국,127.107226,37.497519
참좋은약국,127.12002,37.493575
삼청약국,127.117799,37.503479
선수촌약국,127.076867,37.508894
락희온누리약국,127.110166,37.501413
송파새롬약국,127.120436,37.495064
참사랑약국,127.093919,37.511104
누가신약국,127.110035,37.501557
새힘온누리약국,127.138494,37.505178
보성약국,127.15114,37.500019
쌍용약국,127.073142,37.506865
희망약국,127.124226,37.493501
우성약국,127.073142,37.506865
일선약국,127.104916,37.50107
금강약국,127.105369,37.50033
시온약국,127.09314,37.50487
새독일약국,127.11386,37.509077
시장온누리약국,127.121367,37.537132
윤약국,127.106295,37.505384
온맘약국,127.11325,37.503145
소나무약국,127.117751,37.491739
문정프라자약국,127.126179,37.491171
삼성수약국,127.101268,37.516621
숲약국,127.085658,37.510159
참한약국,127.122664,37.477702
마천푸른솔약국,127.146936,37.498189
친절한약국,127.109284,37.514958
일번약국,127.113015,37.530831
새웅약국,127.088606,37.505455
정온누리약국,127.089866,37.503566
하나메디칼약국,127.144656,37.492837
녹십자약국,127.084919,37.511294
키즈플러스약국,127.097939,37.511287
걸어서가까운크게열린약국,127.114138,37.527383
잠실메디신약국,127.085337,37.504855
메디팜양의약국,127.093919,37.511104
새동산약국,127.120251,37.535062
송파프라자약국,127.108485,37.501314
조은약국,127.118195,37.513449
동서약국,127.126777,37.508693
오층조은약국,127.128118,37.495543
3층하나약국,127.099281,37.518885
행복한우리약국,127.121426,37.536996
화인약국,127.117751,37.491739
송파태양약국,127.115534,37.510879
미르약국,127.117374,37.528938
온누리캐슬프라자약국,127.100735,37.514454
참약사 신한약국,127.095013,37.502281
오렌지약국,127.110806,37.501653
후생약국,127.15004,37.497401
이화온누리약국,127.149192,37.496289
수약국,127.108624,37.501658
정문약국,127.117282,37.498736
한결온누리약국,127.099281,37.518885
성심약국,127.139745,37.502567
정선약국,127.081422,37.50647
한마음약국,127.114377,37.48852
훼미리약국,127.116428,37.49155
한사랑약국,127.115272,37.511264
지하철약국,127.074666,37.517703
해성약국,127.108332,37.501568
감초당약국,127.10796,37.507037
고바우약국,127.150056,37.497126
메디팜하나약국,127.111073,37.500416
장생당약국,127.144391,37.500027
지앤미약국,127.131507,37.49663
마천행복한약국,127.150541,37.495502
엄마손온누리약국,127.108271,37.503497
잠실중앙약국,127.085468,37.510897
송파프라임온누리약국,127.123747,37.494887
그레이스약국,127.135752,37.5279
메가허브약국,127.133741,37.536
미즈연세약국,127.127341,37.537835
강동경희한약국,127.133993,37.529307
화인약국,127.142903,37.546578
조이약국,127.123793,37.537979
강동보건약국,127.124555,37.528873
21세기메디칼약국,127.144142,37.535125
기쁜샘약국,127.140511,37.534104
스타약국,127.132746,37.536167
길동스타약국,127.140905,37.539304
하나약국,127.139944,37.536741
쌍용약국,127.144273,37.540656
강동소망약국,127.135038,37.535383
필약국,127.124922,37.540611
굿모닝약국,127.131408,37.530056
무지개약국,127.145439,37.528441
리엔약국,127.175324,37.552423
둔촌세계로약국,127.134362,37.524215
봄봄약국,127.147316,37.540837
수약국,127.127859,37.550185
더바른약국,127.130689,37.542093
메디팜정원약국,127.144643,37.534482
여인선약국,127.133094,37.534053
온누리삼일약국,127.135285,37.546293
혜민약국,127.144944,37.543271
두레약국,127.16896,37.557426
나아약국,127.127871,37.534711
석원약국,127.133053,37.526824
강동약국,127.133067,37.55166
토성약국,127.125988,37.53076
오월애약국,127.134922,37.535549
미소진약국,127.143903,37.553851
아름다운약국,127.140586,37.538546
강일약국,127.176297,37.567304
강동프라자약국,127.123263,37.537057
순수 한약국,127.174114,37.565379
암사조은온누리약국,127.140385,37.555311
효약국,127.134128,37.535779
경희프라자약국,127.130894,37.542297
메디팜문화약국,127.126636,37.539961
월드약국,127.129901,37.541388
승호약국,127.127463,37.550769
명일정원약국,127.146158,37.550129
우리선약국,127.148718,37.53137
별약국,127.125549,37.531554
베스트약국,127.134585,37.524814
그린팜약국,127.123715,37.541029
비타민약국,127.12333,37.539762
푸른약국,127.134315,37.546988
길약국,127.137597,37.534938
길동수약국,127.136501,37.53503
고덕하나약국,127.154623,37.554641
명일약국,127.1443,37.550624
달약국,127.135178,37.534621
보생당약국,127.125112,37.538504
태양약국,127.143825,37.551789
한사랑약국,127.134715,37.526926
강동우리약국,127.135548,37.535605
참좋은온누리약국,127.135766,37.537717
튼튼온누리약국,127.126531,37.546516
코코약국,127.170661,37.552389
솔약국,127.136153,37.536633
강동한우리약국,127.127923,37.55038
상록수약국,127.129647,37.552316
메디팜미래로약국,127.171201,37.546365
온누리성심약국,127.134599,37.536449
강동미래약국,127.128128,37.550952
명일마트종로약국,127.155843,37.554673
명성그린약국,127.145569,37.550317
열린프라자약국,127.132856,37.534314
스마일약국,127.168975,37.55725
메디컬바른약국,127.141084,37.542299
센트럴약국,127.166742,37.552052
모주현약국,127.168788,37.55523
행복나무약국,127.12796,37.540018
강빛약국,127.173502,37.571925
강동성실약국,127.135699,37.536695
강일수약국,127.174861,37.572266
영일약국,127.12546,37.533846
정언약국,127.146439,37.548612
고려약국,127.136804,37.534903
연당약국,127.143904,37.553368
백제약국,127.143105,37.537962
정약국,127.142586,37.535009
온누리모세종약국,127.168928,37.557959
덕인약국,127.133281,37.545627
동명약국,127.137353,37.529636
튼튼약국,127.174672,37.572084
두루미약국,127.154623,37.554641
담주미즈약국,127.127564,37.537775
솔솔약국,127.135812,37.528076
참새약국,127.133307,37.536616
강일윤약국,127.175125,37.572389
서울마이팜약국,127.175327,37.548869
바른메디칼약국,127.127148,37.550516
이레약국,127.12772,37.55148
7형제약국,127.1424,37.529527
우주약국,127.142251,37.545718
강약국,127.127661,37.543079
허브온누리약국,127.132727,37.535157
푸르지오진흥약국,127.146518,37.534145
정든약국,127.14375,37.547672
동주약국,127.146659,37.540419
선사약국,127.128603,37.552276
천호브라운스톤약국,127.123793,37.537979
큰사랑약국,127.128281,37.549627
건강플러스약국,127.173712,37.565702
휴베이스 캐슬약국,127.142034,37.55644
새희망약국,127.155804,37.55198
아주약국,127.143372,37.545037
고덕약국,127.162626,37.557906
주온누리약국,127.142589,37.543895
미소약국,127.130388,37.541222
조은약국,127.148356,37.531597
백세약국,127.136075,37.548432
열린약국,127.134085,37.547095
베네시티약국,127.124922,37.540611
대운 한약국,127.138372,37.544185
경희자연애한약국,127.130899,37.52364
강동새로운약국,127.121177,37.530396
새가정약국,127.143153,37.547924
길성약국,127.140367,37.534319
용성약국,127.137506,37.555
동서온누리약국,127.128523,37.53297
수빈온누리약국,127.124532,37.531712
보은약국,127.127613,37.539002
신창약국,127.12805,37.552404
늘푸른약국,127.135312,37.528966
경희수약국,127.155746,37.552271
밝은미소약국,127.144185,37.546672
길동보룡약국,127.140263,37.53767
스타온누리약국,127.147082,37.558949
고은 한약국,127.121275,37.531069
햇살약국,127.154505,37.552007
천호바로약국,127.12416,37.53989
한림약국,127.134719,37.536629
천호역자몽약국,127.125112,37.538504
비전약국,127.176109,37.572582
위드팜만보약국,127.145892,37.528202
럭키약국,127.128983,37.537463
위드팜천사약국,127.134922,37.535549
웰빙365약국,127.17587,37.572412
강일역1번출구약국,127.173877,37.557514
온정약국,127.143315,37.548564
강동이레약국,127.13759,37.532746
고덕튼튼약국,127.170961,37.550665
하얀약국,127.122933,37.530253
준온누리약국,127.127601,37.551146
정다운약국,127.146154,37.528638
남푸른약국,127.160101,37.565548
영임약국,127.129909,37.541665
새원약국,127.143645,37.545943
정문약국,127.145717,37.528393
매일약국,127.134891,37.525628
대한약국,127.126346,37.538242
시민당약국,127.139802,37.53808
호원엠약국,127.127035,37.527663
정성약국,127.167103,37.557852
다나약국,127.155156,37.554141
강동메디온약국,127.139065,37.536376
강동태평양약국,127.135156,37.526334
고은온누리약국,127.139642,37.534094
서울온누리약국,127.141166,37.542519
스마트약국,127.123273,37.539355
다정약국,127.136279,37.529325
나음온누리약국,127.123132,37.536781
경희일번약국,127.155936,37.55306
윤약국,127.135812,37.528076
현대제이드약국,127.124325,37.52621
맑은샘약국,127.146747,37.540837
중앙대영약국,127.149219,37.531186
호랑이약국,127.133307,37.536616
라온약국,127.134762,37.537225
경희메디칼온누리약국,127.155936,37.55306
바로드림약국,127.172656,37.556833
이화온누리약국,127.129909,37.541665
강동새경희약국,127.155463,37.552741
복조리약국,127.142841,37.537089
대학약국,127.155936,37.55306
생생약국,127.139606,37.535936
새실로암약국,127.143527,37.550005
성덕약국,127.139904,37.550464
준약국,127.14298,37.529241
나은약국,127.144077,37.55005
다온약국,127.126306,37.53725
은행약국,127.168938,37.557781
옵티마기쁨약국,127.12772,37.55148
고덕퍼스트약국,127.162626,37.557906
참약국,127.174344,37.565247
선약국,127.167103,37.557852
행복한온누리약국,127.154778,37.553242
1층천호약국,127.123793,37.537979
강동솔약국,127.139596,37.537531
강동더본약국,127.139295,37.536857
봄날약국,127.168788,37.55523
포레온새싹약국,127.138751,37.526936
마리온누리약국,127.138751,37.526936
참약사레몬약국,127.159494,37.566336
둔촌은혜약국,127.138751,37.526936
포레온서울약국,127.138751,37.526936
아산자성약국,127.126961,37.541436
온숲약국,127.138751,37.526936
둔촌아이온누리약국,127.138751,37.526936
2층봄약국,127.138751,37.526936
강동365약국,127.143355,37.545921
포레온봄약국,127.136845,37.521544
누네공안약국,127.12655,37.533527
천호365약국,127.126961,37.541436
둔촌파란문약국,127.138751,37.526936
휴베이스새봄약국,127.134584,37.52524
365열린온약국,127.136297,37.523518
2층루마약국,127.138751,37.526936
예은약국,127.133925,37.522755
길동중앙약국,127.14272,37.536452
천사약국,127.133851,37.546351
부성한약국,127.133909,37.542725
월드팜약국,127.141705,37.532358
대자연약국,127.133171,37.546409
새아름약국,127.125814,37.552396
엘크루약국,127.124517,37.540162
암사제일약국,127.128982,37.551366
코끼리약국,127.155119,37.554662
명일로약국,127.147776,37.542605
고덕호약국,127.155119,37.554662
강동온누리약국,127.143258,37.54566
고덕3층약국,127.155119,37.554662
양지약국,127.146096,37.528145
강동원약국,127.155952,37.553311
사랑나눔약국,127.143357,37.550887
건강약국,127.148632,37.531614
고덕경희온누리약국,127.154084,37.554595
효성약국,127.154623,37.554641
모아약국,127.126931,37.537893
사랑더하기약국,127.143673,37.547277
진한약국,127.140385,37.555311
길동온누리약국,127.137236,37.534788
5층 하늘약국,127.140385,37.555311
산들약국,127.140385,37.555311
천호새빛약국,127.123793,37.537979
강일명문약국,127.174024,37.571871
강동천사약국,127.12883,37.552914
가까운사랑약국,127.14343,37.546147
그라시움이화약국,127.162626,37.557906
경희정문약국,127.155804,37.55198
길동일번약국,127.13969,37.537787
더조은약국,127.128213,37.550169
명일종로온누리약국,127.143492,37.550567
신경희약국,127.154505,37.552007
정감약국,127.123454,37.539958
가온약국,127.124357,37.539991
행복약국,127.135386,37.535283
네모약국,127.134285,37.524013
포레온해랑약국,127.136845,37.521544
포레온마트약국,127.138751,37.526936
참약사미소약국,127.138751,37.526936
하나미즈약국,127.127586,37.538128
코알라약국,127.122973,37.528708
명일솔약국,127.144386,37.551687
스타온약국,127.138751,37.526936
천호사랑약국,127.124922,37.540611
강일드림약국,127.17555,37.572314
건강한약국,127.13049,37.541324
예일약국,127.143348,37.548807
신연세약국,127.135099,37.554577
암사현대약국,127.127374,37.550522
미리암약국,127.151711,37.559026
진약국,127.134923,37.546683
우리들약국,127.127552,37.551014
한미약국,127.143673,37.551055
강남약국,127.135552,37.527398
동아약국,127.123273,37.539355
한우리유공약국,127.144665,37.529039
파란약국,127.134585,37.524814
우리약국,127.131503,37.542545
태화약국,127.141394,37.54329
둔촌온누리약국,127.134585,37.524814
언제나이화약국,127.134285,37.524013
라온휴베이스365천호역큰약국,127.126711,37.537257
둔촌365약국,127.134178,37.523726
현대 천호 바라기한약국,127.124458,37.539026
고덕스타약국,127.170055,37.557715
파마시아약국,127.138751,37.526936
제일약국,127.173491,37.557507
큐약국,127.138751,37.526936
해든약국,127.140234,37.539603
강동아람약국,127.136181,37.534307
천호튼튼약국,127.126961,37.541436
눈사랑온누리약국,127.126343,37.533714
땡큐약국,127.135178,37.534621
온누리성원약국,127.132293,37.54432
온누리삼선약국,127.15416,37.559869
종로광명약국,127.171772,37.550772
상일약국,127.168788,37.55523
해솔약국,127.141699,37.543167
드림약국,127.128209,37.551167
중앙온누리약국,127.174601,37.564957
돌고래약국,127.136315,37.539891
다나아약국,127.138039,37.530023
가까운단골약국,127.155952,37.553311
민트약국,127.126961,37.541436
포레온이화약국,127.138751,37.526936
오케이약국,127.138751,37.526936
호호호약국,127.138751,37.526936
