{
"type": "FeatureCollection",
"name": "dong_boundary",
"crs": { "type": "name", "properties": { "name": "urn:ogc:def:crs:OGC:1.3:CRS84" } },
"features": [
{ "type": "Feature", "properties": { "adm_nm": "서울특별시 종로구 사직동", "ADM_CD": "1111053000", "sggnm": "종로구" }, "geometry": { "type": "Polygon", "coordinates": [ [ [ 126.976888842748167, 37.575650779448786 ], [ 126.977034498877501, 37.569194530054553 ], [ 126.975974728212492, 37.569336299425771 ], [ 126.974331935623255, 37.569261800517531 ], [ 126.969048370018541, 37.568194417708327 ], [ 126.968544936033837, 37.568427679612753 ], [ 126.966281750244846, 37.569700734798694 ], [ 126.965728529225771, 37.570183936115114 ], [ 126.965926998221278, 37.570318805686206 ], [ 126.96601094018429, 37.571548395577473 ], [ 126.963659220521961, 37.575174660660373 ], [ 126.963086004345101, 37.576485920015543 ], [ 126.962840990511978, 37.57666158609274 ], [ 126.962810410472628, 37.579448809656768 ], [ 126.967424315843317, 37.579601537124489 ], [ 126.967457090095607, 37.578975250585437 ], [ 126.968066046996256, 37.578246780467879 ], [ 126.968955116954774, 37.577935262340283 ], [ 126.969212842969057, 37.577935299309388 ], [ 126.969414538865792, 37.578121124142172 ], [ 126.969664426694706, 37.578531136682216 ], [ 126.969669499103631, 37.57911252674959 ], [ 126.969904573616262, 37.579301753628727 ], [ 126.97135197544759, 37.57951327793981 ], [ 126.973819257844539, 37.579372140302624 ], [ 126.973939619980882, 37.578240429978088 ], [ 126.974331538357575, 37.575749906299862 ], [ 126.975803789978045, 37.57564946882421 ], [ 126.976888842748167, 37.575650779448786 ] ] ] } },
{ "type": "Feature", "properties": { "adm_nm": "서울특별시 종로구 삼청동", "ADM_CD": "1111054000", "sggnm": "종로구" }, "geometry": { "type": "Polygon", "coordinates": [ [ [ 126.98268938649305, 37.595065519422398 ], [ 126.983868097928024, 37.593850468126433 ], [ 126.984678767240084, 37.593331231471026 ], [ 126.985759277179199, 37.592794011604347 ], [ 126.986479840783815, 37.592506465665579 ], [ 126.987526228202512, 37.592246800190104 ], [ 126.988760809134106, 37.592104003075761 ], [ 126.989475792086679, 37.5917950211998 ], [ 126.989075048100133, 37.591394461628269 ], [ 126.987898495808849, 37.590556715205203 ], [ 126.986210027969463, 37.589015966651431 ], [ 126.986013874282506, 37.588201649920947 ], [ 126.985956964282408, 37.587418359612826 ], [ 126.985337100030677, 37.586145890121195 ], [ 126.984974362286536, 37.585633285496748 ], [ 126.983714217816214, 37.584970435538899 ], [ 126.982918386510292, 37.583458326946833 ], [ 126.982849315927382, 37.583227993147538 ], [ 126.982864819894829, 37.582606322658101 ], [ 126.984034695368365, 37.578433706719785 ], [ 126.984639624275033, 37.577342343203 ], [ 126.98553316382565, 37.576674025462012 ], [ 126.984948844182966, 37.576335880365896 ], [ 126.983146652391852, 37.575526362928613 ], [ 126.979592489109393, 37.575977274556337 ], [ 126.979617516158967, 37.577161447995685 ], [ 126.979741125299739, 37.579131431874536 ], [ 126.980303701624806, 37.580986173619735 ], [ 126.979417938903708, 37.585900230324711 ], [ 126.978973668856298, 37.587178178288674 ], [ 126.976566811817619, 37.589296953371573 ], [ 126.97615022517256, 37.589545227974334 ], [ 126.975693343513328, 37.589684034240094 ], [ 126.97363965976345, 37.592594118993887 ], [ 126.973587263553426, 37.593289023280704 ], [ 126.975851137756862, 37.596564222244091 ], [ 126.98105808767329, 37.595065101105888 ], [ 126.98268938649305, 37.595065519422398 ] ] ] } },
{ "type": "Feature", "properties": { "adm_nm": "서울특별시 종로구 부암동", "ADM_CD": "1111055000", "sggnm": "종로구" }, "geometry": { "type": "Polygon", "coordinates": [ [ [ 126.975851137756862, 37.596564222244091 ], [ 126.973587263553426, 37.593289023280704 ], [ 126.971937526494074, 37.593885782225897 ], [ 126.97154760196382, 37.593701308790735 ], [ 126.968924843946255, 37.59336392580812 ], [ 126.968778983264841, 37.593366650344137 ], [ 126.968642352894207, 37.593465182979493 ], [ 126.968138652949719, 37.593611635751977 ], [ 126.966433749475101, 37.592932440729243 ], [ 126.96457451385055, 37.590972619268328 ], [ 126.964111613838028, 37.589981390492333 ], [ 126.964142042118567, 37.589580331969429 ], [ 126.964240021716719, 37.589343047586297 ], [ 126.964237244108816, 37.589137979484313 ], [ 126.963173883022861, 37.587863381171267 ], [ 126.962233005353454, 37.586985922190337 ], [ 126.961710667930234, 37.586678211291549 ], [ 126.960505975254293, 37.586263725012984 ], [ 126.959682146563551, 37.586044761977305 ], [ 126.959469298789557, 37.586012240450067 ], [ 126.95917912366734, 37.586102172264638 ], [ 126.958865149453985, 37.585957645050037 ], [ 126.957804671329043, 37.584988341358191 ], [ 126.957753869177395, 37.584868680012001 ], [ 126.957895324618931, 37.583811410465415 ], [ 126.956894000654685, 37.585420104684566 ], [ 126.957473530231795, 37.587601840353926 ], [ 126.957929061313536, 37.588793643489147 ], [ 126.957514600188262, 37.592672080333642 ], [ 126.956765760010683, 37.594010509819597 ], [ 126.956329141603035, 37.595149822476095 ], [ 126.956303458066444, 37.595662365631078 ], [ 126.957145636243482, 37.598242928466817 ], [ 126.957135378943633, 37.598387095876419 ], [ 126.957054880455601, 37.598552347020352 ], [ 126.956967121128756, 37.598613815825999 ], [ 126.956731208422582, 37.598664651887326 ], [ 126.95635103787437, 37.598660647958702 ], [ 126.956123843030781, 37.598552566951696 ], [ 126.956132314159888, 37.598457965171306 ], [ 126.954093263161255, 37.598551078811226 ], [ 126.953508539793177, 37.599118470914306 ], [ 126.952749308815697, 37.600406123595477 ], [ 126.952801984745633, 37.602694705582692 ], [ 126.953201084725507, 37.603011965893799 ], [ 126.953512662014631, 37.604265145333116 ], [ 126.953542644269902, 37.604619059259029 ], [ 126.953376321249763, 37.605366284050788 ], [ 126.954010054553052, 37.604801490634614 ], [ 126.954238003275776, 37.604712410991084 ], [ 126.958154426482579, 37.603531674782161 ], [ 126.958249230303466, 37.603542250992902 ], [ 126.958729658424872, 37.603805617881036 ], [ 126.95909449579969, 37.604738150752624 ], [ 126.960011878346435, 37.60585550704166 ], [ 126.961070552793657, 37.606968940614223 ], [ 126.961534787487153, 37.607058994444564 ], [ 126.961758658130833, 37.606453864494398 ], [ 126.962100387976022, 37.60580420428451 ], [ 126.962698383208107, 37.605064449288584 ], [ 126.963255484023165, 37.604002275910723 ], [ 126.964331734146839, 37.603312005955722 ], [ 126.965664035224989, 37.601370023492201 ], [ 126.966160303295325, 37.600884418442369 ], [ 126.967145864119942, 37.600292860429086 ], [ 126.973295489353873, 37.598820775254246 ], [ 126.974103060069027, 37.597971564711237 ], [ 126.974186893400912, 37.597609013814214 ], [ 126.973675150893342, 37.59710436897587 ], [ 126.974005510874818, 37.596943600178797 ], [ 126.975851137756862, 37.596564222244091 ] ] ] } },
{ "type": "Feature", "properties": { "adm_nm": "서울특별시 종로구 평창동", "ADM_CD": "1111056000", "sggnm": "종로구" }, "geometry": { "type": "Polygon", "coordinates": [ [ [ 126.975074667880861, 37.631386286512992 ], [ 126.97648554431467, 37.630088997334461 ], [ 126.976354580285332, 37.629271579388003 ], [ 126.976672061335123, 37.628844852765397 ], [ 126.978213356971381, 37.628435936119793 ], [ 126.979524035313361, 37.629202229340599 ], [ 126.980092312373387, 37.629272335052526 ], [ 126.98050819494199, 37.629054464968299 ], [ 126.98049687592524, 37.62864543417669 ], [ 126.979666457204289, 37.627974785251027 ], [ 126.979437703068328, 37.626956391426383 ], [ 126.979208688558828, 37.624571211532484 ], [ 126.980870062980799, 37.622752259122883 ], [ 126.981373613794588, 37.621733775227163 ], [ 126.982084497769819, 37.619922953439129 ], [ 126.981800532907087, 37.619305416285336 ], [ 126.982805874650765, 37.616693689158097 ], [ 126.983243293835017, 37.616319297204051 ], [ 126.983975645318395, 37.616101673842273 ], [ 126.985341321861839, 37.615545427399169 ], [ 126.986697032730532, 37.614683792837319 ], [ 126.98706809277698, 37.61355197137194 ], [ 126.986959660681109, 37.610574822159755 ], [ 126.986271484457916, 37.609938636679423 ], [ 126.985998914231331, 37.608798380636635 ], [ 126.985900603669165, 37.607136114327645 ], [ 126.986589281778322, 37.605125556935 ], [ 126.98774119171668, 37.601215535765455 ], [ 126.986374685439515, 37.600079539177521 ], [ 126.984908526539613, 37.59943882994709 ], [ 126.982723906674281, 37.599388714842092 ], [ 126.981566564480005, 37.599143655277672 ], [ 126.981566847345007, 37.59716526193013 ], [ 126.98201142589032, 37.595843316832948 ], [ 126.98268938649305, 37.595065519422398 ], [ 126.98105808767329, 37.595065101105888 ], [ 126.975851137756862, 37.596564222244091 ], [ 126.974005510874818, 37.596943600178797 ], [ 126.973675150893342, 37.59710436897587 ], [ 126.974186893400912, 37.597609013814214 ], [ 126.974103060069027, 37.597971564711237 ], [ 126.973295489353873, 37.598820775254246 ], [ 126.967145864119942, 37.600292860429086 ], [ 126.966160303295325, 37.600884418442369 ], [ 126.965664035224989, 37.601370023492201 ], [ 126.964331734146839, 37.603312005955722 ], [ 126.963255484023165, 37.604002275910723 ], [ 126.962698383208107, 37.605064449288584 ], [ 126.962100387976022, 37.60580420428451 ], [ 126.961758658130833, 37.606453864494398 ], [ 126.961534787487153, 37.607058994444564 ], [ 126.961070552793657, 37.606968940614223 ], [ 126.960011878346435, 37.60585550704166 ], [ 126.95909449579969, 37.604738150752624 ], [ 126.958729658424872, 37.603805617881036 ], [ 126.958249230303466, 37.603542250992902 ], [ 126.958154426482579, 37.603531674782161 ], [ 126.954627051489794, 37.60457224932783 ], [ 126.954010054553052, 37.604801490634614 ], [ 126.953121263772118, 37.605597315507204 ], [ 126.950736878576706, 37.608320203595703 ], [ 126.950377046314628, 37.6078785962168 ], [ 126.94998323286886, 37.609705232797928 ], [ 126.950633816385974, 37.610964460426167 ], [ 126.950846612350944, 37.611800361136716 ], [ 126.950936677827556, 37.61235961031376 ], [ 126.950692195655364, 37.614886725539854 ], [ 126.95039624404842, 37.616128068627198 ], [ 126.950331642608688, 37.618361960313514 ], [ 126.951240985741762, 37.622792885950638 ], [ 126.951716339673425, 37.624328550490226 ], [ 126.952171601725453, 37.62482296632809 ], [ 126.953178355652867, 37.625166763369798 ], [ 126.956752961350688, 37.625365796759127 ], [ 126.95954222807589, 37.628482583830333 ], [ 126.962341615384105, 37.628850275537069 ], [ 126.967629340185638, 37.629809389221371 ], [ 126.969251985820989, 37.630223413318362 ], [ 126.970203682825982, 37.630860893108554 ], [ 126.971785907806378, 37.632285339038738 ], [ 126.975074667880861, 37.631386286512992 ] ] ] } },
{ "type": "Feature", "properties": { "adm_nm": "서울특별시 종로구 무악동", "ADM_CD": "1111057000", "sggnm": "종로구" }, "geometry": { "type": "Polygon", "coordinates": [ [ [ 126.960673532738952, 37.580797842029732 ], [ 126.962810410472628, 37.579448809656768 ], [ 126.962840990511978, 37.57666158609274 ], [ 126.961783830850436, 37.575139086531017 ], [ 126.960691729330804, 37.573220055621491 ], [ 126.960414544611055, 37.573029851720705 ], [ 126.959570737810694, 37.572961218450786 ], [ 126.953556016669452, 37.57887566580947 ], [ 126.955455144570337, 37.578970069604246 ], [ 126.955746459556735, 37.57930378371988 ], [ 126.955794839929382, 37.580729256827432 ], [ 126.956457604643802, 37.581283256885577 ], [ 126.957001888470259, 37.581583205322538 ], [ 126.958268826312349, 37.581697187803158 ], [ 126.958777061844344, 37.581618172910282 ], [ 126.960673532738952, 37.580797842029732 ] ] ] } },
{ "type": "Feature", "properties": { "adm_nm": "서울특별시 종로구 교남동", "ADM_CD": "1111058000", "sggnm": "종로구" }, "geometry": { "type": "Polygon", "coordinates": [ [ [ 126.969048370018541, 37.568194417708327 ], [ 126.96713423029, 37.566301192783868 ], [ 126.967186469982735, 37.566255827643815 ], [ 126.966773538263666, 37.565794364030033 ], [ 126.9658121875202, 37.566669014627266 ], [ 126.959570737810694, 37.572961218450786 ], [ 126.960414544611055, 37.573029851720705 ], [ 126.960691729330804, 37.573220055621491 ], [ 126.961783830850436, 37.575139086531017 ], [ 126.962840990511978, 37.57666158609274 ], [ 126.963086004345101, 37.576485920015543 ], [ 126.963659220521961, 37.575174660660373 ], [ 126.96601094018429, 37.571548395577473 ], [ 126.965926998221278, 37.570318805686206 ], [ 126.965728529225771, 37.570183936115114 ], [ 126.966281750244846, 37.569700734798694 ], [ 126.968544936033837, 37.568427679612753 ], [ 126.969048370018541, 37.568194417708327 ] ] ] } },
{ "type": "Feature", "properties": { "adm_nm": "서울특별시 종로구 가회동", "ADM_CD": "1111060000", "sggnm": "종로구" }, "geometry": { "type": "Polygon", "coordinates": [ [ [ 126.989135903089448, 37.591306686318617 ], [ 126.988308367607232, 37.587469119033116 ], [ 126.988030855073717, 37.585547457778631 ], [ 126.988859096489463, 37.585495326154245 ], [ 126.989772357801385, 37.582320911004366 ], [ 126.989300236279121, 37.577387383562929 ], [ 126.988240121552579, 37.577367019793876 ], [ 126.98553316382565, 37.576674025462012 ], [ 126.984639624275033, 37.577342343203 ], [ 126.984034695368365, 37.578433706719785 ], [ 126.982991787047098, 37.582057058640778 ], [ 126.982842104010956, 37.582717763620892 ], [ 126.982849315927382, 37.583227993147538 ], [ 126.982918386510292, 37.583458326946833 ], [ 126.983714217816214, 37.584970435538899 ], [ 126.984974362286536, 37.585633285496748 ], [ 126.985337100030677, 37.586145890121195 ], [ 126.985956964282408, 37.587418359612826 ], [ 126.986013874282506, 37.588201649920947 ], [ 126.986210027969463, 37.589015966651431 ], [ 126.987898495808849, 37.590556715205203 ], [ 126.989075048100133, 37.591394461628269 ], [ 126.989135903089448, 37.591306686318617 ] ] ] } },
{ "type": "Feature", "properties": { "adm_nm": "서울특별시 종로구 종로1·2·3·4가동", "ADM_CD": "1111061500", "sggnm": "종로구" }, "geometry": { "type": "Polygon", "coordinates": [ [ [ 126.996499784519315, 37.581022567729896 ], [ 126.996411724696145, 37.580645880422686 ], [ 126.996757964892851, 37.578422160319889 ], [ 126.997183472684796, 37.576932245353113 ], [ 126.999677652781529, 37.575897283278564 ], [ 126.999379351934891, 37.57583855688933 ], [ 126.997969240043147, 37.574299211724593 ], [ 126.998056129126411, 37.57378124935039 ], [ 127.000471711230546, 37.570753306335625 ], [ 127.001622249159226, 37.569591574482182 ], [ 126.998297389972237, 37.568940915932799 ], [ 126.996696626545415, 37.568709891251757 ], [ 126.988898316163102, 37.568108538656801 ], [ 126.986599243193254, 37.568213484555649 ], [ 126.982692138666536, 37.568890464686092 ], [ 126.97780271779051, 37.569249758081796 ], [ 126.977034498877501, 37.569194530054553 ], [ 126.976888842748167, 37.575650779448786 ], [ 126.979592489109393, 37.575977274556337 ], [ 126.983146652391852, 37.575526362928613 ], [ 126.984948844182966, 37.576335880365896 ], [ 126.98553316382565, 37.576674025462012 ], [ 126.988240121552579, 37.577367019793876 ], [ 126.989300236279121, 37.577387383562929 ], [ 126.989772357801385, 37.582320911004366 ], [ 126.988859096489463, 37.585495326154245 ], [ 126.988030855073717, 37.585547457778631 ], [ 126.988308367607232, 37.587469119033116 ], [ 126.989299255618135, 37.587279639521277 ], [ 126.991299140819478, 37.587065192782852 ], [ 126.992291570643459, 37.587195623262325 ], [ 126.993289283461209, 37.586929537014079 ], [ 126.99602795514383, 37.583287437105433 ], [ 126.996265463704233, 37.582707083415222 ], [ 126.996542085846229, 37.581573695427267 ], [ 126.996499784519315, 37.581022567729896 ] ] ] } },
{ "type": "Feature", "properties": { "adm_nm": "서울특별시 종로구 종로5·6가동", "ADM_CD": "1111063000", "sggnm": "종로구" }, "geometry": { "type": "Polygon", "coordinates": [ [ [ 127.010160448395624, 37.571568101570833 ], [ 127.009585232169215, 37.569783784930834 ], [ 127.006683609991612, 37.569647761132209 ], [ 127.001622249159226, 37.569591574482182 ], [ 127.000471711230546, 37.570753306335625 ], [ 126.998056129126411, 37.57378124935039 ], [ 126.997969240043147, 37.574299211724593 ], [ 126.999379351934891, 37.57583855688933 ], [ 126.999677652781529, 37.575897283278564 ], [ 127.00861398800204, 37.576708814320881 ], [ 127.008433109582398, 37.576231511305245 ], [ 127.00840447783014, 37.575849446517651 ], [ 127.008836131714446, 37.572739342823709 ], [ 127.009726906103381, 37.571492427442571 ], [ 127.010160448395624, 37.571568101570833 ] ] ] } },
{ "type": "Feature", "properties": { "adm_nm": "서울특별시 종로구 이화동", "ADM_CD": "1111064000", "sggnm": "종로구" }, "geometry": { "type": "Polygon", "coordinates": [ [ [ 127.007332539631321, 37.583203339216226 ], [ 127.008841317839227, 37.580452638734883 ], [ 127.00861398800204, 37.576708814320881 ], [ 126.999677652781529, 37.575897283278564 ], [ 126.997183472684796, 37.576932245353113 ], [ 126.996757964892851, 37.578422160319889 ], [ 126.996411724696145, 37.580645880422686 ], [ 126.996499784519315, 37.581022567729896 ], [ 126.998230263086867, 37.581266540340998 ], [ 127.001804621914033, 37.582530312837932 ], [ 127.001721128340492, 37.583133635452405 ], [ 127.002720829472054, 37.583723680505777 ], [ 127.005804595261452, 37.584756278282704 ], [ 127.006182195381456, 37.583961294859606 ], [ 127.007332539631321, 37.583203339216226 ] ] ] } },
{ "type": "Feature", "properties": { "adm_nm": "서울특별시 종로구 창신1동", "ADM_CD": "1111067000", "sggnm": "종로구" }, "geometry": { "type": "Polygon", "coordinates": [ [ [ 127.015726040800317, 37.572983762654744 ], [ 127.018818536518452, 37.570984519777092 ], [ 127.017513375615493, 37.570291012969989 ], [ 127.016641546634418, 37.569988648935606 ], [ 127.016005640566959, 37.56982380100294 ], [ 127.009585232169215, 37.569783784930834 ], [ 127.010160448395624, 37.571568101570833 ], [ 127.011960880874469, 37.572638390987528 ], [ 127.012606557589109, 37.574677091344356 ], [ 127.012649293720969, 37.575381346683621 ], [ 127.015477694466341, 37.57681045639643 ], [ 127.015669470114133, 37.575578047001116 ], [ 127.015726040800317, 37.572983762654744 ] ] ] } },
{ "type": "Feature", "properties": { "adm_nm": "서울특별시 종로구 창신2동", "ADM_CD": "1111068000", "sggnm": "종로구" }, "geometry": { "type": "Polygon", "coordinates": [ [ [ 127.010480065311697, 37.580335481157597 ], [ 127.011109504623903, 37.578910610965657 ], [ 127.011731809193805, 37.576182106359312 ], [ 127.012649293720969, 37.575381346683621 ], [ 127.012606557589109, 37.574677091344356 ], [ 127.011960880874469, 37.572638390987528 ], [ 127.010160448395624, 37.571568101570833 ], [ 127.009726906103381, 37.571492427442571 ], [ 127.008836131714446, 37.572739342823709 ], [ 127.00840447783014, 37.575849446517651 ], [ 127.008420435205778, 37.576157710362033 ], [ 127.00861398800204, 37.576708814320881 ], [ 127.008841317839227, 37.580452638734883 ], [ 127.009965433084943, 37.580208357141579 ], [ 127.010480065311697, 37.580335481157597 ] ] ] } },
{ "type": "Feature", "properties": { "adm_nm": "서울특별시 종로구 창신3동", "ADM_CD": "1111069000", "sggnm": "종로구" }, "geometry": { "type": "Polygon", "coordinates": [ [ [ 127.014950496477127, 37.582130731356358 ], [ 127.014950961590728, 37.581411919002839 ], [ 127.015477694466341, 37.57681045639643 ], [ 127.012649293720969, 37.575381346683621 ], [ 127.011731809193805, 37.576182106359312 ], [ 127.011109504623903, 37.578910610965657 ], [ 127.010480065311697, 37.580335481157597 ], [ 127.012155024459105, 37.581505178450342 ], [ 127.012801219237048, 37.58131747945707 ], [ 127.013827792100869, 37.581708123465219 ], [ 127.014685884830357, 37.582226547406293 ], [ 127.014950496477127, 37.582130731356358 ] ] ] } },
{ "type": "Feature", "properties": { "adm_nm": "서울특별시 종로구 숭인1동", "ADM_CD": "1111070000", "sggnm": "종로구" }, "geometry": { "type": "Polygon", "coordinates": [ [ [ 127.018751663657071, 37.577526900275195 ], [ 127.0191680508145, 37.574745689706702 ], [ 127.01887510795649, 37.573963704244676 ], [ 127.017212164084498, 37.573343023720966 ], [ 127.015726040800317, 37.572983762654744 ], [ 127.015669470114133, 37.575578047001116 ], [ 127.015477694466341, 37.57681045639643 ], [ 127.014950961590728, 37.581411919002839 ], [ 127.014950496477127, 37.582130731356358 ], [ 127.01606730281172, 37.581840133476653 ], [ 127.016390071006455, 37.581842582968299 ], [ 127.016786332087264, 37.58153662148743 ], [ 127.017604523947938, 37.579688802362952 ], [ 127.018005510390282, 37.578058182331382 ], [ 127.018751663657071, 37.577526900275195 ] ] ] } },
{ "type": "Feature", "properties": { "adm_nm": "서울특별시 종로구 숭인2동", "ADM_CD": "1111071000", "sggnm": "종로구" }, "geometry": { "type": "Polygon", "coordinates": [ [ [ 127.023167877804156, 37.57804158355124 ], [ 127.023368123999518, 37.571739854899207 ], [ 127.018818536518452, 37.570984519777092 ], [ 127.015726040800317, 37.572983762654744 ], [ 127.017212164084498, 37.573343023720966 ], [ 127.01887510795649, 37.573963704244676 ], [ 127.0191680508145, 37.574745689706702 ], [ 127.018751663657071, 37.577526900275195 ], [ 127.022508743937877, 37.57809642692493 ], [ 127.023167877804156, 37.57804158355124 ] ] ] } },
{ "type": "Feature", "properties": { "adm_nm": "서울특별시 종로구 청운효자동", "ADM_CD": "1111051500", "sggnm": "종로구" }, "geometry": { "type": "Polygon", "coordinates": [ [ [ 126.973587263553426, 37.593289023280704 ], [ 126.97363965976345, 37.592594118993887 ], [ 126.975693343513328, 37.589684034240094 ], [ 126.97615022517256, 37.589545227974334 ], [ 126.976566811817619, 37.589296953371573 ], [ 126.978973668856298, 37.587178178288674 ], [ 126.979417938903708, 37.585900230324711 ], [ 126.980303701624806, 37.580986173619735 ], [ 126.979741125299739, 37.579131431874536 ], [ 126.979617516158967, 37.577161447995685 ], [ 126.979592489109393, 37.575977274556337 ], [ 126.976888842748167, 37.575650779448786 ], [ 126.975803789978045, 37.57564946882421 ], [ 126.974331538357575, 37.575749906299862 ], [ 126.973939619980882, 37.578240429978088 ], [ 126.973819257844539, 37.579372140302624 ], [ 126.97135197544759, 37.57951327793981 ], [ 126.969904573616262, 37.579301753628727 ], [ 126.969669499103631, 37.57911252674959 ], [ 126.969664426694706, 37.578531136682216 ], [ 126.969414538865792, 37.578121124142172 ], [ 126.969212842969057, 37.577935299309388 ], [ 126.968955116954774, 37.577935262340283 ], [ 126.968066046996256, 37.578246780467879 ], [ 126.967457090095607, 37.578975250585437 ], [ 126.967424315843317, 37.579601537124489 ], [ 126.962810410472628, 37.579448809656768 ], [ 126.960673532738952, 37.580797842029732 ], [ 126.957895324618931, 37.583811410465415 ], [ 126.957753869177395, 37.584868680012001 ], [ 126.957804671329043, 37.584988341358191 ], [ 126.958865149453985, 37.585957645050037 ], [ 126.95917912366734, 37.586102172264638 ], [ 126.959469298789557, 37.586012240450067 ], [ 126.959682146563551, 37.586044761977305 ], [ 126.960505975254293, 37.586263725012984 ], [ 126.961710667930234, 37.586678211291549 ], [ 126.962233005353454, 37.586985922190337 ], [ 126.963173883022861, 37.587863381171267 ], [ 126.964237244108816, 37.589137979484313 ], [ 126.964240021716719, 37.589343047586297 ], [ 126.964142042118567, 37.589580331969429 ], [ 126.964111613838028, 37.589981390492333 ], [ 126.96457451385055, 37.590972619268328 ], [ 126.966433749475101, 37.592932440729243 ], [ 126.968138652949719, 37.593611635751977 ], [ 126.968642352894207, 37.593465182979493 ], [ 126.968778983264841, 37.593366650344137 ], [ 126.968924843946255, 37.59336392580812 ], [ 126.97154760196382, 37.593701308790735 ], [ 126.971937526494074, 37.593885782225897 ], [ 126.973587263553426, 37.593289023280704 ] ] ] } },
{ "type": "Feature", "properties": { "adm_nm": "서울특별시 종로구 혜화동", "ADM_CD": "1111065000", "sggnm": "종로구" }, "geometry": { "type": "Polygon", "coordinates": [ [ [ 127.004194817617034, 37.587950483032529 ], [ 127.004163889918672, 37.58729006506222 ], [ 127.004299747286751, 37.587086705567486 ], [ 127.004609217144889, 37.586995224897457 ], [ 127.00593335431671, 37.586909905760379 ], [ 127.006527493798131, 37.586128221213336 ], [ 127.007354936809165, 37.583363335858955 ], [ 127.007332539631321, 37.583203339216226 ], [ 127.006182195381456, 37.583961294859606 ], [ 127.005804595261452, 37.584756278282704 ], [ 127.002720829472054, 37.583723680505777 ], [ 127.001721128340492, 37.583133635452405 ], [ 127.001804621914033, 37.582530312837932 ], [ 126.998230263086867, 37.581266540340998 ], [ 126.996499784519315, 37.581022567729896 ], [ 126.996542085846229, 37.581573695427267 ], [ 126.996265463704233, 37.582707083415222 ], [ 126.99602795514383, 37.583287437105433 ], [ 126.993289283461209, 37.586929537014079 ], [ 126.992291570643459, 37.587195623262325 ], [ 126.991299140819478, 37.587065192782852 ], [ 126.989299255618135, 37.587279639521277 ], [ 126.988308367607232, 37.587469119033116 ], [ 126.989135903089448, 37.591306686318617 ], [ 126.998745178622769, 37.592516379265064 ], [ 126.999372005073269, 37.59236681171857 ], [ 127.000785997076406, 37.592445035342962 ], [ 127.000942194290261, 37.59239265541499 ], [ 127.001559767275126, 37.591918766063898 ], [ 127.001681228018867, 37.591752530323944 ], [ 127.001911843058139, 37.591248750276478 ], [ 127.001698105334796, 37.590602260509662 ], [ 127.001658251840468, 37.590101846311057 ], [ 127.002430491937389, 37.589057291639662 ], [ 127.003419879437615, 37.588355029626364 ], [ 127.004194817617034, 37.587950483032529 ] ] ] } },
{ "type": "Feature", "properties": { "adm_nm": "서울특별시 중구 소공동", "ADM_CD": "1114052000", "sggnm": "중구" }, "geometry": { "type": "Polygon", "coordinates": [ [ [ 126.981087377348885, 37.561801041995693 ], [ 126.980308813740038, 37.561425917917006 ], [ 126.974074773048031, 37.55982652702356 ], [ 126.971399237625874, 37.559602732846997 ], [ 126.966773538263666, 37.565794364030033 ], [ 126.967186469982735, 37.566255827643815 ], [ 126.96713423029, 37.566301192783868 ], [ 126.969048370018541, 37.568194417708327 ], [ 126.974331935623255, 37.569261800517531 ], [ 126.975374709912543, 37.569315567021562 ], [ 126.975275363134898, 37.568734217703579 ], [ 126.975636147396457, 37.567756422206656 ], [ 126.978350668960928, 37.565439850969568 ], [ 126.979717113806629, 37.565883704684765 ], [ 126.980593603609776, 37.565950070742645 ], [ 126.982646283755756, 37.565949285303901 ], [ 126.982633676485065, 37.56557663390231 ], [ 126.98240527395096, 37.564068828076664 ], [ 126.982038172955384, 37.562957363778288 ], [ 126.981087377348885, 37.561801041995693 ] ] ] } },
{ "type": "Feature", "properties": { "adm_nm": "서울특별시 중구 회현동", "ADM_CD": "1114054000", "sggnm": "중구" }, "geometry": { "type": "Polygon", "coordinates": [ [ [ 126.985364127733448, 37.554238388340302 ], [ 126.985427093698149, 37.553744426992886 ], [ 126.984875256058416, 37.553304439191265 ], [ 126.98446914066939, 37.553093103030413 ], [ 126.983743551507118, 37.553035851756739 ], [ 126.983067439868705, 37.553403649989832 ], [ 126.981480198562267, 37.553923902649487 ], [ 126.980839106131441, 37.553925592234243 ], [ 126.979829377755621, 37.553415266091967 ], [ 126.977154351416388, 37.554981937605824 ], [ 126.976925982201109, 37.555056414039605 ], [ 126.976733724379017, 37.555026268313441 ], [ 126.976628028185232, 37.55496270544252 ], [ 126.976578495398556, 37.554863225763519 ], [ 126.976490102388553, 37.553134610519578 ], [ 126.976658652878086, 37.552708344625479 ], [ 126.972362318945017, 37.554391104728893 ], [ 126.969072715918855, 37.553896930097174 ], [ 126.968488970864058, 37.555383763681306 ], [ 126.969303007106518, 37.558020506172447 ], [ 126.970571998667765, 37.559314003890279 ], [ 126.971399237625874, 37.559602732846997 ], [ 126.974074773048031, 37.55982652702356 ], [ 126.980308813740038, 37.561425917917006 ], [ 126.981087377348885, 37.561801041995693 ], [ 126.981261389755844, 37.561263036937198 ], [ 126.982226996523238, 37.560092256039731 ], [ 126.983152003485955, 37.557954628389233 ], [ 126.983278271791932, 37.557294944313909 ], [ 126.983448311027999, 37.554700930196937 ], [ 126.983582686601224, 37.554199016031916 ], [ 126.983841899385382, 37.553960165346915 ], [ 126.985364127733448, 37.554238388340302 ] ] ] } },
{ "type": "Feature", "properties": { "adm_nm": "서울특별시 중구 명동", "ADM_CD": "1114055000", "sggnm": "중구" }, "geometry": { "type": "Polygon", "coordinates": [ [ [ 126.977034498877501, 37.569194530054553 ], [ 126.97780271779051, 37.569249758081796 ], [ 126.982692138666536, 37.568890464686092 ], [ 126.986599243193254, 37.568213484555649 ], [ 126.988898316163102, 37.568108538656801 ], [ 126.990868782450633, 37.568243242488769 ], [ 126.990828833180913, 37.566826826740055 ], [ 126.990595474645119, 37.566182484345205 ], [ 126.989760707879441, 37.566133812115865 ], [ 126.988593363530072, 37.565248755936551 ], [ 126.988507706233989, 37.564736934192865 ], [ 126.988578563059974, 37.563584642986648 ], [ 126.988760508633888, 37.562907281343108 ], [ 126.989886220374188, 37.562880488988981 ], [ 126.990317739146121, 37.562955512382423 ], [ 126.990518165650798, 37.561198846353278 ], [ 126.988544506534353, 37.560389218144607 ], [ 126.987381399339895, 37.558385473782238 ], [ 126.98691508344605, 37.557453892084851 ], [ 126.986768883388251, 37.557324904624949 ], [ 126.985821599833756, 37.556761857724567 ], [ 126.985089072101246, 37.556577268942938 ], [ 126.984859589679914, 37.556299103227502 ], [ 126.984738391452893, 37.556122811390111 ], [ 126.984757045169872, 37.555885062942117 ], [ 126.985364127733448, 37.554238388340302 ], [ 126.983841899385382, 37.553960165346915 ], [ 126.983582686601224, 37.554199016031916 ], [ 126.983448311027999, 37.554700930196937 ], [ 126.983278271791932, 37.557294944313909 ], [ 126.983152003485955, 37.557954628389233 ], [ 126.982226996523238, 37.560092256039731 ], [ 126.981261389755844, 37.561263036937198 ], [ 126.981087377348885, 37.561801041995693 ], [ 126.982038172955384, 37.562957363778288 ], [ 126.98240527395096, 37.564068828076664 ], [ 126.982633676485065, 37.56557663390231 ], [ 126.982646283755756, 37.565949285303901 ], [ 126.980593603609776, 37.565950070742645 ], [ 126.979717113806629, 37.565883704684765 ], [ 126.978350668960928, 37.565439850969568 ], [ 126.975636147396457, 37.567756422206656 ], [ 126.975293677879947, 37.568658391321122 ], [ 126.975374709912543, 37.569315567021562 ], [ 126.975974728212492, 37.569336299425771 ], [ 126.977034498877501, 37.569194530054553 ] ] ] } },
{ "type": "Feature", "properties": { "adm_nm": "서울특별시 중구 필동", "ADM_CD": "1114057000", "sggnm": "중구" }, "geometry": { "type": "Polygon", "coordinates": [ [ [ 126.9934719028237, 37.563002898448282 ], [ 126.993363596274193, 37.562609258546928 ], [ 126.993678549767964, 37.561767056990583 ], [ 126.993721419164046, 37.561715949618318 ], [ 126.994295721181714, 37.561527157498872 ], [ 126.994754386366665, 37.561427445550734 ], [ 126.995316944053556, 37.561517996295485 ], [ 127.001173124307982, 37.562880319465989 ], [ 127.000995443576798, 37.561060787397203 ], [ 127.000396629581743, 37.559389895700249 ], [ 127.002638199917826, 37.558470970511983 ], [ 127.003400147247234, 37.558817817079088 ], [ 127.003512499255748, 37.558826170986819 ], [ 127.003878752030815, 37.558141564992148 ], [ 127.003478613771478, 37.556696597663944 ], [ 127.003094202264251, 37.556297260094958 ], [ 127.002511971772421, 37.555849767069667 ], [ 127.001385137321506, 37.55547208046729 ], [ 127.000287753141592, 37.555243229505038 ], [ 126.998574870731986, 37.554255751064808 ], [ 126.998492162038502, 37.55403106653452 ], [ 126.998375112305055, 37.553234123371098 ], [ 126.99740399808546, 37.551276393026953 ], [ 126.99639478561177, 37.551835362558592 ], [ 126.995133098582116, 37.552266002363559 ], [ 126.994443103843153, 37.552282202781562 ], [ 126.992584503436518, 37.550685601419154 ], [ 126.992359974022534, 37.550093126422475 ], [ 126.987811417298914, 37.551491980275394 ], [ 126.985427093698149, 37.553744426992886 ], [ 126.985364127733448, 37.554238388340302 ], [ 126.984757045169872, 37.555885062942117 ], [ 126.984738391452893, 37.556122811390111 ], [ 126.985089072101246, 37.556577268942938 ], [ 126.985821599833756, 37.556761857724567 ], [ 126.986768883388251, 37.557324904624949 ], [ 126.98691508344605, 37.557453892084851 ], [ 126.987381399339895, 37.558385473782238 ], [ 126.988544506534353, 37.560389218144607 ], [ 126.990518165650798, 37.561198846353278 ], [ 126.990317739146121, 37.562955512382423 ], [ 126.991428955504773, 37.563299502294228 ], [ 126.9934719028237, 37.563002898448282 ] ] ] } },
{ "type": "Feature", "properties": { "adm_nm": "서울특별시 중구 장충동", "ADM_CD": "1114058000", "sggnm": "중구" }, "geometry": { "type": "Polygon", "coordinates": [ [ [ 127.009567910971683, 37.563025744036686 ], [ 127.009364204560725, 37.562047046265327 ], [ 127.009850596563112, 37.560489769307402 ], [ 127.009858094564564, 37.560328649171836 ], [ 127.007265022324404, 37.556278684936991 ], [ 127.005225615362988, 37.554574492598526 ], [ 127.00452649356842, 37.553934983591027 ], [ 127.003775721070426, 37.551909426157316 ], [ 127.003857234328208, 37.551354312669673 ], [ 127.004225278994852, 37.550375639444638 ], [ 127.002684410937903, 37.549600758528968 ], [ 127.000253158807666, 37.549508245271198 ], [ 126.999950678897378, 37.549562172360353 ], [ 126.999104312698918, 37.549890930795549 ], [ 126.998521777183441, 37.549931299316114 ], [ 126.997743066526382, 37.54935788556125 ], [ 126.995320555861753, 37.547237269992301 ], [ 126.993194107955915, 37.549055626161362 ], [ 126.992359974022534, 37.550093126422475 ], [ 126.992584503436518, 37.550685601419154 ], [ 126.994443103843153, 37.552282202781562 ], [ 126.995133098582116, 37.552266002363559 ], [ 126.99639478561177, 37.551835362558592 ], [ 126.99740399808546, 37.551276393026953 ], [ 126.998375112305055, 37.553234123371098 ], [ 126.998492162038502, 37.55403106653452 ], [ 126.998574870731986, 37.554255751064808 ], [ 127.000287753141592, 37.555243229505038 ], [ 127.001385137321506, 37.55547208046729 ], [ 127.002511971772421, 37.555849767069667 ], [ 127.003094202264251, 37.556297260094958 ], [ 127.003478613771478, 37.556696597663944 ], [ 127.003878752030815, 37.558141564992148 ], [ 127.003512499255748, 37.558826170986819 ], [ 127.003400147247234, 37.558817817079088 ], [ 127.002638199917826, 37.558470970511983 ], [ 127.000396629581743, 37.559389895700249 ], [ 127.000995443576798, 37.561060787397203 ], [ 127.001173124307982, 37.562880319465989 ], [ 127.002645311078211, 37.562426794194671 ], [ 127.005224160220223, 37.562499596636783 ], [ 127.006168610437626, 37.562866343605933 ], [ 127.006699183163349, 37.563573028527372 ], [ 127.009567910971683, 37.563025744036686 ] ] ] } },
{ "type": "Feature", "properties": { "adm_nm": "서울특별시 중구 광희동", "ADM_CD": "1114059000", "sggnm": "중구" }, "geometry": { "type": "Polygon", "coordinates": [ [ [ 127.009567910971683, 37.563025744036686 ], [ 127.006699183163349, 37.563573028527372 ], [ 127.006168610437626, 37.562866343605933 ], [ 127.005224160220223, 37.562499596636783 ], [ 127.002645311078211, 37.562426794194671 ], [ 127.001173124307982, 37.562880319465989 ], [ 126.995316944053556, 37.561517996295485 ], [ 126.994754386366665, 37.561427445550734 ], [ 126.993721419164046, 37.561715949618318 ], [ 126.993363596274193, 37.562609258546928 ], [ 126.9934719028237, 37.563002898448282 ], [ 126.995054379422896, 37.565086222155642 ], [ 126.995890324934692, 37.565470598640118 ], [ 126.996765447139495, 37.565662815669839 ], [ 127.001527985191672, 37.565882435428676 ], [ 127.003226884466486, 37.565288776839914 ], [ 127.004163379775434, 37.566761907990774 ], [ 127.004987719660107, 37.568820436189199 ], [ 127.005464296247155, 37.569314794561031 ], [ 127.006683609991612, 37.569647761132209 ], [ 127.009585232169215, 37.569783784930834 ], [ 127.009935096263703, 37.569315410423492 ], [ 127.011763783103177, 37.56781435763957 ], [ 127.011916274460631, 37.566467944449748 ], [ 127.011886283283161, 37.566088940603109 ], [ 127.011090016710256, 37.565866911095021 ], [ 127.010506114185077, 37.565765343272865 ], [ 127.009567910971683, 37.563025744036686 ] ] ] } },
{ "type": "Feature", "properties": { "adm_nm": "서울특별시 중구 을지로동", "ADM_CD": "1114060500", "sggnm": "중구" }, "geometry": { "type": "Polygon", "coordinates": [ [ [ 126.9934719028237, 37.563002898448282 ], [ 126.991428955504773, 37.563299502294228 ], [ 126.990317739146121, 37.562955512382423 ], [ 126.989886220374188, 37.562880488988981 ], [ 126.988760508633888, 37.562907281343108 ], [ 126.988578563059974, 37.563584642986648 ], [ 126.988507706233989, 37.564736934192865 ], [ 126.988593363530072, 37.565248755936551 ], [ 126.989760707879441, 37.566133812115865 ], [ 126.990595474645119, 37.566182484345205 ], [ 126.990828833180913, 37.566826826740055 ], [ 126.990868782450633, 37.568243242488769 ], [ 126.996696626545415, 37.568709891251757 ], [ 126.998297389972237, 37.568940915932799 ], [ 127.001622249159226, 37.569591574482182 ], [ 127.006683609991612, 37.569647761132209 ], [ 127.005464296247155, 37.569314794561031 ], [ 127.004987719660107, 37.568820436189199 ], [ 127.004163379775434, 37.566761907990774 ], [ 127.003226884466486, 37.565288776839914 ], [ 127.001527985191672, 37.565882435428676 ], [ 126.996765447139495, 37.565662815669839 ], [ 126.995890324934692, 37.565470598640118 ], [ 126.995054379422896, 37.565086222155642 ], [ 126.9934719028237, 37.563002898448282 ] ] ] } },
{ "type": "Feature", "properties": { "adm_nm": "서울특별시 중구 신당5동", "ADM_CD": "1114065000", "sggnm": "중구" }, "geometry": { "type": "Polygon", "coordinates": [ [ [ 127.023615247863077, 37.565168869046076 ], [ 127.026705495410539, 37.564989762451361 ], [ 127.026756803991461, 37.564289047752027 ], [ 127.02670755412781, 37.563882238318705 ], [ 127.02649911495773, 37.563387418230718 ], [ 127.026265206820355, 37.562993762112917 ], [ 127.023494974422306, 37.560717974090274 ], [ 127.02203475040136, 37.56087994791072 ], [ 127.021317760513071, 37.56112040737802 ], [ 127.020951324215957, 37.561320597982693 ], [ 127.020496249325376, 37.561659008989494 ], [ 127.018773961724492, 37.56339160479137 ], [ 127.015990718442609, 37.564122672606004 ], [ 127.018074357202806, 37.565566649808687 ], [ 127.02059257547279, 37.565758078970134 ], [ 127.023615247863077, 37.565168869046076 ] ] ] } },
{ "type": "Feature", "properties": { "adm_nm": "서울특별시 중구 황학동", "ADM_CD": "1114067000", "sggnm": "중구" }, "geometry": { "type": "Polygon", "coordinates": [ [ [ 127.023615247863077, 37.565168869046076 ], [ 127.02059257547279, 37.565758078970134 ], [ 127.018074357202806, 37.565566649808687 ], [ 127.017699086110966, 37.569985776911018 ], [ 127.017513375615493, 37.570291012969989 ], [ 127.018818536518452, 37.570984519777092 ], [ 127.023368123999518, 37.571739854899207 ], [ 127.023615247863077, 37.565168869046076 ] ] ] } },
{ "type": "Feature", "properties": { "adm_nm": "서울특별시 중구 중림동", "ADM_CD": "1114068000", "sggnm": "중구" }, "geometry": { "type": "Polygon", "coordinates": [ [ [ 126.971399237625874, 37.559602732846997 ], [ 126.970571998667765, 37.559314003890279 ], [ 126.969303007106518, 37.558020506172447 ], [ 126.968488970864058, 37.555383763681306 ], [ 126.965720018073355, 37.554111650266421 ], [ 126.964849138667105, 37.553494789447448 ], [ 126.962386874394127, 37.551503993982486 ], [ 126.962136221591834, 37.55192200380381 ], [ 126.961707249935003, 37.552966388114619 ], [ 126.961661840271418, 37.553341718799274 ], [ 126.96170270446936, 37.555342928381336 ], [ 126.961838039218989, 37.555406608122212 ], [ 126.96205018456746, 37.55532645358582 ], [ 126.963098067438651, 37.556422980009167 ], [ 126.96321591360271, 37.557150258987349 ], [ 126.963036620826671, 37.558182581821903 ], [ 126.961483486396077, 37.558853771875881 ], [ 126.962067901040683, 37.559260916560895 ], [ 126.963609504822287, 37.559309617728339 ], [ 126.963758536108458, 37.559349729558868 ], [ 126.965238013903189, 37.560171032624588 ], [ 126.966901431932655, 37.56130638041185 ], [ 126.967922280367361, 37.561643341971163 ], [ 126.969592461756264, 37.562013622451509 ], [ 126.971399237625874, 37.559602732846997 ] ] ] } },
{ "type": "Feature", "properties": { "adm_nm": "서울특별시 중구 신당동", "ADM_CD": "1114061500", "sggnm": "중구" }, "geometry": { "type": "Polygon", "coordinates": [ [ [ 127.018074357202806, 37.565566649808687 ], [ 127.015990718442609, 37.564122672606004 ], [ 127.014261969907139, 37.561080437745836 ], [ 127.012846349896193, 37.560581931394367 ], [ 127.009698602863494, 37.561986062136057 ], [ 127.009364204560725, 37.562047046265327 ], [ 127.009567910971683, 37.563025744036686 ], [ 127.010506114185077, 37.565765343272865 ], [ 127.011090016710256, 37.565866911095021 ], [ 127.011886283283161, 37.566088940603109 ], [ 127.011916274460631, 37.566467944449748 ], [ 127.011763783103177, 37.56781435763957 ], [ 127.009935096263703, 37.569315410423492 ], [ 127.009585232169215, 37.569783784930834 ], [ 127.016005640566959, 37.56982380100294 ], [ 127.016641546634418, 37.569988648935606 ], [ 127.017513375615493, 37.570291012969989 ], [ 127.017699086110966, 37.569985776911018 ], [ 127.018074357202806, 37.565566649808687 ] ] ] } },
{ "type": "Feature", "properties": { "adm_nm": "서울특별시 중구 다산동", "ADM_CD": "1114062500", "sggnm": "중구" }, "geometry": { "type": "Polygon", "coordinates": [ [ [ 127.009698602863494, 37.561986062136057 ], [ 127.013642060533371, 37.560221863751728 ], [ 127.012719294337188, 37.558458925516163 ], [ 127.011055650470624, 37.555530527159917 ], [ 127.009599166842747, 37.553403062628384 ], [ 127.007420888410152, 37.5490873206518 ], [ 127.007368772468425, 37.548687498481733 ], [ 127.007178928946516, 37.548291237806168 ], [ 127.006856256139486, 37.547973292112786 ], [ 127.006583829406665, 37.547869624487667 ], [ 127.0059212032467, 37.547711371601146 ], [ 127.005305736247692, 37.547712171130989 ], [ 127.005313455006672, 37.547813522491047 ], [ 127.005894405089094, 37.548204617335671 ], [ 127.004715596624308, 37.548347405467453 ], [ 127.004387401146602, 37.549186537663601 ], [ 127.004402248374362, 37.549664423829796 ], [ 127.004225278994852, 37.550375639444638 ], [ 127.003857234328208, 37.551354312669673 ], [ 127.003775721070426, 37.551909426157316 ], [ 127.00452649356842, 37.553934983591027 ], [ 127.005225615362988, 37.554574492598526 ], [ 127.007265022324404, 37.556278684936991 ], [ 127.009858094564564, 37.560328649171836 ], [ 127.009850596563112, 37.560489769307402 ], [ 127.009364204560725, 37.562047046265327 ], [ 127.009698602863494, 37.561986062136057 ] ] ] } },
{ "type": "Feature", "properties": { "adm_nm": "서울특별시 중구 약수동", "ADM_CD": "1114063500", "sggnm": "중구" }, "geometry": { "type": "Polygon", "coordinates": [ [ [ 127.016306137488954, 37.553011495638145 ], [ 127.013207619552659, 37.54994422861261 ], [ 127.01165764754505, 37.548511522986345 ], [ 127.010867053538789, 37.548118416411072 ], [ 127.010681940708878, 37.548078215345136 ], [ 127.008606035702712, 37.543979714240301 ], [ 127.007258137488947, 37.543810737312562 ], [ 127.004842604903658, 37.546182262833796 ], [ 127.005305736247692, 37.547712171130989 ], [ 127.0059212032467, 37.547711371601146 ], [ 127.006583829406665, 37.547869624487667 ], [ 127.006856256139486, 37.547973292112786 ], [ 127.007178928946516, 37.548291237806168 ], [ 127.007368772468425, 37.548687498481733 ], [ 127.007420888410152, 37.5490873206518 ], [ 127.009599166842747, 37.553403062628384 ], [ 127.011055650470624, 37.555530527159917 ], [ 127.012157626519723, 37.555063025182676 ], [ 127.011957109838534, 37.554777149155569 ], [ 127.012537818045473, 37.553945795830764 ], [ 127.012915999362448, 37.553786240254517 ], [ 127.013537508584264, 37.5536480657589 ], [ 127.014005536663618, 37.554028460994338 ], [ 127.014101847389455, 37.554344329869011 ], [ 127.014495379399918, 37.554436083713931 ], [ 127.014683270291684, 37.554384965451185 ], [ 127.016306137488954, 37.553011495638145 ] ] ] } },
{ "type": "Feature", "properties": { "adm_nm": "서울특별시 중구 청구동", "ADM_CD": "1114064500", "sggnm": "중구" }, "geometry": { "type": "Polygon", "coordinates": [ [ [ 127.018863928112822, 37.558425538779794 ], [ 127.019463902837472, 37.5573396016988 ], [ 127.01858868515346, 37.556991270066355 ], [ 127.018004233484191, 37.556655386184474 ], [ 127.017880239796781, 37.556570378397645 ], [ 127.017411435665281, 37.555982657918925 ], [ 127.016306137488954, 37.553011495638145 ], [ 127.014683270291684, 37.554384965451185 ], [ 127.014495379399918, 37.554436083713931 ], [ 127.014101847389455, 37.554344329869011 ], [ 127.014005536663618, 37.554028460994338 ], [ 127.013537508584264, 37.5536480657589 ], [ 127.012915999362448, 37.553786240254517 ], [ 127.012537818045473, 37.553945795830764 ], [ 127.011957109838534, 37.554777149155569 ], [ 127.012157626519723, 37.555063025182676 ], [ 127.011055650470624, 37.555530527159917 ], [ 127.012719294337188, 37.558458925516163 ], [ 127.013642060533371, 37.560221863751728 ], [ 127.012846349896193, 37.560581931394367 ], [ 127.014261969907139, 37.561080437745836 ], [ 127.014349006290274, 37.561049470318743 ], [ 127.013931532262674, 37.560281638133475 ], [ 127.014737152961743, 37.559886479192514 ], [ 127.015783148113442, 37.559483279182317 ], [ 127.016455158615983, 37.559296767142648 ], [ 127.016703243688994, 37.559314106365434 ], [ 127.018863928112822, 37.558425538779794 ] ] ] } },
{ "type": "Feature", "properties": { "adm_nm": "서울특별시 중구 동화동", "ADM_CD": "1114066500", "sggnm": "중구" }, "geometry": { "type": "Polygon", "coordinates": [ [ [ 127.023334875100801, 37.560744368301698 ], [ 127.022857146333436, 37.557868260398386 ], [ 127.021824292577037, 37.557709410220035 ], [ 127.019370886001767, 37.557499213548525 ], [ 127.018863928112822, 37.558425538779794 ], [ 127.016703243688994, 37.559314106365434 ], [ 127.016455158615983, 37.559296767142648 ], [ 127.015783148113442, 37.559483279182317 ], [ 127.014737152961743, 37.559886479192514 ], [ 127.013931532262674, 37.560281638133475 ], [ 127.014349006290274, 37.561049470318743 ], [ 127.014261969907139, 37.561080437745836 ], [ 127.015990718442609, 37.564122672606004 ], [ 127.018773961724492, 37.56339160479137 ], [ 127.020496249325376, 37.561659008989494 ], [ 127.020951324215957, 37.561320597982693 ], [ 127.021317760513071, 37.56112040737802 ], [ 127.02203475040136, 37.56087994791072 ], [ 127.023334875100801, 37.560744368301698 ] ] ] } },
{ "type": "Feature", "properties": { "adm_nm": "서울특별시 용산구 후암동", "ADM_CD": "1117051000", "sggnm": "용산구" }, "geometry": { "type": "Polygon", "coordinates": [ [ [ 126.985427093698149, 37.553744426992886 ], [ 126.987811417298914, 37.551491980275394 ], [ 126.987373596471699, 37.549504857813417 ], [ 126.986032144581202, 37.547846176074799 ], [ 126.983800456095494, 37.546528356783988 ], [ 126.978505875517115, 37.546044669972062 ], [ 126.975107907688809, 37.54550531320784 ], [ 126.974294198049421, 37.547529728291984 ], [ 126.974409674903626, 37.54897713354277 ], [ 126.975145585800647, 37.55113497136638 ], [ 126.975787262983175, 37.552254931337949 ], [ 126.976658652878086, 37.552708344625479 ], [ 126.976490102388553, 37.553134610519578 ], [ 126.976578495398556, 37.554863225763519 ], [ 126.976628028185232, 37.55496270544252 ], [ 126.976925982201109, 37.555056414039605 ], [ 126.977154351416388, 37.554981937605824 ], [ 126.979829377755621, 37.553415266091967 ], [ 126.980839106131441, 37.553925592234243 ], [ 126.981480198562267, 37.553923902649487 ], [ 126.983067439868705, 37.553403649989832 ], [ 126.983743551507118, 37.553035851756739 ], [ 126.98446914066939, 37.553093103030413 ], [ 126.984875256058416, 37.553304439191265 ], [ 126.985427093698149, 37.553744426992886 ] ] ] } },
{ "type": "Feature", "properties": { "adm_nm": "서울특별시 용산구 용산2가동", "ADM_CD": "1117052000", "sggnm": "용산구" }, "geometry": { "type": "Polygon", "coordinates": [ [ [ 126.992359974022534, 37.550093126422475 ], [ 126.993194107955915, 37.549055626161362 ], [ 126.991417330573896, 37.547827806454272 ], [ 126.990946839217401, 37.546368971726992 ], [ 126.989182808588509, 37.543697862968891 ], [ 126.988563809448749, 37.543054999253208 ], [ 126.986968656804024, 37.538902090319553 ], [ 126.986781015343638, 37.538203854340495 ], [ 126.986788270531505, 37.537455764146358 ], [ 126.986953256082359, 37.535681476244022 ], [ 126.987375568608158, 37.53443991328637 ], [ 126.98781175362511, 37.53427505758517 ], [ 126.987885928958448, 37.534384577173292 ], [ 126.988613216653604, 37.533762505066733 ], [ 126.988993436595123, 37.533296575393081 ], [ 126.98982488090256, 37.532014616419843 ], [ 126.990852718382314, 37.530661389884507 ], [ 126.991361503727319, 37.529905318374546 ], [ 126.991333393505982, 37.5294656660908 ], [ 126.991674415877768, 37.527215709984141 ], [ 126.986586080574853, 37.527110130989463 ], [ 126.979772874820327, 37.526077497484081 ], [ 126.980604903237264, 37.534709568151335 ], [ 126.97912286908138, 37.544104439383261 ], [ 126.978505875517115, 37.546044669972062 ], [ 126.983800456095494, 37.546528356783988 ], [ 126.983988697274697, 37.546626074687765 ], [ 126.986032144581202, 37.547846176074799 ], [ 126.987373596471699, 37.549504857813417 ], [ 126.987811417298914, 37.551491980275394 ], [ 126.992359974022534, 37.550093126422475 ] ] ] } },
{ "type": "Feature", "properties": { "adm_nm": "서울특별시 용산구 남영동", "ADM_CD": "1117053000", "sggnm": "용산구" }, "geometry": { "type": "Polygon", "coordinates": [ [ [ 126.976658652878086, 37.552708344625479 ], [ 126.975787262983175, 37.552254931337949 ], [ 126.975145585800647, 37.55113497136638 ], [ 126.974409674903626, 37.54897713354277 ], [ 126.974294198049421, 37.547529728291984 ], [ 126.975107907688809, 37.54550531320784 ], [ 126.978505875517115, 37.546044669972062 ], [ 126.97912286908138, 37.544104439383261 ], [ 126.980604903237264, 37.534709568151335 ], [ 126.97613392392995, 37.534567470658089 ], [ 126.975068497263493, 37.535372816543592 ], [ 126.973913747563287, 37.537769195614281 ], [ 126.973383346517849, 37.539821379575123 ], [ 126.973207951134185, 37.540316341001031 ], [ 126.971557480506277, 37.539346419640268 ], [ 126.970860405403528, 37.539139723587006 ], [ 126.970714290542332, 37.541600899423614 ], [ 126.971028267162907, 37.541720549976148 ], [ 126.971035439670985, 37.542603944993573 ], [ 126.970956060575446, 37.547728890434165 ], [ 126.970895901590765, 37.548533075147489 ], [ 126.970045111701481, 37.552176343774228 ], [ 126.969299689128761, 37.552035549926771 ], [ 126.969099266738482, 37.553050020805493 ], [ 126.969072715918855, 37.553896930097174 ], [ 126.972362318945017, 37.554391104728893 ], [ 126.976658652878086, 37.552708344625479 ] ] ] } },
{ "type": "Feature", "properties": { "adm_nm": "서울특별시 용산구 원효로2동", "ADM_CD": "1117057000", "sggnm": "용산구" }, "geometry": { "type": "Polygon", "coordinates": [ [ [ 126.960697463157786, 37.535703606840002 ], [ 126.96064523395313, 37.535536546293521 ], [ 126.961586335405372, 37.53314550670364 ], [ 126.959675091735093, 37.533321553529944 ], [ 126.958739205455174, 37.533124603947961 ], [ 126.957412068859227, 37.532742200589745 ], [ 126.954606192503462, 37.531525969036757 ], [ 126.954070983416926, 37.531390151990273 ], [ 126.953648032384578, 37.531189159641997 ], [ 126.95196067857249, 37.530355487219531 ], [ 126.948643734932745, 37.528547774796586 ], [ 126.944670246753162, 37.533752156148942 ], [ 126.945081515639444, 37.534934898649688 ], [ 126.946051963659627, 37.535595106098988 ], [ 126.946395538453771, 37.535742169963399 ], [ 126.947810606203603, 37.535622568392938 ], [ 126.949421705513785, 37.535870084438855 ], [ 126.951126913926601, 37.536212648753001 ], [ 126.952234664920326, 37.536803670046972 ], [ 126.952826098803982, 37.537284127640703 ], [ 126.952968467583588, 37.537425782751441 ], [ 126.953008125164189, 37.537847215186552 ], [ 126.953862417220122, 37.537294554799715 ], [ 126.954953713911863, 37.537439274554835 ], [ 126.958277554490692, 37.536558067953052 ], [ 126.960697463157786, 37.535703606840002 ] ] ] } },
{ "type": "Feature", "properties": { "adm_nm": "서울특별시 용산구 효창동", "ADM_CD": "1117058000", "sggnm": "용산구" }, "geometry": { "type": "Polygon", "coordinates": [ [ [ 126.963199620272661, 37.548677481110552 ], [ 126.963406772185976, 37.548403511248175 ], [ 126.963479381363783, 37.546708568356536 ], [ 126.962502648808027, 37.545701312244404 ], [ 126.962068539788419, 37.544038424302173 ], [ 126.962215333212129, 37.541866328043845 ], [ 126.964611567214803, 37.542493530076655 ], [ 126.964884156366239, 37.54146982415098 ], [ 126.963858244741061, 37.538614650359968 ], [ 126.96159211158529, 37.539229649896356 ], [ 126.960745778537685, 37.539553654222502 ], [ 126.960588202713566, 37.539399120012085 ], [ 126.960486013389584, 37.539214968805517 ], [ 126.95790793333839, 37.53987866796961 ], [ 126.957565769494451, 37.540116396139531 ], [ 126.956507536099082, 37.540704852943399 ], [ 126.957700253941269, 37.542082640697977 ], [ 126.957803291916534, 37.542898836215194 ], [ 126.958629337918765, 37.545581887480026 ], [ 126.961620498465905, 37.547696956331272 ], [ 126.962934452889172, 37.548780050311578 ], [ 126.963199620272661, 37.548677481110552 ] ] ] } },
{ "type": "Feature", "properties": { "adm_nm": "서울특별시 용산구 용문동", "ADM_CD": "1117059000", "sggnm": "용산구" }, "geometry": { "type": "Polygon", "coordinates": [ [ [ 126.963858244741061, 37.538614650359968 ], [ 126.96316923463425, 37.537423988927358 ], [ 126.961967396010365, 37.536757262271173 ], [ 126.961058694120126, 37.536083756616414 ], [ 126.960697463157786, 37.535703606840002 ], [ 126.958277554490692, 37.536558067953052 ], [ 126.954953713911863, 37.537439274554835 ], [ 126.953862417220122, 37.537294554799715 ], [ 126.953008125164189, 37.537847215186552 ], [ 126.953843087381003, 37.538489885637851 ], [ 126.956507536099082, 37.540704852943399 ], [ 126.957565769494451, 37.540116396139531 ], [ 126.95790793333839, 37.53987866796961 ], [ 126.960486013389584, 37.539214968805517 ], [ 126.960588202713566, 37.539399120012085 ], [ 126.960745778537685, 37.539553654222502 ], [ 126.96159211158529, 37.539229649896356 ], [ 126.963858244741061, 37.538614650359968 ] ] ] } },
{ "type": "Feature", "properties": { "adm_nm": "서울특별시 용산구 이촌1동", "ADM_CD": "1117063000", "sggnm": "용산구" }, "geometry": { "type": "Polygon", "coordinates": [ [ [ 126.972516644682372, 37.522956597734968 ], [ 126.982459286887448, 37.51986950770889 ], [ 126.982805497098752, 37.519614138359358 ], [ 126.982956233143568, 37.519392862417291 ], [ 126.983062799009872, 37.518708467350976 ], [ 126.983094461113822, 37.517812694892811 ], [ 126.983066123361269, 37.516077463440112 ], [ 126.982775144704902, 37.5145844474727 ], [ 126.980734375814606, 37.50656852615716 ], [ 126.980131725682199, 37.506492752972662 ], [ 126.974054745011614, 37.507332873727748 ], [ 126.965849793349435, 37.510513437885763 ], [ 126.957198161034725, 37.51541394716002 ], [ 126.959093703578077, 37.518026323927828 ], [ 126.961758832146302, 37.522626387077722 ], [ 126.962207925895356, 37.522435768712903 ], [ 126.96378732766324, 37.522038467830043 ], [ 126.964436996043972, 37.521986207744106 ], [ 126.965138470639886, 37.522008540334262 ], [ 126.966331882597729, 37.522158366299415 ], [ 126.969668752483642, 37.522798499922018 ], [ 126.972060547672143, 37.523040188365052 ], [ 126.972516644682372, 37.522956597734968 ] ] ] } },
{ "type": "Feature", "properties": { "adm_nm": "서울특별시 용산구 이촌2동", "ADM_CD": "1117064000", "sggnm": "용산구" }, "geometry": { "type": "Polygon", "coordinates": [ [ [ 126.961758832146302, 37.522626387077722 ], [ 126.959093703578077, 37.518026323927828 ], [ 126.957198161034725, 37.51541394716002 ], [ 126.94956205011006, 37.517813555975103 ], [ 126.949653742775439, 37.526755772745851 ], [ 126.948643734932745, 37.528547774796586 ], [ 126.95196067857249, 37.530355487219531 ], [ 126.954070983416926, 37.531390151990273 ], [ 126.954606192503462, 37.531525969036757 ], [ 126.955447890170262, 37.526966763483699 ], [ 126.956657329560429, 37.525720610092613 ], [ 126.957527113046112, 37.524965190333695 ], [ 126.960196160545365, 37.523348224156692 ], [ 126.961758832146302, 37.522626387077722 ] ] ] } },
{ "type": "Feature", "properties": { "adm_nm": "서울특별시 용산구 이태원1동", "ADM_CD": "1117065000", "sggnm": "용산구" }, "geometry": { "type": "Polygon", "coordinates": [ [ [ 126.997870003016502, 37.532613508530673 ], [ 126.994798752438001, 37.528734784129149 ], [ 126.991333393505982, 37.5294656660908 ], [ 126.991361503727319, 37.529905318374546 ], [ 126.990852718382314, 37.530661389884507 ], [ 126.98982488090256, 37.532014616419843 ], [ 126.989356357170522, 37.532774234220007 ], [ 126.988777214543163, 37.533572805378753 ], [ 126.988462266370377, 37.53390606764161 ], [ 126.987885928958448, 37.534384577173292 ], [ 126.989762623036171, 37.535649050161368 ], [ 126.994562680983236, 37.538345580711734 ], [ 126.995095141007738, 37.538697132307227 ], [ 126.995341599477243, 37.53897197228811 ], [ 126.995123837029766, 37.538218411916517 ], [ 126.997036206464642, 37.533351384124579 ], [ 126.997870003016502, 37.532613508530673 ] ] ] } },
{ "type": "Feature", "properties": { "adm_nm": "서울특별시 용산구 이태원2동", "ADM_CD": "1117066000", "sggnm": "용산구" }, "geometry": { "type": "Polygon", "coordinates": [ [ [ 126.995320555861753, 37.547237269992301 ], [ 126.996505356366868, 37.546020997192528 ], [ 126.997862398813552, 37.542217509121237 ], [ 126.997805058055292, 37.541254806879351 ], [ 126.997541597537051, 37.540896723947874 ], [ 126.997339046525411, 37.540717845006938 ], [ 126.996935573596957, 37.54053923661548 ], [ 126.995516952090767, 37.539616059426919 ], [ 126.99537393708205, 37.53931684862134 ], [ 126.995341599477243, 37.53897197228811 ], [ 126.995095141007738, 37.538697132307227 ], [ 126.994562680983236, 37.538345580711734 ], [ 126.989762623036171, 37.535649050161368 ], [ 126.987885928958448, 37.534384577173292 ], [ 126.98781175362511, 37.53427505758517 ], [ 126.987375568608158, 37.53443991328637 ], [ 126.986953256082359, 37.535681476244022 ], [ 126.986788270531505, 37.537455764146358 ], [ 126.986781015343638, 37.538203854340495 ], [ 126.986968656804024, 37.538902090319553 ], [ 126.988563809448749, 37.543054999253208 ], [ 126.989182808588509, 37.543697862968891 ], [ 126.990946839217401, 37.546368971726992 ], [ 126.991417330573896, 37.547827806454272 ], [ 126.993194107955915, 37.549055626161362 ], [ 126.995320555861753, 37.547237269992301 ] ] ] } },
{ "type": "Feature", "properties": { "adm_nm": "서울특별시 용산구 서빙고동", "ADM_CD": "1117069000", "sggnm": "용산구" }, "geometry": { "type": "Polygon", "coordinates": [ [ [ 126.991333393505982, 37.5294656660908 ], [ 126.995362426294363, 37.528638054231259 ], [ 126.996633922797031, 37.527949438491504 ], [ 126.996821649161561, 37.527802641863396 ], [ 126.99709215129414, 37.526915962727806 ], [ 126.996690387757099, 37.52628330283175 ], [ 126.996594037543758, 37.525885170796599 ], [ 126.997011704607061, 37.52499122828651 ], [ 126.99753813183824, 37.52475348366255 ], [ 127.000082929203387, 37.522761023473834 ], [ 127.000262307249812, 37.522483480467116 ], [ 127.000404819928633, 37.522113410439978 ], [ 127.000387320579776, 37.517949077834622 ], [ 126.990616673394143, 37.513025433501134 ], [ 126.985677358731706, 37.506631936306263 ], [ 126.980734375814606, 37.50656852615716 ], [ 126.982775144704902, 37.5145844474727 ], [ 126.983066123361269, 37.516077463440112 ], [ 126.983094461113822, 37.517812694892811 ], [ 126.983062799009872, 37.518708467350976 ], [ 126.982956233143568, 37.519392862417291 ], [ 126.982805497098752, 37.519614138359358 ], [ 126.982459286887448, 37.51986950770889 ], [ 126.976230340089501, 37.521791225937008 ], [ 126.979772874820327, 37.526077497484081 ], [ 126.986586080574853, 37.527110130989463 ], [ 126.991674415877768, 37.527215709984141 ], [ 126.991333393505982, 37.5294656660908 ] ] ] } },
{ "type": "Feature", "properties": { "adm_nm": "서울특별시 용산구 보광동", "ADM_CD": "1117070000", "sggnm": "용산구" }, "geometry": { "type": "Polygon", "coordinates": [ [ [ 127.007972176188559, 37.524588976548777 ], [ 127.004427431653781, 37.520261173676964 ], [ 127.000387320579776, 37.517949077834622 ], [ 127.000404819928633, 37.522113410439978 ], [ 127.000262307249812, 37.522483480467116 ], [ 127.000082929203387, 37.522761023473834 ], [ 126.99753813183824, 37.52475348366255 ], [ 126.997011704607061, 37.52499122828651 ], [ 126.996594037543758, 37.525885170796599 ], [ 126.996690387757099, 37.52628330283175 ], [ 126.99709215129414, 37.526915962727806 ], [ 126.996821649161561, 37.527802641863396 ], [ 126.996633922797031, 37.527949438491504 ], [ 126.995362426294363, 37.528638054231259 ], [ 126.994798752438001, 37.528734784129149 ], [ 126.997870003016502, 37.532613508530673 ], [ 126.998100562374105, 37.532642735221017 ], [ 127.000916168824219, 37.531673302019186 ], [ 127.002993601847834, 37.530416788807109 ], [ 127.003544524566237, 37.530008990340811 ], [ 127.003603647554073, 37.529934967356617 ], [ 127.003727054852732, 37.529465664602803 ], [ 127.003692985652833, 37.529273884691335 ], [ 127.003451948325534, 37.529141048552297 ], [ 127.0031618845765, 37.528828861684971 ], [ 127.00288743307685, 37.528384943907362 ], [ 127.002850245056692, 37.528142521570203 ], [ 127.00389157078169, 37.52716555266759 ], [ 127.004791373889518, 37.526728791518856 ], [ 127.007299455642951, 37.525135998071711 ], [ 127.007972176188559, 37.524588976548777 ] ] ] } },
{ "type": "Feature", "properties": { "adm_nm": "서울특별시 용산구 청파동", "ADM_CD": "1117055500", "sggnm": "용산구" }, "geometry": { "type": "Polygon", "coordinates": [ [ [ 126.969072715918855, 37.553896930097174 ], [ 126.969099266738482, 37.553050020805493 ], [ 126.969299689128761, 37.552035549926771 ], [ 126.970045111701481, 37.552176343774228 ], [ 126.970895901590765, 37.548533075147489 ], [ 126.970956060575446, 37.547728890434165 ], [ 126.971028267162907, 37.541720549976148 ], [ 126.970714290542332, 37.541600899423614 ], [ 126.964884156366239, 37.54146982415098 ], [ 126.964611567214803, 37.542493530076655 ], [ 126.962215333212129, 37.541866328043845 ], [ 126.962068539788419, 37.544038424302173 ], [ 126.962502648808027, 37.545701312244404 ], [ 126.963479381363783, 37.546708568356536 ], [ 126.963406772185976, 37.548403511248175 ], [ 126.963199620272661, 37.548677481110552 ], [ 126.963686689820975, 37.548903165349337 ], [ 126.963942646073917, 37.549802681466161 ], [ 126.962386874394127, 37.551503993982486 ], [ 126.964849138667105, 37.553494789447448 ], [ 126.965720018073355, 37.554111650266421 ], [ 126.968488970864058, 37.555383763681306 ], [ 126.969072715918855, 37.553896930097174 ] ] ] } },
{ "type": "Feature", "properties": { "adm_nm": "서울특별시 용산구 원효로1동", "ADM_CD": "1117056000", "sggnm": "용산구" }, "geometry": { "type": "Polygon", "coordinates": [ [ [ 126.970860405403528, 37.539139723587006 ], [ 126.970858992998942, 37.538238366505034 ], [ 126.970771610524679, 37.536681949363206 ], [ 126.970267577276758, 37.535536170487305 ], [ 126.969457752824937, 37.534314584087433 ], [ 126.969187290321315, 37.534147745379876 ], [ 126.968803949838573, 37.534023493777525 ], [ 126.966800087319257, 37.533807997782247 ], [ 126.966700287501752, 37.534064432258887 ], [ 126.966375811245797, 37.534231969855568 ], [ 126.965053186184349, 37.534545963754539 ], [ 126.964879136515634, 37.534549681949919 ], [ 126.963570208323333, 37.53428460497009 ], [ 126.961586335405372, 37.53314550670364 ], [ 126.96064523395313, 37.535536546293521 ], [ 126.960715786105226, 37.535762211619911 ], [ 126.961058694120126, 37.536083756616414 ], [ 126.961967396010365, 37.536757262271173 ], [ 126.96316923463425, 37.537423988927358 ], [ 126.963858244741061, 37.538614650359968 ], [ 126.964884156366239, 37.54146982415098 ], [ 126.970714290542332, 37.541600899423614 ], [ 126.970860405403528, 37.539139723587006 ] ] ] } },
{ "type": "Feature", "properties": { "adm_nm": "서울특별시 용산구 한강로동", "ADM_CD": "1117062500", "sggnm": "용산구" }, "geometry": { "type": "Polygon", "coordinates": [ [ [ 126.980604903237264, 37.534709568151335 ], [ 126.979772874820327, 37.526077497484081 ], [ 126.976230340089501, 37.521791225937008 ], [ 126.972516644682372, 37.522956597734968 ], [ 126.972060547672143, 37.523040188365052 ], [ 126.969668752483642, 37.522798499922018 ], [ 126.966331882597729, 37.522158366299415 ], [ 126.965138470639886, 37.522008540334262 ], [ 126.964436996043972, 37.521986207744106 ], [ 126.96378732766324, 37.522038467830043 ], [ 126.963249571201828, 37.522167847998332 ], [ 126.962207925895356, 37.522435768712903 ], [ 126.960196160545365, 37.523348224156692 ], [ 126.957527113046112, 37.524965190333695 ], [ 126.956657329560429, 37.525720610092613 ], [ 126.955447890170262, 37.526966763483699 ], [ 126.954606192503462, 37.531525969036757 ], [ 126.957412068859227, 37.532742200589745 ], [ 126.958739205455174, 37.533124603947961 ], [ 126.959675091735093, 37.533321553529944 ], [ 126.961586335405372, 37.53314550670364 ], [ 126.963570208323333, 37.53428460497009 ], [ 126.964744184051213, 37.534527662358045 ], [ 126.965053186184349, 37.534545963754539 ], [ 126.966375811245797, 37.534231969855568 ], [ 126.966700287501752, 37.534064432258887 ], [ 126.966800087319257, 37.533807997782247 ], [ 126.968803949838573, 37.534023493777525 ], [ 126.969187290321315, 37.534147745379876 ], [ 126.969457752824937, 37.534314584087433 ], [ 126.970267577276758, 37.535536170487305 ], [ 126.970771610524679, 37.536681949363206 ], [ 126.970858992998942, 37.538238366505034 ], [ 126.970860405403528, 37.539139723587006 ], [ 126.971557480506277, 37.539346419640268 ], [ 126.973207951134185, 37.540316341001031 ], [ 126.973383346517849, 37.539821379575123 ], [ 126.973913747563287, 37.537769195614281 ], [ 126.975068497263493, 37.535372816543592 ], [ 126.97613392392995, 37.534567470658089 ], [ 126.978783789810393, 37.534683978101363 ], [ 126.980604903237264, 37.534709568151335 ] ] ] } },
{ "type": "Feature", "properties": { "adm_nm": "서울특별시 용산구 한남동", "ADM_CD": "1117068500", "sggnm": "용산구" }, "geometry": { "type": "Polygon", "coordinates": [ [ [ 127.005313455006672, 37.547813522491047 ], [ 127.004842604903658, 37.546182262833796 ], [ 127.007258137488947, 37.543810737312562 ], [ 127.008606035702712, 37.543979714240301 ], [ 127.008425161849416, 37.542864664827981 ], [ 127.008336960378614, 37.54185929062551 ], [ 127.009322759818048, 37.539677481240339 ], [ 127.009925981364191, 37.539371404743704 ], [ 127.011533039605681, 37.538981468324351 ], [ 127.012136607548143, 37.539185649095792 ], [ 127.012889891509005, 37.539313813299806 ], [ 127.014789263117663, 37.538901377441235 ], [ 127.020924412345153, 37.535119356806142 ], [ 127.020059302699053, 37.53456262055564 ], [ 127.012609176484162, 37.528312769126096 ], [ 127.011868114871191, 37.527841004460903 ], [ 127.007972176188559, 37.524588976548777 ], [ 127.007299455642951, 37.525135998071711 ], [ 127.004791373889518, 37.526728791518856 ], [ 127.00389157078169, 37.52716555266759 ], [ 127.002850245056692, 37.528142521570203 ], [ 127.00288743307685, 37.528384943907362 ], [ 127.0031618845765, 37.528828861684971 ], [ 127.003451948325534, 37.529141048552297 ], [ 127.003692985652833, 37.529273884691335 ], [ 127.003727054852732, 37.529465664602803 ], [ 127.003603647554073, 37.529934967356617 ], [ 127.003544524566237, 37.530008990340811 ], [ 127.002993601847834, 37.530416788807109 ], [ 127.000916168824219, 37.531673302019186 ], [ 126.998100562374105, 37.532642735221017 ], [ 126.997870003016502, 37.532613508530673 ], [ 126.997036206464642, 37.533351384124579 ], [ 126.995123837029766, 37.538218411916517 ], [ 126.995341599477243, 37.53897197228811 ], [ 126.995340254327601, 37.539171388778009 ], [ 126.995416052643776, 37.539471412082023 ], [ 126.995516952090767, 37.539616059426919 ], [ 126.996935573596957, 37.54053923661548 ], [ 126.997339046525411, 37.540717845006938 ], [ 126.997541597537051, 37.540896723947874 ], [ 126.997805058055292, 37.541254806879351 ], [ 126.997862398813552, 37.542217509121237 ], [ 126.996505356366868, 37.546020997192528 ], [ 126.995320555861753, 37.547237269992301 ], [ 126.997743066526382, 37.54935788556125 ], [ 126.998521777183441, 37.549931299316114 ], [ 126.999104312698918, 37.549890930795549 ], [ 126.999950678897378, 37.549562172360353 ], [ 127.000253158807666, 37.549508245271198 ], [ 127.002684410937903, 37.549600758528968 ], [ 127.004225278994852, 37.550375639444638 ], [ 127.004402248374362, 37.549664423829796 ], [ 127.004387401146602, 37.549186537663601 ], [ 127.004715596624308, 37.548347405467453 ], [ 127.005894405089094, 37.548204617335671 ], [ 127.005313455006672, 37.547813522491047 ] ] ] } },
{ "type": "Feature", "properties": { "adm_nm": "서울특별시 성동구 왕십리2동", "ADM_CD": "1120052000", "sggnm": "성동구" }, "geometry": { "type": "Polygon", "coordinates": [ [ [ 127.033510589094263, 37.562517856120664 ], [ 127.031065124628583, 37.560333620339904 ], [ 127.030580509271218, 37.560309204050505 ], [ 127.030247804780018, 37.560439703139274 ], [ 127.028195952115482, 37.560270405219612 ], [ 127.026778379976463, 37.559610054676362 ], [ 127.02431040322989, 37.557897753360969 ], [ 127.022857146333436, 37.557868260398386 ], [ 127.023334875100801, 37.560744368301698 ], [ 127.023529886113394, 37.560730110144647 ], [ 127.026265206820355, 37.562993762112917 ], [ 127.02649911495773, 37.563387418230718 ], [ 127.02670755412781, 37.563882238318705 ], [ 127.026756803991461, 37.564289047752027 ], [ 127.026705495410539, 37.564989762451361 ], [ 127.027418193941685, 37.564870936287029 ], [ 127.033510589094263, 37.562517856120664 ] ] ] } },
{ "type": "Feature", "properties": { "adm_nm": "서울특별시 성동구 마장동", "ADM_CD": "1120054000", "sggnm": "성동구" }, "geometry": { "type": "Polygon", "coordinates": [ [ [ 127.048231226469042, 37.565383930823508 ], [ 127.046898600431248, 37.565328371712262 ], [ 127.046720308995631, 37.564351722364066 ], [ 127.045690694264877, 37.562585594743275 ], [ 127.045538499948591, 37.562365345551299 ], [ 127.045288288565217, 37.562197632431051 ], [ 127.041508611286829, 37.561965563207792 ], [ 127.039382226242537, 37.56193700598412 ], [ 127.039194687215684, 37.562043310328754 ], [ 127.038823336330054, 37.562899341201778 ], [ 127.036495809946871, 37.566038105431268 ], [ 127.034718758916043, 37.566246322207249 ], [ 127.033035994337169, 37.567919566787509 ], [ 127.032310811981247, 37.570144154108469 ], [ 127.035101524064302, 37.571957872284059 ], [ 127.035451511027645, 37.572129380373262 ], [ 127.036533410707989, 37.572516705707798 ], [ 127.037927480457654, 37.572898482421905 ], [ 127.038650476130528, 37.572955391015562 ], [ 127.042180463861797, 37.573020962025055 ], [ 127.043840161239373, 37.570939639011421 ], [ 127.045288328156246, 37.57010809842658 ], [ 127.045982043779418, 37.569610568558751 ], [ 127.047764828826217, 37.566583195816108 ], [ 127.048231226469042, 37.565383930823508 ] ] ] } },
{ "type": "Feature", "properties": { "adm_nm": "서울특별시 성동구 사근동", "ADM_CD": "1120055000", "sggnm": "성동구" }, "geometry": { "type": "Polygon", "coordinates": [ [ [ 127.049335021649, 37.552639677345923 ], [ 127.048004748353918, 37.552876830591813 ], [ 127.046640354275766, 37.553020323521316 ], [ 127.044497167798738, 37.553005314815771 ], [ 127.04176088549319, 37.552704149462883 ], [ 127.03983477004536, 37.55291511357612 ], [ 127.039015249744821, 37.553856024224025 ], [ 127.039351704089754, 37.554480468218898 ], [ 127.039531793206081, 37.55522815158124 ], [ 127.039540662263718, 37.555740842859045 ], [ 127.039166649906633, 37.560860179403811 ], [ 127.038826079137593, 37.56284857889959 ], [ 127.039194687215684, 37.562043310328754 ], [ 127.039382226242537, 37.56193700598412 ], [ 127.041508611286829, 37.561965563207792 ], [ 127.045288288565217, 37.562197632431051 ], [ 127.045538499948591, 37.562365345551299 ], [ 127.045690694264877, 37.562585594743275 ], [ 127.046720308995631, 37.564351722364066 ], [ 127.046898600431248, 37.565328371712262 ], [ 127.048231226469042, 37.565383930823508 ], [ 127.04859638196541, 37.564942543260734 ], [ 127.049786402282891, 37.563116220830416 ], [ 127.050003999849778, 37.562706935333566 ], [ 127.050386552585437, 37.561816057272644 ], [ 127.051657537928122, 37.558271822846216 ], [ 127.051674402504801, 37.556889462782117 ], [ 127.051157728387949, 37.555004780460287 ], [ 127.050605428173256, 37.554004433231675 ], [ 127.049335021649, 37.552639677345923 ] ] ] } },
{ "type": "Feature", "properties": { "adm_nm": "서울특별시 성동구 행당1동", "ADM_CD": "1120056000", "sggnm": "성동구" }, "geometry": { "type": "Polygon", "coordinates": [ [ [ 127.038826079137593, 37.56284857889959 ], [ 127.039166649906633, 37.560860179403811 ], [ 127.039540662263718, 37.555740842859045 ], [ 127.039531793206081, 37.55522815158124 ], [ 127.039351704089754, 37.554480468218898 ], [ 127.039015249744821, 37.553856024224025 ], [ 127.034230075031118, 37.554596703724911 ], [ 127.034280096261213, 37.554858318843756 ], [ 127.033979986534476, 37.55850820355964 ], [ 127.030768527687243, 37.557861660991385 ], [ 127.03062954125545, 37.55847289889897 ], [ 127.031065124628583, 37.560333620339904 ], [ 127.033510589094263, 37.562517856120664 ], [ 127.035453061812248, 37.561280526249796 ], [ 127.035985022864125, 37.562454373469627 ], [ 127.036495809946871, 37.566038105431268 ], [ 127.038826079137593, 37.56284857889959 ] ] ] } },
{ "type": "Feature", "properties": { "adm_nm": "서울특별시 성동구 행당2동", "ADM_CD": "1120057000", "sggnm": "성동구" }, "geometry": { "type": "Polygon", "coordinates": [ [ [ 127.031065124628583, 37.560333620339904 ], [ 127.03062954125545, 37.55847289889897 ], [ 127.030768527687243, 37.557861660991385 ], [ 127.033979986534476, 37.55850820355964 ], [ 127.034280096261213, 37.554858318843756 ], [ 127.033997042013695, 37.554520297008068 ], [ 127.031940958775152, 37.552958806193622 ], [ 127.031357830258159, 37.552915587135892 ], [ 127.029510378217708, 37.553911003327329 ], [ 127.029100258248505, 37.553874430226188 ], [ 127.028101691439701, 37.554121695807808 ], [ 127.0259292272262, 37.554926461744941 ], [ 127.025737706280253, 37.555015773546977 ], [ 127.024902541856449, 37.555698621909443 ], [ 127.02431040322989, 37.557897753360969 ], [ 127.026778379976463, 37.559610054676362 ], [ 127.028085766651756, 37.56023729093031 ], [ 127.030247804780018, 37.560439703139274 ], [ 127.030580509271218, 37.560309204050505 ], [ 127.031065124628583, 37.560333620339904 ] ] ] } },
{ "type": "Feature", "properties": { "adm_nm": "서울특별시 성동구 응봉동", "ADM_CD": "1120058000", "sggnm": "성동구" }, "geometry": { "type": "Polygon", "coordinates": [ [ [ 127.039015249744821, 37.553856024224025 ], [ 127.03983477004536, 37.55291511357612 ], [ 127.040464784834853, 37.552497303299972 ], [ 127.040061680241848, 37.551330759872535 ], [ 127.034376264881317, 37.548159380236065 ], [ 127.032495229934497, 37.546748092507094 ], [ 127.031221354288789, 37.546568233002617 ], [ 127.030398278862066, 37.546271069569954 ], [ 127.029534933343371, 37.549202928138094 ], [ 127.028976027244923, 37.54910353424355 ], [ 127.029510378217708, 37.553911003327329 ], [ 127.031357830258159, 37.552915587135892 ], [ 127.031940958775152, 37.552958806193622 ], [ 127.033997042013695, 37.554520297008068 ], [ 127.034280096261213, 37.554858318843756 ], [ 127.034230075031118, 37.554596703724911 ], [ 127.039015249744821, 37.553856024224025 ] ] ] } },
{ "type": "Feature", "properties": { "adm_nm": "서울특별시 성동구 금호1가동", "ADM_CD": "1120059000", "sggnm": "성동구" }, "geometry": { "type": "Polygon", "coordinates": [ [ [ 127.029510378217708, 37.553911003327329 ], [ 127.028976027244923, 37.54910353424355 ], [ 127.025868758233457, 37.54831931697688 ], [ 127.026068566720127, 37.54934765947889 ], [ 127.026083074846412, 37.549961763123115 ], [ 127.025486667296065, 37.551625740258707 ], [ 127.025244397373427, 37.55211600251171 ], [ 127.024784717504176, 37.552523141154616 ], [ 127.02339997878974, 37.553078651379515 ], [ 127.022737916155407, 37.553263006412209 ], [ 127.01998250380413, 37.555699001232604 ], [ 127.019463902837472, 37.5573396016988 ], [ 127.019370886001767, 37.557499213548525 ], [ 127.021824292577037, 37.557709410220035 ], [ 127.022857146333436, 37.557868260398386 ], [ 127.02431040322989, 37.557897753360969 ], [ 127.024876846702085, 37.555733445828949 ], [ 127.025737706280253, 37.555015773546977 ], [ 127.028101691439701, 37.554121695807808 ], [ 127.029100258248505, 37.553874430226188 ], [ 127.029510378217708, 37.553911003327329 ] ] ] } },
{ "type": "Feature", "properties": { "adm_nm": "서울특별시 성동구 금호4가동", "ADM_CD": "1120062000", "sggnm": "성동구" }, "geometry": { "type": "Polygon", "coordinates": [ [ [ 127.030398278862066, 37.546271069569954 ], [ 127.031093624900151, 37.545956106404489 ], [ 127.030892776898696, 37.545264647800657 ], [ 127.031504309594126, 37.542506277594022 ], [ 127.022874766420728, 37.541452477335852 ], [ 127.021295520479271, 37.543356952041016 ], [ 127.019711582087808, 37.545149176446877 ], [ 127.016825785103137, 37.545734088046544 ], [ 127.015190574052639, 37.547067018782066 ], [ 127.014453720358773, 37.548097165563327 ], [ 127.01487693359654, 37.548299455672982 ], [ 127.016793276555674, 37.548469557519049 ], [ 127.019239505055808, 37.548320679743796 ], [ 127.025415737219859, 37.548082019019311 ], [ 127.025868758233457, 37.54831931697688 ], [ 127.028976027244923, 37.54910353424355 ], [ 127.029534933343371, 37.549202928138094 ], [ 127.030398278862066, 37.546271069569954 ] ] ] } },
{ "type": "Feature", "properties": { "adm_nm": "서울특별시 성동구 성수1가1동", "ADM_CD": "1120065000", "sggnm": "성동구" }, "geometry": { "type": "Polygon", "coordinates": [ [ [ 127.049584809295567, 37.544171301472169 ], [ 127.05188271435695, 37.543473609926963 ], [ 127.051009115141653, 37.541913204234348 ], [ 127.050456781497843, 37.540110649836116 ], [ 127.050835096940304, 37.537299758213386 ], [ 127.05044822320049, 37.536705754115566 ], [ 127.049058425591625, 37.532552153182337 ], [ 127.046668709452106, 37.533999725415882 ], [ 127.040308266555172, 37.535897207727338 ], [ 127.035901093035008, 37.535838185636237 ], [ 127.035993345815498, 37.537885969327732 ], [ 127.033400926260725, 37.54130204923873 ], [ 127.031504309594126, 37.542506277594022 ], [ 127.030892776898696, 37.545264647800657 ], [ 127.031093624900151, 37.545956106404489 ], [ 127.030398278862066, 37.546271069569954 ], [ 127.031221354288789, 37.546568233002617 ], [ 127.031121226400174, 37.546067758292914 ], [ 127.034360679014782, 37.545432730551063 ], [ 127.035585596405184, 37.54631073924196 ], [ 127.036719126821168, 37.547556804188979 ], [ 127.039183277382008, 37.546898319496393 ], [ 127.043588398255324, 37.545963375584506 ], [ 127.043801054021415, 37.545988107534015 ], [ 127.043969357971363, 37.546226724545434 ], [ 127.044759889041416, 37.54621411307204 ], [ 127.045391925892417, 37.546138257551604 ], [ 127.046775947810801, 37.545702994203864 ], [ 127.049116892708724, 37.54481381067334 ], [ 127.049584809295567, 37.544171301472169 ] ] ] } },
{ "type": "Feature", "properties": { "adm_nm": "서울특별시 성동구 성수1가2동", "ADM_CD": "1120066000", "sggnm": "성동구" }, "geometry": { "type": "Polygon", "coordinates": [ [ [ 127.049335021649, 37.552639677345923 ], [ 127.052516349826604, 37.5516884576043 ], [ 127.049584809295567, 37.544171301472169 ], [ 127.049116892708724, 37.54481381067334 ], [ 127.046775947810801, 37.545702994203864 ], [ 127.045391925892417, 37.546138257551604 ], [ 127.044759889041416, 37.54621411307204 ], [ 127.043969357971363, 37.546226724545434 ], [ 127.043801054021415, 37.545988107534015 ], [ 127.043588398255324, 37.545963375584506 ], [ 127.039183277382008, 37.546898319496393 ], [ 127.036719126821168, 37.547556804188979 ], [ 127.035585596405184, 37.54631073924196 ], [ 127.034360679014782, 37.545432730551063 ], [ 127.031121226400174, 37.546067758292914 ], [ 127.031221354288789, 37.546568233002617 ], [ 127.032495229934497, 37.546748092507094 ], [ 127.034376264881317, 37.548159380236065 ], [ 127.040061680241848, 37.551330759872535 ], [ 127.040464784834853, 37.552497303299972 ], [ 127.03983477004536, 37.55291511357612 ], [ 127.04176088549319, 37.552704149462883 ], [ 127.044497167798738, 37.553005314815771 ], [ 127.046640354275766, 37.553020323521316 ], [ 127.048004748353918, 37.552876830591813 ], [ 127.049335021649, 37.552639677345923 ] ] ] } },
{ "type": "Feature", "properties": { "adm_nm": "서울특별시 성동구 성수2가1동", "ADM_CD": "1120067000", "sggnm": "성동구" }, "geometry": { "type": "Polygon", "coordinates": [ [ [ 127.062826311833192, 37.540186250212805 ], [ 127.056566563763568, 37.529101172908732 ], [ 127.049058425591625, 37.532552153182337 ], [ 127.05044822320049, 37.536705754115566 ], [ 127.050835096940304, 37.537299758213386 ], [ 127.050456781497843, 37.540110649836116 ], [ 127.051009115141653, 37.541913204234348 ], [ 127.05188271435695, 37.543473609926963 ], [ 127.062826311833192, 37.540186250212805 ] ] ] } },
{ "type": "Feature", "properties": { "adm_nm": "서울특별시 성동구 성수2가3동", "ADM_CD": "1120069000", "sggnm": "성동구" }, "geometry": { "type": "Polygon", "coordinates": [ [ [ 127.067498959941446, 37.548311264019979 ], [ 127.062826311833192, 37.540186250212805 ], [ 127.049584809295567, 37.544171301472169 ], [ 127.052182514944235, 37.550837696834215 ], [ 127.054581352392773, 37.550091859377169 ], [ 127.05737117056475, 37.549009199651962 ], [ 127.058654099072484, 37.548646962269856 ], [ 127.060044189258122, 37.548326536379051 ], [ 127.062253746228265, 37.5481026511114 ], [ 127.063107124060849, 37.548088906853195 ], [ 127.067498959941446, 37.548311264019979 ] ] ] } },
{ "type": "Feature", "properties": { "adm_nm": "서울특별시 성동구 송정동", "ADM_CD": "1120072000", "sggnm": "성동구" }, "geometry": { "type": "Polygon", "coordinates": [ [ [ 127.073698051202228, 37.559439590286971 ], [ 127.067498959941446, 37.548311264019979 ], [ 127.063107124060849, 37.548088906853195 ], [ 127.062253746228265, 37.5481026511114 ], [ 127.060044189258122, 37.548326536379051 ], [ 127.058654099072484, 37.548646962269856 ], [ 127.05737117056475, 37.549009199651962 ], [ 127.054581352392773, 37.550091859377169 ], [ 127.052182514944235, 37.550837696834215 ], [ 127.052516349826604, 37.5516884576043 ], [ 127.05477442602276, 37.551177589849104 ], [ 127.05985355245781, 37.549672582305057 ], [ 127.060987270333484, 37.549666302200897 ], [ 127.06241618913819, 37.549847370013225 ], [ 127.062952011252321, 37.550054412152356 ], [ 127.06354321262809, 37.550351791795904 ], [ 127.064082582668732, 37.550802206095547 ], [ 127.064950239635877, 37.551867874927204 ], [ 127.065545573894937, 37.552917889479701 ], [ 127.066420555959098, 37.554071455986644 ], [ 127.068376316535591, 37.556408614605516 ], [ 127.069511441784371, 37.55749888718865 ], [ 127.071804919541762, 37.559454076344608 ], [ 127.073698051202228, 37.559439590286971 ] ] ] } },
{ "type": "Feature", "properties": { "adm_nm": "서울특별시 성동구 용답동", "ADM_CD": "1120079000", "sggnm": "성동구" }, "geometry": { "type": "Polygon", "coordinates": [ [ [ 127.048657258752215, 37.569866394619694 ], [ 127.058203099727038, 37.56271987461578 ], [ 127.059053305270453, 37.562311812959479 ], [ 127.063307139102506, 37.561483725421382 ], [ 127.065504184515248, 37.561147361341327 ], [ 127.065545713463479, 37.561345707639724 ], [ 127.070707325163809, 37.560583609642677 ], [ 127.073698051202228, 37.559439590286971 ], [ 127.071804919541762, 37.559454076344608 ], [ 127.069511441784371, 37.55749888718865 ], [ 127.068376316535591, 37.556408614605516 ], [ 127.066420555959098, 37.554071455986644 ], [ 127.065545573894937, 37.552917889479701 ], [ 127.064950239635877, 37.551867874927204 ], [ 127.064082582668732, 37.550802206095547 ], [ 127.06354321262809, 37.550351791795904 ], [ 127.06241618913819, 37.549847370013225 ], [ 127.060987270333484, 37.549666302200897 ], [ 127.05985355245781, 37.549672582305057 ], [ 127.05477442602276, 37.551177589849104 ], [ 127.052516349826604, 37.5516884576043 ], [ 127.049335021649, 37.552639677345923 ], [ 127.050605428173256, 37.554004433231675 ], [ 127.051157728387949, 37.555004780460287 ], [ 127.051674402504801, 37.556889462782117 ], [ 127.051657537928122, 37.558271822846216 ], [ 127.050386552585437, 37.561816057272644 ], [ 127.050003999849778, 37.562706935333566 ], [ 127.049786402282891, 37.563116220830416 ], [ 127.04859638196541, 37.564942543260734 ], [ 127.048231226469042, 37.565383930823508 ], [ 127.047764828826217, 37.566583195816108 ], [ 127.045982043779418, 37.569610568558751 ], [ 127.045288328156246, 37.57010809842658 ], [ 127.043840161239373, 37.570939639011421 ], [ 127.042180463861797, 37.573020962025055 ], [ 127.048657258752215, 37.569866394619694 ] ] ] } },
{ "type": "Feature", "properties": { "adm_nm": "서울특별시 성동구 왕십리도선동", "ADM_CD": "1120053500", "sggnm": "성동구" }, "geometry": { "type": "Polygon", "coordinates": [ [ [ 127.032310811981247, 37.570144154108469 ], [ 127.033035994337169, 37.567919566787509 ], [ 127.034718758916043, 37.566246322207249 ], [ 127.036495809946871, 37.566038105431268 ], [ 127.035985022864125, 37.562454373469627 ], [ 127.035453061812248, 37.561280526249796 ], [ 127.033510589094263, 37.562517856120664 ], [ 127.027418193941685, 37.564870936287029 ], [ 127.026705495410539, 37.564989762451361 ], [ 127.023615247863077, 37.565168869046076 ], [ 127.023368123999518, 37.571739854899207 ], [ 127.030357085425905, 37.569819285656131 ], [ 127.032310811981247, 37.570144154108469 ] ] ] } },
{ "type": "Feature", "properties": { "adm_nm": "서울특별시 성동구 금호2·3가동", "ADM_CD": "1120061500", "sggnm": "성동구" }, "geometry": { "type": "Polygon", "coordinates": [ [ [ 127.025868758233457, 37.54831931697688 ], [ 127.025415737219859, 37.548082019019311 ], [ 127.019239505055808, 37.548320679743796 ], [ 127.016793276555674, 37.548469557519049 ], [ 127.01487693359654, 37.548299455672982 ], [ 127.014453720358773, 37.548097165563327 ], [ 127.014374121256921, 37.54913421189206 ], [ 127.013207619552659, 37.54994422861261 ], [ 127.016306137488954, 37.553011495638145 ], [ 127.017411435665281, 37.555982657918925 ], [ 127.017880239796781, 37.556570378397645 ], [ 127.01858868515346, 37.556991270066355 ], [ 127.019463902837472, 37.5573396016988 ], [ 127.01998250380413, 37.555699001232604 ], [ 127.022737916155407, 37.553263006412209 ], [ 127.02339997878974, 37.553078651379515 ], [ 127.024784717504176, 37.552523141154616 ], [ 127.025244397373427, 37.55211600251171 ], [ 127.025486667296065, 37.551625740258707 ], [ 127.026083074846412, 37.549961763123115 ], [ 127.026068566720127, 37.54934765947889 ], [ 127.025868758233457, 37.54831931697688 ] ] ] } },
{ "type": "Feature", "properties": { "adm_nm": "서울특별시 성동구 옥수동", "ADM_CD": "1120064500", "sggnm": "성동구" }, "geometry": { "type": "Polygon", "coordinates": [ [ [ 127.014453720358773, 37.548097165563327 ], [ 127.015190574052639, 37.547067018782066 ], [ 127.016825785103137, 37.545734088046544 ], [ 127.019711582087808, 37.545149176446877 ], [ 127.021295520479271, 37.543356952041016 ], [ 127.022874766420728, 37.541452477335852 ], [ 127.031504309594126, 37.542506277594022 ], [ 127.033400926260725, 37.54130204923873 ], [ 127.035993345815498, 37.537885969327732 ], [ 127.035901093035008, 37.535838185636237 ], [ 127.021564918498868, 37.535530965877896 ], [ 127.020924412345153, 37.535119356806142 ], [ 127.014789263117663, 37.538901377441235 ], [ 127.012889891509005, 37.539313813299806 ], [ 127.012136607548143, 37.539185649095792 ], [ 127.011533039605681, 37.538981468324351 ], [ 127.009925981364191, 37.539371404743704 ], [ 127.009471149472816, 37.539576827235486 ], [ 127.009322759818048, 37.539677481240339 ], [ 127.008336960378614, 37.54185929062551 ], [ 127.008425161849416, 37.542864664827981 ], [ 127.008606035702712, 37.543979714240301 ], [ 127.010681940708878, 37.548078215345136 ], [ 127.010867053538789, 37.548118416411072 ], [ 127.01165764754505, 37.548511522986345 ], [ 127.013207619552659, 37.54994422861261 ], [ 127.014374121256921, 37.54913421189206 ], [ 127.014453720358773, 37.548097165563327 ] ] ] } },
{ "type": "Feature", "properties": { "adm_nm": "서울특별시 광진구 화양동", "ADM_CD": "1121571000", "sggnm": "광진구" }, "geometry": { "type": "Polygon", "coordinates": [ [ [ 127.074056820692107, 37.547340473833572 ], [ 127.077331420408655, 37.545898433848592 ], [ 127.079479014944781, 37.545429646214643 ], [ 127.081613618086422, 37.545298645752283 ], [ 127.082376731526139, 37.544971225515752 ], [ 127.081514977580213, 37.543325457521924 ], [ 127.081347243054168, 37.543083750812933 ], [ 127.081275885487784, 37.542811964956087 ], [ 127.081279559049833, 37.542155116317943 ], [ 127.081404905089414, 37.542015837332762 ], [ 127.082473940819312, 37.541495724453839 ], [ 127.082934489127894, 37.541372289074786 ], [ 127.082290361982672, 37.54003782342226 ], [ 127.079948117751371, 37.539002483009384 ], [ 127.078941040028184, 37.538934601026043 ], [ 127.076780318449224, 37.539211930223914 ], [ 127.075264219652809, 37.53932693485519 ], [ 127.075135387782936, 37.538711429624691 ], [ 127.073273241756098, 37.539074506605566 ], [ 127.07055466537831, 37.539831668523718 ], [ 127.063943393779851, 37.542150944448245 ], [ 127.067498959941446, 37.548311264019979 ], [ 127.071697867302504, 37.547881525463467 ], [ 127.074056820692107, 37.547340473833572 ] ] ] } },
{ "type": "Feature", "properties": { "adm_nm": "서울특별시 광진구 군자동", "ADM_CD": "1121573000", "sggnm": "광진구" }, "geometry": { "type": "Polygon", "coordinates": [ [ [ 127.077930673036562, 37.557778284555845 ], [ 127.078661415716539, 37.55739392180736 ], [ 127.079144132767027, 37.55703636469454 ], [ 127.079199683430133, 37.556634244375445 ], [ 127.076159791370387, 37.550599432353366 ], [ 127.07518803317663, 37.548891176791535 ], [ 127.074056820692107, 37.547340473833572 ], [ 127.071697867302504, 37.547881525463467 ], [ 127.067498959941446, 37.548311264019979 ], [ 127.073698051202228, 37.559439590286971 ], [ 127.077930673036562, 37.557778284555845 ] ] ] } },
{ "type": "Feature", "properties": { "adm_nm": "서울특별시 광진구 중곡1동", "ADM_CD": "1121574000", "sggnm": "광진구" }, "geometry": { "type": "Polygon", "coordinates": [ [ [ 127.083358513855686, 37.564206160056784 ], [ 127.079859078388495, 37.557797316300515 ], [ 127.077930673036562, 37.557778284555845 ], [ 127.072101661505073, 37.560045607394628 ], [ 127.075848125699721, 37.566636730990339 ], [ 127.083358513855686, 37.564206160056784 ] ] ] } },
{ "type": "Feature", "properties": { "adm_nm": "서울특별시 광진구 중곡2동", "ADM_CD": "1121575000", "sggnm": "광진구" }, "geometry": { "type": "Polygon", "coordinates": [ [ [ 127.08691839463043, 37.563506593169841 ], [ 127.088673187829798, 37.553292485767471 ], [ 127.088290136181541, 37.553586393223256 ], [ 127.087412224851533, 37.554062172195167 ], [ 127.080092447035113, 37.556934766132059 ], [ 127.079630214046205, 37.55723033119942 ], [ 127.080142722180909, 37.558352357225289 ], [ 127.083358513855686, 37.564206160056784 ], [ 127.085391455093102, 37.563488865199901 ], [ 127.08691839463043, 37.563506593169841 ] ] ] } },
{ "type": "Feature", "properties": { "adm_nm": "서울특별시 광진구 중곡3동", "ADM_CD": "1121576000", "sggnm": "광진구" }, "geometry": { "type": "Polygon", "coordinates": [ [ [ 127.086165057292504, 37.570820683141299 ], [ 127.086064625799565, 37.568574843069094 ], [ 127.08691839463043, 37.563506593169841 ], [ 127.085391455093102, 37.563488865199901 ], [ 127.083358513855686, 37.564206160056784 ], [ 127.075848125699721, 37.566636730990339 ], [ 127.077777041774311, 37.570078915003243 ], [ 127.07820034848703, 37.570944597089166 ], [ 127.078575959842297, 37.57186080820366 ], [ 127.080983063276932, 37.571610238567573 ], [ 127.086165057292504, 37.570820683141299 ] ] ] } },
{ "type": "Feature", "properties": { "adm_nm": "서울특별시 광진구 중곡4동", "ADM_CD": "1121577000", "sggnm": "광진구" }, "geometry": { "type": "Polygon", "coordinates": [ [ [ 127.101146079923197, 37.560023363174111 ], [ 127.100897198901961, 37.559584238894743 ], [ 127.10033908035588, 37.559014499246231 ], [ 127.099457681569461, 37.558225646119567 ], [ 127.097671300084144, 37.557426945869857 ], [ 127.096139157798675, 37.557186236783018 ], [ 127.092814542854569, 37.554488788314941 ], [ 127.090907258340835, 37.552797797409752 ], [ 127.089628311828292, 37.552399059866595 ], [ 127.088673187829798, 37.553292485767471 ], [ 127.086064625799565, 37.568574843069094 ], [ 127.086165057292504, 37.570820683141299 ], [ 127.088160113549577, 37.57081847785512 ], [ 127.088395831706109, 37.570075863866435 ], [ 127.089085808177657, 37.570181317026851 ], [ 127.089310313944083, 37.57011960045174 ], [ 127.089768809820725, 37.569884590213327 ], [ 127.08999952423936, 37.569699744245 ], [ 127.090351328323791, 37.569619588034584 ], [ 127.091170414387406, 37.569559332896745 ], [ 127.091803466382075, 37.569648278427792 ], [ 127.092312161313117, 37.569871027445394 ], [ 127.092486120977043, 37.570096805138824 ], [ 127.092631624386684, 37.570410526445286 ], [ 127.093313015673601, 37.570312600555503 ], [ 127.094188383933684, 37.570465462319589 ], [ 127.094571942560805, 37.570603109371547 ], [ 127.095308831939704, 37.570974064556246 ], [ 127.095751117705007, 37.571103561677738 ], [ 127.100930211180881, 37.573559795823115 ], [ 127.101636970614166, 37.572558290981583 ], [ 127.102974266092474, 37.572365640180806 ], [ 127.103162918719065, 37.572293039806091 ], [ 127.103834757537768, 37.57183457572421 ], [ 127.104011971899595, 37.571675086004682 ], [ 127.104183502585173, 37.57099528607565 ], [ 127.1034962675852, 37.570025009888361 ], [ 127.103341845028709, 37.569649304038116 ], [ 127.101092520688866, 37.560909887013118 ], [ 127.101146079923197, 37.560023363174111 ] ] ] } },
{ "type": "Feature", "properties": { "adm_nm": "서울특별시 광진구 능동", "ADM_CD": "1121578000", "sggnm": "광진구" }, "geometry": { "type": "Polygon", "coordinates": [ [ [ 127.088673187829798, 37.553292485767471 ], [ 127.089628311828292, 37.552399059866595 ], [ 127.089548114975827, 37.55179027159712 ], [ 127.085996365385299, 37.549447924986758 ], [ 127.085423017968054, 37.548722577505181 ], [ 127.085379391323343, 37.548552293924359 ], [ 127.08568708242899, 37.546140000482538 ], [ 127.085064515752137, 37.545108018894389 ], [ 127.079479014944781, 37.545429646214643 ], [ 127.077331420408655, 37.545898433848592 ], [ 127.074056820692107, 37.547340473833572 ], [ 127.07518803317663, 37.548891176791535 ], [ 127.076159791370387, 37.550599432353366 ], [ 127.079199683430133, 37.556634244375445 ], [ 127.079144132767027, 37.55703636469454 ], [ 127.078661415716539, 37.55739392180736 ], [ 127.077930673036562, 37.557778284555845 ], [ 127.079859078388495, 37.557797316300515 ], [ 127.079630214046205, 37.55723033119942 ], [ 127.080092447035113, 37.556934766132059 ], [ 127.087412224851533, 37.554062172195167 ], [ 127.088290136181541, 37.553586393223256 ], [ 127.088673187829798, 37.553292485767471 ] ] ] } },
{ "type": "Feature", "properties": { "adm_nm": "서울특별시 광진구 구의1동", "ADM_CD": "1121585000", "sggnm": "광진구" }, "geometry": { "type": "Polygon", "coordinates": [ [ [ 127.085064515752137, 37.545108018894389 ], [ 127.090654148583937, 37.544685848803148 ], [ 127.089053440164804, 37.537898772072559 ], [ 127.08354948969837, 37.536629955680411 ], [ 127.083199257706767, 37.540070767035935 ], [ 127.082934489127894, 37.541372289074786 ], [ 127.082473940819312, 37.541495724453839 ], [ 127.081404905089414, 37.542015837332762 ], [ 127.081279559049833, 37.542155116317943 ], [ 127.081275885487784, 37.542811964956087 ], [ 127.081347243054168, 37.543083750812933 ], [ 127.081514977580213, 37.543325457521924 ], [ 127.082376731526139, 37.544971225515752 ], [ 127.081613618086422, 37.545298645752283 ], [ 127.085064515752137, 37.545108018894389 ] ] ] } },
{ "type": "Feature", "properties": { "adm_nm": "서울특별시 광진구 구의2동", "ADM_CD": "1121586000", "sggnm": "광진구" }, "geometry": { "type": "Polygon", "coordinates": [ [ [ 127.104246389703036, 37.559876059466418 ], [ 127.103394918717697, 37.557235620677368 ], [ 127.100075408129712, 37.553003840164457 ], [ 127.098691860964777, 37.551988512936624 ], [ 127.098241111876845, 37.55029188463994 ], [ 127.09864763790597, 37.54901839481434 ], [ 127.098015191523558, 37.546231060709815 ], [ 127.097780652047888, 37.545506925537879 ], [ 127.096964873970947, 37.545902993036258 ], [ 127.096746545493318, 37.545847039709734 ], [ 127.09395346071652, 37.544243198420318 ], [ 127.09317878749944, 37.543694176288696 ], [ 127.092474921740902, 37.544118169903541 ], [ 127.090654148583937, 37.544685848803148 ], [ 127.085064515752137, 37.545108018894389 ], [ 127.08568708242899, 37.546140000482538 ], [ 127.085379391323343, 37.548552293924359 ], [ 127.085423017968054, 37.548722577505181 ], [ 127.085996365385299, 37.549447924986758 ], [ 127.089548114975827, 37.55179027159712 ], [ 127.089628311828292, 37.552399059866595 ], [ 127.090907258340835, 37.552797797409752 ], [ 127.092814542854569, 37.554488788314941 ], [ 127.096139157798675, 37.557186236783018 ], [ 127.097671300084144, 37.557426945869857 ], [ 127.099457681569461, 37.558225646119567 ], [ 127.10033908035588, 37.559014499246231 ], [ 127.100897198901961, 37.559584238894743 ], [ 127.101146079923197, 37.560023363174111 ], [ 127.104246389703036, 37.559876059466418 ] ] ] } },
{ "type": "Feature", "properties": { "adm_nm": "서울특별시 광진구 구의3동", "ADM_CD": "1121587000", "sggnm": "광진구" }, "geometry": { "type": "Polygon", "coordinates": [ [ [ 127.09317878749944, 37.543694176288696 ], [ 127.095079235827072, 37.541865235656736 ], [ 127.096969241720785, 37.540227856026242 ], [ 127.097748412616525, 37.539655899089148 ], [ 127.100613869199194, 37.537091129643677 ], [ 127.103201800662319, 37.534665067060743 ], [ 127.098957171276368, 37.527953652564285 ], [ 127.098117540978194, 37.527558708238594 ], [ 127.092250747011079, 37.526786026199801 ], [ 127.091647436290913, 37.533264631797593 ], [ 127.090875643095217, 37.533656302696258 ], [ 127.090130353001513, 37.533404203324672 ], [ 127.089261274592815, 37.536378425293712 ], [ 127.089418106093959, 37.537450456431905 ], [ 127.089053440164804, 37.537898772072559 ], [ 127.090654148583937, 37.544685848803148 ], [ 127.092474921740902, 37.544118169903541 ], [ 127.09317878749944, 37.543694176288696 ] ] ] } },
{ "type": "Feature", "properties": { "adm_nm": "서울특별시 광진구 광장동", "ADM_CD": "1121581000", "sggnm": "광진구" }, "geometry": { "type": "Polygon", "coordinates": [ [ [ 127.113769177183897, 37.558885490922499 ], [ 127.113896892452587, 37.558598799072179 ], [ 127.113889395317472, 37.553330367458301 ], [ 127.11307043277391, 37.551331188907199 ], [ 127.112444475997691, 37.549507275034813 ], [ 127.112071860299253, 37.547545605849237 ], [ 127.111568510682446, 37.54650964728895 ], [ 127.10956437773541, 37.543469981099015 ], [ 127.103201800662319, 37.534665067060743 ], [ 127.100613869199194, 37.537091129643677 ], [ 127.097748412616525, 37.539655899089148 ], [ 127.096969241720785, 37.540227856026242 ], [ 127.095079235827072, 37.541865235656736 ], [ 127.09317878749944, 37.543694176288696 ], [ 127.09395346071652, 37.544243198420318 ], [ 127.096746545493318, 37.545847039709734 ], [ 127.096964873970947, 37.545902993036258 ], [ 127.097780652047888, 37.545506925537879 ], [ 127.098015191523558, 37.546231060709815 ], [ 127.09864763790597, 37.54901839481434 ], [ 127.098241111876845, 37.55029188463994 ], [ 127.098691860964777, 37.551988512936624 ], [ 127.100075408129712, 37.553003840164457 ], [ 127.103394918717697, 37.557235620677368 ], [ 127.104246389703036, 37.559876059466418 ], [ 127.108960386939785, 37.559823690134017 ], [ 127.110022198240841, 37.55845873405385 ], [ 127.111465008589889, 37.558888752481899 ], [ 127.113769177183897, 37.558885490922499 ] ] ] } },
{ "type": "Feature", "properties": { "adm_nm": "서울특별시 광진구 자양1동", "ADM_CD": "1121582000", "sggnm": "광진구" }, "geometry": { "type": "Polygon", "coordinates": [ [ [ 127.08354948969837, 37.536629955680411 ], [ 127.084833485593336, 37.533324194030932 ], [ 127.08534820986074, 37.53246413533649 ], [ 127.083986704222639, 37.531808173508544 ], [ 127.083300309027095, 37.531573599517166 ], [ 127.082594203705511, 37.531469703425181 ], [ 127.082111169199763, 37.531451093857349 ], [ 127.081379382493296, 37.531513850414839 ], [ 127.075660488666173, 37.533204888314657 ], [ 127.076575682035013, 37.536116169707711 ], [ 127.077170829003023, 37.53820596198495 ], [ 127.075135387782936, 37.538711429624691 ], [ 127.075264219652809, 37.53932693485519 ], [ 127.076780318449224, 37.539211930223914 ], [ 127.078941040028184, 37.538934601026043 ], [ 127.079948117751371, 37.539002483009384 ], [ 127.082290361982672, 37.54003782342226 ], [ 127.082934489127894, 37.541372289074786 ], [ 127.083199257706767, 37.540070767035935 ], [ 127.08354948969837, 37.536629955680411 ] ] ] } },
{ "type": "Feature", "properties": { "adm_nm": "서울특별시 광진구 자양2동", "ADM_CD": "1121583000", "sggnm": "광진구" }, "geometry": { "type": "Polygon", "coordinates": [ [ [ 127.092250747011079, 37.526786026199801 ], [ 127.090437875091126, 37.52600227280481 ], [ 127.084285079076324, 37.524420303658218 ], [ 127.077580180752861, 37.523575149724273 ], [ 127.072854603031161, 37.523712509860573 ], [ 127.072576918841733, 37.523776860800581 ], [ 127.073859189084516, 37.527033129998614 ], [ 127.075660488666173, 37.533204888314657 ], [ 127.081379382493296, 37.531513850414839 ], [ 127.082111169199763, 37.531451093857349 ], [ 127.082594203705511, 37.531469703425181 ], [ 127.083300309027095, 37.531573599517166 ], [ 127.083986704222639, 37.531808173508544 ], [ 127.08534820986074, 37.53246413533649 ], [ 127.084833485593336, 37.533324194030932 ], [ 127.08354948969837, 37.536629955680411 ], [ 127.089053440164804, 37.537898772072559 ], [ 127.089418106093959, 37.537450456431905 ], [ 127.089261274592815, 37.536378425293712 ], [ 127.090130353001513, 37.533404203324672 ], [ 127.090875643095217, 37.533656302696258 ], [ 127.091647436290913, 37.533264631797593 ], [ 127.092250747011079, 37.526786026199801 ] ] ] } },
{ "type": "Feature", "properties": { "adm_nm": "서울특별시 광진구 자양3동", "ADM_CD": "1121584000", "sggnm": "광진구" }, "geometry": { "type": "Polygon", "coordinates": [ [ [ 127.075135387782936, 37.538711429624691 ], [ 127.077170829003023, 37.53820596198495 ], [ 127.076575682035013, 37.536116169707711 ], [ 127.074864661816264, 37.530559941749715 ], [ 127.073859189084516, 37.527033129998614 ], [ 127.072576918841733, 37.523776860800581 ], [ 127.066961859022427, 37.525081392754259 ], [ 127.065264906169787, 37.525603519889067 ], [ 127.065559152612309, 37.527413006434529 ], [ 127.067151005873129, 37.532511415645367 ], [ 127.07055466537831, 37.539831668523718 ], [ 127.073273241756098, 37.539074506605566 ], [ 127.075135387782936, 37.538711429624691 ] ] ] } },
{ "type": "Feature", "properties": { "adm_nm": "서울특별시 광진구 자양4동", "ADM_CD": "1121584700", "sggnm": "광진구" }, "geometry": { "type": "Polygon", "coordinates": [ [ [ 127.07055466537831, 37.539831668523718 ], [ 127.067151005873129, 37.532511415645367 ], [ 127.065559152612309, 37.527413006434529 ], [ 127.065264906169787, 37.525603519889067 ], [ 127.060252002125495, 37.527521807660072 ], [ 127.056566563763568, 37.529101172908732 ], [ 127.063943393779851, 37.542150944448245 ], [ 127.07055466537831, 37.539831668523718 ] ] ] } },
{ "type": "Feature", "properties": { "adm_nm": "서울특별시 동대문구 회기동", "ADM_CD": "1123071000", "sggnm": "동대문구" }, "geometry": { "type": "Polygon", "coordinates": [ [ [ 127.052029941804349, 37.599952682071532 ], [ 127.05263341474506, 37.599423208592192 ], [ 127.054601844735032, 37.595732843609987 ], [ 127.055048676018089, 37.593574750021389 ], [ 127.056902665994201, 37.591447671050844 ], [ 127.053275710951411, 37.587808384375158 ], [ 127.052825808581687, 37.587278266587816 ], [ 127.051831591249268, 37.5879200841147 ], [ 127.048255486720549, 37.588807797703879 ], [ 127.047702344008925, 37.590136291020855 ], [ 127.047413462598868, 37.594585575969191 ], [ 127.04764739129007, 37.596287635801716 ], [ 127.048158002193802, 37.597556107046898 ], [ 127.050273405968028, 37.601105343070884 ], [ 127.051008853529638, 37.601569385325746 ], [ 127.051327384538695, 37.601626501660306 ], [ 127.052029941804349, 37.599952682071532 ] ] ] } },
{ "type": "Feature", "properties": { "adm_nm": "서울특별시 동대문구 휘경1동", "ADM_CD": "1123072000", "sggnm": "동대문구" }, "geometry": { "type": "Polygon", "coordinates": [ [ [ 127.069626093865807, 37.594882731311493 ], [ 127.070355002380651, 37.592475392900091 ], [ 127.056992547932879, 37.588597549696395 ], [ 127.054949150800539, 37.587820281658786 ], [ 127.053275710951411, 37.587808384375158 ], [ 127.056902665994201, 37.591447671050844 ], [ 127.057844164995586, 37.592788621111609 ], [ 127.058940618013878, 37.592826519432094 ], [ 127.061626527756999, 37.593200448505016 ], [ 127.064433763201833, 37.594634968383886 ], [ 127.065123997823576, 37.595321378784291 ], [ 127.069626093865807, 37.594882731311493 ] ] ] } },
{ "type": "Feature", "properties": { "adm_nm": "서울특별시 동대문구 휘경2동", "ADM_CD": "1123073000", "sggnm": "동대문구" }, "geometry": { "type": "Polygon", "coordinates": [ [ [ 127.070720079549389, 37.59091177981982 ], [ 127.071625549138915, 37.587947386248487 ], [ 127.077229208717682, 37.580982091848881 ], [ 127.075346200420981, 37.580999049092014 ], [ 127.073010057060088, 37.581409748511064 ], [ 127.068684933901707, 37.582279614349744 ], [ 127.067260795554674, 37.582151578139921 ], [ 127.064314619804094, 37.583011666630938 ], [ 127.064455495943761, 37.583492141281631 ], [ 127.064417927230565, 37.584617672480427 ], [ 127.064075045244778, 37.58488445826373 ], [ 127.06349264257355, 37.58516138550263 ], [ 127.06299859057097, 37.585327770408867 ], [ 127.062050392921321, 37.585504525531178 ], [ 127.061660259381696, 37.585517724278311 ], [ 127.061427088454465, 37.585443638151723 ], [ 127.061286299474006, 37.58530902520792 ], [ 127.060666601690997, 37.585118564199369 ], [ 127.057881843131383, 37.585103661656191 ], [ 127.057811068529858, 37.585152896703228 ], [ 127.057731216712156, 37.5859131736633 ], [ 127.057509952846786, 37.58608700734856 ], [ 127.05637174218954, 37.586323825365241 ], [ 127.05630108719663, 37.586301026133242 ], [ 127.056027544865501, 37.585993539766676 ], [ 127.056066797053518, 37.58558244803632 ], [ 127.055978196028235, 37.585244109803192 ], [ 127.055604451926541, 37.58476386289378 ], [ 127.054915833132924, 37.584261021827317 ], [ 127.054949150800539, 37.587820281658786 ], [ 127.056992547932879, 37.588597549696395 ], [ 127.070355002380651, 37.592475392900091 ], [ 127.070720079549389, 37.59091177981982 ] ] ] } },
{ "type": "Feature", "properties": { "adm_nm": "서울특별시 동대문구 청량리동", "ADM_CD": "1123070500", "sggnm": "동대문구" }, "geometry": { "type": "Polygon", "coordinates": [ [ [ 127.04764739129007, 37.596287635801716 ], [ 127.047413462598868, 37.594585575969191 ], [ 127.047702344008925, 37.590136291020855 ], [ 127.048255486720549, 37.588807797703879 ], [ 127.051831591249268, 37.5879200841147 ], [ 127.052825808581687, 37.587278266587816 ], [ 127.050703496413377, 37.584686723229126 ], [ 127.050057934756879, 37.583975579577078 ], [ 127.046198616843256, 37.580949245635686 ], [ 127.044262055167152, 37.580035969896855 ], [ 127.043470799523533, 37.579767948811714 ], [ 127.043348465396846, 37.581338161899843 ], [ 127.044106475884789, 37.581360249093166 ], [ 127.042400182791113, 37.586730791791844 ], [ 127.040416383304162, 37.586658246059457 ], [ 127.039650911925847, 37.588558159954495 ], [ 127.040670460742035, 37.590008861795845 ], [ 127.040584263603847, 37.590557220317336 ], [ 127.039979215379276, 37.591253487433136 ], [ 127.039062754121701, 37.591270147215305 ], [ 127.040753802705169, 37.595800296014161 ], [ 127.043517431199419, 37.596906182223393 ], [ 127.04764739129007, 37.596287635801716 ] ] ] } },
{ "type": "Feature", "properties": { "adm_nm": "서울특별시 동대문구 용신동", "ADM_CD": "1123053600", "sggnm": "동대문구" }, "geometry": { "type": "Polygon", "coordinates": [ [ [ 127.042505631866462, 37.579346323285712 ], [ 127.044915873719845, 37.577354609142319 ], [ 127.042180463861797, 37.573020962025055 ], [ 127.038650476130528, 37.572955391015562 ], [ 127.037927480457654, 37.572898482421905 ], [ 127.036533410707989, 37.572516705707798 ], [ 127.035451511027645, 37.572129380373262 ], [ 127.035101524064302, 37.571957872284059 ], [ 127.032310811981247, 37.570144154108469 ], [ 127.030357085425905, 37.569819285656131 ], [ 127.023368123999518, 37.571739854899207 ], [ 127.023167877804156, 37.57804158355124 ], [ 127.02447232461752, 37.57919734416113 ], [ 127.029499043423414, 37.58272479417522 ], [ 127.029820633187796, 37.581226457098808 ], [ 127.031631195623447, 37.581349718636957 ], [ 127.032764067168458, 37.578932960373344 ], [ 127.032830557763191, 37.578609649022482 ], [ 127.032817973511285, 37.578123088202453 ], [ 127.033517280251502, 37.578061458807433 ], [ 127.036191966830287, 37.578071999020715 ], [ 127.038729758923395, 37.578231964004601 ], [ 127.039947559081057, 37.578522894082916 ], [ 127.042505631866462, 37.579346323285712 ] ] ] } },
{ "type": "Feature", "properties": { "adm_nm": "서울특별시 동대문구 제기동", "ADM_CD": "1123054500", "sggnm": "동대문구" }, "geometry": { "type": "Polygon", "coordinates": [ [ [ 127.043470799523533, 37.579767948811714 ], [ 127.042505631866462, 37.579346323285712 ], [ 127.039947559081057, 37.578522894082916 ], [ 127.038729758923395, 37.578231964004601 ], [ 127.036191966830287, 37.578071999020715 ], [ 127.033517280251502, 37.578061458807433 ], [ 127.032817973511285, 37.578123088202453 ], [ 127.032830557763191, 37.578609649022482 ], [ 127.032764067168458, 37.578932960373344 ], [ 127.031631195623447, 37.581349718636957 ], [ 127.029820633187796, 37.581226457098808 ], [ 127.029499043423414, 37.58272479417522 ], [ 127.031678024579989, 37.585071331047466 ], [ 127.036388675823275, 37.58992339469188 ], [ 127.036488309478472, 37.591245860187179 ], [ 127.039979215379276, 37.591253487433136 ], [ 127.040584263603847, 37.590557220317336 ], [ 127.040670460742035, 37.590008861795845 ], [ 127.039650911925847, 37.588558159954495 ], [ 127.040416383304162, 37.586658246059457 ], [ 127.042400182791113, 37.586730791791844 ], [ 127.044106475884789, 37.581360249093166 ], [ 127.043348465396846, 37.581338161899843 ], [ 127.043470799523533, 37.579767948811714 ] ] ] } },
{ "type": "Feature", "properties": { "adm_nm": "서울특별시 동대문구 전농1동", "ADM_CD": "1123056000", "sggnm": "동대문구" }, "geometry": { "type": "Polygon", "coordinates": [ [ [ 127.054915833132924, 37.584261021827317 ], [ 127.053738714761963, 37.583652674226492 ], [ 127.05357851982231, 37.583451518818769 ], [ 127.057652589734516, 37.57778724125545 ], [ 127.057757116008617, 37.577467532728313 ], [ 127.057632379770453, 37.575355674734467 ], [ 127.054227773956157, 37.573575204619104 ], [ 127.052231615642995, 37.573367912139055 ], [ 127.050689154921187, 37.574252279751249 ], [ 127.048349789084526, 37.574136483443752 ], [ 127.047224633896505, 37.572813951663854 ], [ 127.045522872274077, 37.574023105682407 ], [ 127.044915873719845, 37.577354609142319 ], [ 127.042505631866462, 37.579346323285712 ], [ 127.043470799523533, 37.579767948811714 ], [ 127.044262055167152, 37.580035969896855 ], [ 127.046198616843256, 37.580949245635686 ], [ 127.048961005666598, 37.583106101308921 ], [ 127.050057934756879, 37.583975579577078 ], [ 127.050703496413377, 37.584686723229126 ], [ 127.053275710951411, 37.587808384375158 ], [ 127.054949150800539, 37.587820281658786 ], [ 127.054915833132924, 37.584261021827317 ] ] ] } },
{ "type": "Feature", "properties": { "adm_nm": "서울특별시 동대문구 전농2동", "ADM_CD": "1123057000", "sggnm": "동대문구" }, "geometry": { "type": "Polygon", "coordinates": [ [ [ 127.068384547221385, 37.58225260894428 ], [ 127.067673983637093, 37.578759517991379 ], [ 127.067010417307031, 37.576599475710623 ], [ 127.064386868349345, 37.576442235003277 ], [ 127.061511645185163, 37.57585472714365 ], [ 127.060048691180299, 37.575480859674578 ], [ 127.057632379770453, 37.575355674734467 ], [ 127.057757116008617, 37.577467532728313 ], [ 127.057652589734516, 37.57778724125545 ], [ 127.05357851982231, 37.583451518818769 ], [ 127.053738714761963, 37.583652674226492 ], [ 127.054915833132924, 37.584261021827317 ], [ 127.055604451926541, 37.58476386289378 ], [ 127.055978196028235, 37.585244109803192 ], [ 127.056066797053518, 37.58558244803632 ], [ 127.056027544865501, 37.585993539766676 ], [ 127.05630108719663, 37.586301026133242 ], [ 127.05637174218954, 37.586323825365241 ], [ 127.057509952846786, 37.58608700734856 ], [ 127.057731216712156, 37.5859131736633 ], [ 127.057811068529858, 37.585152896703228 ], [ 127.057881843131383, 37.585103661656191 ], [ 127.060666601690997, 37.585118564199369 ], [ 127.061286299474006, 37.58530902520792 ], [ 127.061427088454465, 37.585443638151723 ], [ 127.061660259381696, 37.585517724278311 ], [ 127.062050392921321, 37.585504525531178 ], [ 127.06299859057097, 37.585327770408867 ], [ 127.06349264257355, 37.58516138550263 ], [ 127.064075045244778, 37.58488445826373 ], [ 127.064417927230565, 37.584617672480427 ], [ 127.064455495943761, 37.583492141281631 ], [ 127.064314619804094, 37.583011666630938 ], [ 127.067260795554674, 37.582151578139921 ], [ 127.068384547221385, 37.58225260894428 ] ] ] } },
{ "type": "Feature", "properties": { "adm_nm": "서울특별시 동대문구 답십리2동", "ADM_CD": "1123061000", "sggnm": "동대문구" }, "geometry": { "type": "Polygon", "coordinates": [ [ [ 127.06631434643819, 37.572760562926796 ], [ 127.065179376443339, 37.570882708786044 ], [ 127.062649886708996, 37.56748767170555 ], [ 127.06114169745787, 37.565562200160159 ], [ 127.057774600072335, 37.56301909685817 ], [ 127.056837384219875, 37.563766008740934 ], [ 127.056993417974041, 37.568019741341644 ], [ 127.057632379770453, 37.575355674734467 ], [ 127.060048691180299, 37.575480859674578 ], [ 127.061511645185163, 37.57585472714365 ], [ 127.064386868349345, 37.576442235003277 ], [ 127.067010417307031, 37.576599475710623 ], [ 127.06631434643819, 37.572760562926796 ] ] ] } },
{ "type": "Feature", "properties": { "adm_nm": "서울특별시 동대문구 장안1동", "ADM_CD": "1123065000", "sggnm": "동대문구" }, "geometry": { "type": "Polygon", "coordinates": [ [ [ 127.078575959842297, 37.57186080820366 ], [ 127.07820034848703, 37.570944597089166 ], [ 127.077777041774311, 37.570078915003243 ], [ 127.072101661505073, 37.560045607394628 ], [ 127.070707325163809, 37.560583609642677 ], [ 127.065545713463479, 37.561345707639724 ], [ 127.065504184515248, 37.561147361341327 ], [ 127.063307139102506, 37.561483725421382 ], [ 127.059388509728493, 37.562231379557289 ], [ 127.058707096417592, 37.562458115507773 ], [ 127.058203099727038, 37.56271987461578 ], [ 127.057774600072335, 37.56301909685817 ], [ 127.06114169745787, 37.565562200160159 ], [ 127.062649886708996, 37.56748767170555 ], [ 127.065179376443339, 37.570882708786044 ], [ 127.06631434643819, 37.572760562926796 ], [ 127.070944530410515, 37.572404548861272 ], [ 127.07141368765447, 37.571803476749473 ], [ 127.068780162255564, 37.567690005734427 ], [ 127.071457798321333, 37.567619718650754 ], [ 127.072440929644131, 37.567793942148562 ], [ 127.073843100004495, 37.570498554112568 ], [ 127.074447280122399, 37.572158090521327 ], [ 127.078575959842297, 37.57186080820366 ] ] ] } },
{ "type": "Feature", "properties": { "adm_nm": "서울특별시 동대문구 장안2동", "ADM_CD": "1123066000", "sggnm": "동대문구" }, "geometry": { "type": "Polygon", "coordinates": [ [ [ 127.077229208717682, 37.580982091848881 ], [ 127.078318178722412, 37.576783506488987 ], [ 127.078644510298162, 37.572632833236398 ], [ 127.078575959842297, 37.57186080820366 ], [ 127.074447280122399, 37.572158090521327 ], [ 127.073843100004495, 37.570498554112568 ], [ 127.072440929644131, 37.567793942148562 ], [ 127.071457798321333, 37.567619718650754 ], [ 127.068780162255564, 37.567690005734427 ], [ 127.07141368765447, 37.571803476749473 ], [ 127.070944530410515, 37.572404548861272 ], [ 127.06631434643819, 37.572760562926796 ], [ 127.067010417307031, 37.576599475710623 ], [ 127.067673983637093, 37.578759517991379 ], [ 127.068384547221385, 37.58225260894428 ], [ 127.068684933901707, 37.582279614349744 ], [ 127.073010057060088, 37.581409748511064 ], [ 127.075346200420981, 37.580999049092014 ], [ 127.077229208717682, 37.580982091848881 ] ] ] } },
{ "type": "Feature", "properties": { "adm_nm": "서울특별시 동대문구 이문1동", "ADM_CD": "1123074000", "sggnm": "동대문구" }, "geometry": { "type": "Polygon", "coordinates": [ [ [ 127.069829674650933, 37.597748634987781 ], [ 127.069626093865807, 37.594882731311493 ], [ 127.065123997823576, 37.595321378784291 ], [ 127.064433763201833, 37.594634968383886 ], [ 127.061626527756999, 37.593200448505016 ], [ 127.058940618013878, 37.592826519432094 ], [ 127.057844164995586, 37.592788621111609 ], [ 127.056902665994201, 37.591447671050844 ], [ 127.055048676018089, 37.593574750021389 ], [ 127.054601844735032, 37.595732843609987 ], [ 127.05263341474506, 37.599423208592192 ], [ 127.052029941804349, 37.599952682071532 ], [ 127.057255966423952, 37.601252298831803 ], [ 127.060045633462124, 37.602099854517519 ], [ 127.060773362109089, 37.603569502625049 ], [ 127.062038549392227, 37.601538292393059 ], [ 127.061983831221468, 37.600257033720503 ], [ 127.068449982596164, 37.597849496426292 ], [ 127.069829674650933, 37.597748634987781 ] ] ] } },
{ "type": "Feature", "properties": { "adm_nm": "서울특별시 동대문구 이문2동", "ADM_CD": "1123075000", "sggnm": "동대문구" }, "geometry": { "type": "Polygon", "coordinates": [ [ [ 127.071717760320283, 37.606811751554396 ], [ 127.072316513899764, 37.60465633791906 ], [ 127.072700941989709, 37.602792981498837 ], [ 127.072720652334993, 37.602442740813075 ], [ 127.072653497569732, 37.601679735713347 ], [ 127.072464283097744, 37.601111571926758 ], [ 127.071985081265026, 37.600324168846498 ], [ 127.071616263685755, 37.59981695092646 ], [ 127.069829674650933, 37.597748634987781 ], [ 127.068449982596164, 37.597849496426292 ], [ 127.061983831221468, 37.600257033720503 ], [ 127.062038549392227, 37.601538292393059 ], [ 127.060773362109089, 37.603569502625049 ], [ 127.061668509318039, 37.604629656449568 ], [ 127.062139951897038, 37.605136159054439 ], [ 127.062334595500346, 37.605281104170217 ], [ 127.064972936500993, 37.605874471001982 ], [ 127.066246397517176, 37.605820570982544 ], [ 127.068101150481255, 37.606507896929855 ], [ 127.068734389876994, 37.606871138672453 ], [ 127.068588265738725, 37.609322465436193 ], [ 127.069355210785815, 37.609331567920925 ], [ 127.071717760320283, 37.606811751554396 ] ] ] } },
{ "type": "Feature", "properties": { "adm_nm": "서울특별시 동대문구 답십리1동", "ADM_CD": "1123060000", "sggnm": "동대문구" }, "geometry": { "type": "Polygon", "coordinates": [ [ [ 127.057632379770453, 37.575355674734467 ], [ 127.056993417974041, 37.568019741341644 ], [ 127.056837384219875, 37.563766008740934 ], [ 127.048657258752215, 37.569866394619694 ], [ 127.042180463861797, 37.573020962025055 ], [ 127.044915873719845, 37.577354609142319 ], [ 127.045522872274077, 37.574023105682407 ], [ 127.047224633896505, 37.572813951663854 ], [ 127.048349789084526, 37.574136483443752 ], [ 127.050689154921187, 37.574252279751249 ], [ 127.052231615642995, 37.573367912139055 ], [ 127.054227773956157, 37.573575204619104 ], [ 127.057632379770453, 37.575355674734467 ] ] ] } },
{ "type": "Feature", "properties": { "adm_nm": "서울특별시 중랑구 면목2동", "ADM_CD": "1126052000", "sggnm": "중랑구" }, "geometry": { "type": "Polygon", "coordinates": [ [ [ 127.086768250143678, 37.592766128873073 ], [ 127.084086078108015, 37.587612259725788 ], [ 127.073675599500504, 37.585354422524226 ], [ 127.071625549138915, 37.587947386248487 ], [ 127.070720079549389, 37.59091177981982 ], [ 127.078653752698415, 37.592965006094808 ], [ 127.079027162821077, 37.592163024509553 ], [ 127.080122200358133, 37.591564149652051 ], [ 127.084295233000176, 37.592241626758607 ], [ 127.086768250143678, 37.592766128873073 ] ] ] } },
{ "type": "Feature", "properties": { "adm_nm": "서울특별시 중랑구 면목4동", "ADM_CD": "1126054000", "sggnm": "중랑구" }, "geometry": { "type": "Polygon", "coordinates": [ [ [ 127.095751117705007, 37.571103561677738 ], [ 127.095443249625504, 37.57103056670222 ], [ 127.094571942560805, 37.570603109371547 ], [ 127.094188383933684, 37.570465462319589 ], [ 127.093313015673601, 37.570312600555503 ], [ 127.092631624386684, 37.570410526445286 ], [ 127.092486120977043, 37.570096805138824 ], [ 127.092312161313117, 37.569871027445394 ], [ 127.091803466382075, 37.569648278427792 ], [ 127.091170414387406, 37.569559332896745 ], [ 127.090720998950218, 37.569578056076054 ], [ 127.08999952423936, 37.569699744245 ], [ 127.089768809820725, 37.569884590213327 ], [ 127.089310313944083, 37.57011960045174 ], [ 127.089085808177657, 37.570181317026851 ], [ 127.088395831706109, 37.570075863866435 ], [ 127.088160113549577, 37.57081847785512 ], [ 127.086165057292504, 37.570820683141299 ], [ 127.080983063276932, 37.571610238567573 ], [ 127.078575959842297, 37.57186080820366 ], [ 127.078644510298162, 37.572632833236398 ], [ 127.078318178722412, 37.576783506488987 ], [ 127.079610100610651, 37.577384132008326 ], [ 127.079660134441369, 37.576793926848026 ], [ 127.080676667334089, 37.57637155119729 ], [ 127.088764343665574, 37.576994995814779 ], [ 127.092144408242575, 37.574615893755229 ], [ 127.094902367624798, 37.572452010949682 ], [ 127.095452830774406, 37.571962662945332 ], [ 127.095751117705007, 37.571103561677738 ] ] ] } },
{ "type": "Feature", "properties": { "adm_nm": "서울특별시 중랑구 면목5동", "ADM_CD": "1126055000", "sggnm": "중랑구" }, "geometry": { "type": "Polygon", "coordinates": [ [ [ 127.083529653944751, 37.584435335987521 ], [ 127.083390123039479, 37.581147141307433 ], [ 127.079610100610651, 37.577384132008326 ], [ 127.078318178722412, 37.576783506488987 ], [ 127.077229208717682, 37.580982091848881 ], [ 127.073675599500504, 37.585354422524226 ], [ 127.084086078108015, 37.587612259725788 ], [ 127.083529653944751, 37.584435335987521 ] ] ] } },
{ "type": "Feature", "properties": { "adm_nm": "서울특별시 중랑구 면목7동", "ADM_CD": "1126057000", "sggnm": "중랑구" }, "geometry": { "type": "Polygon", "coordinates": [ [ [ 127.102678231876013, 37.57891294732714 ], [ 127.102671640584504, 37.57830360868784 ], [ 127.101255295295942, 37.574980520024098 ], [ 127.100930211180881, 37.573559795823115 ], [ 127.095751117705007, 37.571103561677738 ], [ 127.095452830774406, 37.571962662945332 ], [ 127.094902367624798, 37.572452010949682 ], [ 127.092144408242575, 37.574615893755229 ], [ 127.088764343665574, 37.576994995814779 ], [ 127.080676667334089, 37.57637155119729 ], [ 127.079660134441369, 37.576793926848026 ], [ 127.079610100610651, 37.577384132008326 ], [ 127.083390123039479, 37.581147141307433 ], [ 127.085872787457575, 37.580980114412085 ], [ 127.089056358966303, 37.58065324102953 ], [ 127.091635176514202, 37.580636270413507 ], [ 127.094984142609889, 37.580743577663831 ], [ 127.099779906747585, 37.579546498694562 ], [ 127.102678231876013, 37.57891294732714 ] ] ] } },
{ "type": "Feature", "properties": { "adm_nm": "서울특별시 중랑구 상봉1동", "ADM_CD": "1126058000", "sggnm": "중랑구" }, "geometry": { "type": "Polygon", "coordinates": [ [ [ 127.09580189362444, 37.600613209580324 ], [ 127.095519207584402, 37.599463011087771 ], [ 127.092788933913667, 37.598163660731359 ], [ 127.086402800752509, 37.596619216652364 ], [ 127.082525440516761, 37.59553972417762 ], [ 127.08028140672144, 37.594999997548236 ], [ 127.080326115998872, 37.595872205910368 ], [ 127.083096761864198, 37.596432949299782 ], [ 127.086247576435724, 37.600229689082632 ], [ 127.086529826819358, 37.600659944808989 ], [ 127.086988500662954, 37.60196511939214 ], [ 127.087091499663728, 37.604212081848395 ], [ 127.086956139617428, 37.606281320551979 ], [ 127.086719082343194, 37.606893404768577 ], [ 127.086371138394028, 37.607562633540262 ], [ 127.08609780801531, 37.608732222812698 ], [ 127.086497762917901, 37.609382478039613 ], [ 127.087960078171889, 37.609900346576481 ], [ 127.09074966707179, 37.607436071215915 ], [ 127.091269919730749, 37.607263175642515 ], [ 127.093633606098052, 37.604952485161633 ], [ 127.0942874177249, 37.602428715319036 ], [ 127.095104387188911, 37.600884587975024 ], [ 127.095468097843508, 37.600534310463779 ], [ 127.09580189362444, 37.600613209580324 ] ] ] } },
{ "type": "Feature", "properties": { "adm_nm": "서울특별시 중랑구 상봉2동", "ADM_CD": "1126059000", "sggnm": "중랑구" }, "geometry": { "type": "Polygon", "coordinates": [ [ [ 127.093198973558614, 37.594146120350949 ], [ 127.084295233000176, 37.592241626758607 ], [ 127.080122200358133, 37.591564149652051 ], [ 127.079027162821077, 37.592163024509553 ], [ 127.078653752698415, 37.592965006094808 ], [ 127.070720079549389, 37.59091177981982 ], [ 127.070355002380651, 37.592475392900091 ], [ 127.082525440516761, 37.59553972417762 ], [ 127.086402800752509, 37.596619216652364 ], [ 127.092788933913667, 37.598163660731359 ], [ 127.093198973558614, 37.594146120350949 ] ] ] } },
{ "type": "Feature", "properties": { "adm_nm": "서울특별시 중랑구 중화1동", "ADM_CD": "1126060000", "sggnm": "중랑구" }, "geometry": { "type": "Polygon", "coordinates": [ [ [ 127.080326115998872, 37.595872205910368 ], [ 127.080332771050337, 37.597071320358666 ], [ 127.080284699878931, 37.597366844841851 ], [ 127.079379558033551, 37.602254844901708 ], [ 127.078735391960308, 37.605372307072507 ], [ 127.080484648253901, 37.605566711795156 ], [ 127.083250277548743, 37.606609676321099 ], [ 127.085154385474553, 37.608005582558867 ], [ 127.085650174622458, 37.608622491623265 ], [ 127.085807977507045, 37.608897954576477 ], [ 127.085979015822133, 37.609362720720902 ], [ 127.086497762917901, 37.609382478039613 ], [ 127.08609780801531, 37.608732222812698 ], [ 127.086371138394028, 37.607562633540262 ], [ 127.086719082343194, 37.606893404768577 ], [ 127.086956139617428, 37.606281320551979 ], [ 127.087091499663728, 37.604212081848395 ], [ 127.086988500662954, 37.60196511939214 ], [ 127.086529826819358, 37.600659944808989 ], [ 127.086247576435724, 37.600229689082632 ], [ 127.083096761864198, 37.596432949299782 ], [ 127.080326115998872, 37.595872205910368 ] ] ] } },
{ "type": "Feature", "properties": { "adm_nm": "서울특별시 중랑구 중화2동", "ADM_CD": "1126061000", "sggnm": "중랑구" }, "geometry": { "type": "Polygon", "coordinates": [ [ [ 127.080332771050337, 37.597071320358666 ], [ 127.08028140672144, 37.594999997548236 ], [ 127.070355002380651, 37.592475392900091 ], [ 127.069626093865807, 37.594882731311493 ], [ 127.069829674650933, 37.597748634987781 ], [ 127.071616263685755, 37.59981695092646 ], [ 127.071985081265026, 37.600324168846498 ], [ 127.072464283097744, 37.601111571926758 ], [ 127.072653497569732, 37.601679735713347 ], [ 127.072720652334993, 37.602442740813075 ], [ 127.072700941989709, 37.602792981498837 ], [ 127.072316513899764, 37.60465633791906 ], [ 127.078735391960308, 37.605372307072507 ], [ 127.079379558033551, 37.602254844901708 ], [ 127.080284699878931, 37.597366844841851 ], [ 127.080332771050337, 37.597071320358666 ] ] ] } },
{ "type": "Feature", "properties": { "adm_nm": "서울특별시 중랑구 묵1동", "ADM_CD": "1126062000", "sggnm": "중랑구" }, "geometry": { "type": "Polygon", "coordinates": [ [ [ 127.08954300367121, 37.6196436667868 ], [ 127.09049397699205, 37.617490580770898 ], [ 127.08876189592327, 37.61500869899259 ], [ 127.088670735071616, 37.614970630319881 ], [ 127.08587627755827, 37.614886341792122 ], [ 127.084762203605607, 37.611678304899726 ], [ 127.084769971922185, 37.611526235927336 ], [ 127.085311915935208, 37.609985713662915 ], [ 127.085402734570593, 37.609826042439131 ], [ 127.085979015822133, 37.609362720720902 ], [ 127.085807977507045, 37.608897954576477 ], [ 127.085650174622458, 37.608622491623265 ], [ 127.085154385474553, 37.608005582558867 ], [ 127.083250277548743, 37.606609676321099 ], [ 127.080484648253901, 37.605566711795156 ], [ 127.078735391960308, 37.605372307072507 ], [ 127.0774645507786, 37.612094059400015 ], [ 127.075849236173596, 37.617078307374292 ], [ 127.08163723273077, 37.619250941769764 ], [ 127.0824457661857, 37.619295492650664 ], [ 127.084150373433403, 37.619632688756219 ], [ 127.0857277524712, 37.620167842345843 ], [ 127.08954300367121, 37.6196436667868 ] ] ] } },
{ "type": "Feature", "properties": { "adm_nm": "서울특별시 중랑구 묵2동", "ADM_CD": "1126063000", "sggnm": "중랑구" }, "geometry": { "type": "Polygon", "coordinates": [ [ [ 127.078735391960308, 37.605372307072507 ], [ 127.072316513899764, 37.60465633791906 ], [ 127.071717760320283, 37.606811751554396 ], [ 127.071403137148351, 37.615627975297905 ], [ 127.075849236173596, 37.617078307374292 ], [ 127.0774645507786, 37.612094059400015 ], [ 127.078735391960308, 37.605372307072507 ] ] ] } },
{ "type": "Feature", "properties": { "adm_nm": "서울특별시 중랑구 망우3동", "ADM_CD": "1126066000", "sggnm": "중랑구" }, "geometry": { "type": "Polygon", "coordinates": [ [ [ 127.112399760682607, 37.591863780933942 ], [ 127.110143338740357, 37.587416193390077 ], [ 127.109784423259782, 37.587695505953477 ], [ 127.108175168229863, 37.588267038404524 ], [ 127.107256718710545, 37.588048788318027 ], [ 127.106134944977214, 37.587996603034149 ], [ 127.104924576016458, 37.588096213908756 ], [ 127.097390980275847, 37.590569398786407 ], [ 127.093625687748656, 37.589745737290066 ], [ 127.093198973558614, 37.594146120350949 ], [ 127.10008861634401, 37.595640038105714 ], [ 127.100870377816221, 37.594713107727316 ], [ 127.103059650558251, 37.594944700726927 ], [ 127.106434962067667, 37.594745314200935 ], [ 127.108082813916013, 37.594547909713711 ], [ 127.112399760682607, 37.591863780933942 ] ] ] } },
{ "type": "Feature", "properties": { "adm_nm": "서울특별시 중랑구 신내1동", "ADM_CD": "1126068000", "sggnm": "중랑구" }, "geometry": { "type": "Polygon", "coordinates": [ [ [ 127.115674587011469, 37.619294601124878 ], [ 127.11696815201357, 37.617430772963118 ], [ 127.116670562518038, 37.615768458165142 ], [ 127.11692584293769, 37.614358179227352 ], [ 127.117586687054285, 37.611706990613833 ], [ 127.116796452674691, 37.609905077647738 ], [ 127.116615090792834, 37.608821897860281 ], [ 127.113117094647194, 37.609477369110266 ], [ 127.112238142303738, 37.610192179940022 ], [ 127.109397940819889, 37.612065495388705 ], [ 127.105075151165906, 37.613051600807054 ], [ 127.103680992460568, 37.613279022938869 ], [ 127.101344590499266, 37.613203548854884 ], [ 127.101098471085493, 37.609299906582095 ], [ 127.102084643638122, 37.609055360777312 ], [ 127.102288074508564, 37.609150687689237 ], [ 127.102977927002428, 37.609656636684434 ], [ 127.103275635212881, 37.609735378819771 ], [ 127.103584669552561, 37.609546008313863 ], [ 127.1037997135208, 37.608787217112244 ], [ 127.103749879433437, 37.608032637949734 ], [ 127.10359362890425, 37.607324223276798 ], [ 127.103189631685964, 37.605930288792372 ], [ 127.100465288732579, 37.600546809184777 ], [ 127.095519207584402, 37.599463011087771 ], [ 127.09580189362444, 37.600613209580324 ], [ 127.09661273430784, 37.600976506610785 ], [ 127.095526401695437, 37.604151157065715 ], [ 127.095409676863326, 37.604653256747106 ], [ 127.095141875813695, 37.607554668073512 ], [ 127.09518310134078, 37.608036686223393 ], [ 127.095283515272556, 37.608335380101373 ], [ 127.095898788928594, 37.609503327700722 ], [ 127.096012551580202, 37.609833546046566 ], [ 127.096398131348749, 37.611995837444219 ], [ 127.096420760201084, 37.612787970619237 ], [ 127.095876882396311, 37.615085436516665 ], [ 127.09049397699205, 37.617490580770898 ], [ 127.08954300367121, 37.6196436667868 ], [ 127.09243574761318, 37.618279228043775 ], [ 127.093046806929124, 37.618041355368078 ], [ 127.096148157749198, 37.617102219138886 ], [ 127.097041795792705, 37.6170499009935 ], [ 127.100499006210043, 37.618881407934758 ], [ 127.101507534022957, 37.619803061004433 ], [ 127.105710367142819, 37.620833432348107 ], [ 127.106137941600764, 37.620598268637487 ], [ 127.107350212329564, 37.620500926594076 ], [ 127.108752029717081, 37.620460496778435 ], [ 127.11011521391805, 37.62076245187292 ], [ 127.110851696806677, 37.62077727645071 ], [ 127.111477951391507, 37.6206058315855 ], [ 127.112737128391885, 37.620070291670075 ], [ 127.113945164217739, 37.619428663109112 ], [ 127.115674587011469, 37.619294601124878 ] ] ] } },
{ "type": "Feature", "properties": { "adm_nm": "서울특별시 중랑구 신내2동", "ADM_CD": "1126069000", "sggnm": "중랑구" }, "geometry": { "type": "Polygon", "coordinates": [ [ [ 127.09580189362444, 37.600613209580324 ], [ 127.095468097843508, 37.600534310463779 ], [ 127.095104387188911, 37.600884587975024 ], [ 127.0942874177249, 37.602428715319036 ], [ 127.093633606098052, 37.604952485161633 ], [ 127.091269919730749, 37.607263175642515 ], [ 127.09074966707179, 37.607436071215915 ], [ 127.087960078171889, 37.609900346576481 ], [ 127.086497762917901, 37.609382478039613 ], [ 127.085979015822133, 37.609362720720902 ], [ 127.085402734570593, 37.609826042439131 ], [ 127.085311915935208, 37.609985713662915 ], [ 127.084769971922185, 37.611526235927336 ], [ 127.084762203605607, 37.611678304899726 ], [ 127.08587627755827, 37.614886341792122 ], [ 127.088670735071616, 37.614970630319881 ], [ 127.08876189592327, 37.61500869899259 ], [ 127.09049397699205, 37.617490580770898 ], [ 127.095876882396311, 37.615085436516665 ], [ 127.096420760201084, 37.612787970619237 ], [ 127.096398131348749, 37.611995837444219 ], [ 127.096012551580202, 37.609833546046566 ], [ 127.095898788928594, 37.609503327700722 ], [ 127.095283515272556, 37.608335380101373 ], [ 127.09518310134078, 37.608036686223393 ], [ 127.095141875813695, 37.607554668073512 ], [ 127.095409676863326, 37.604653256747106 ], [ 127.095526401695437, 37.604151157065715 ], [ 127.09661273430784, 37.600976506610785 ], [ 127.09580189362444, 37.600613209580324 ] ] ] } },
{ "type": "Feature", "properties": { "adm_nm": "서울특별시 중랑구 면목본동", "ADM_CD": "1126056500", "sggnm": "중랑구" }, "geometry": { "type": "Polygon", "coordinates": [ [ [ 127.093625687748656, 37.589745737290066 ], [ 127.094881107950954, 37.585908055033684 ], [ 127.09369828860811, 37.583692190108515 ], [ 127.084055856170394, 37.584520529981567 ], [ 127.083529653944751, 37.584435335987521 ], [ 127.084086078108015, 37.587612259725788 ], [ 127.086768250143678, 37.592766128873073 ], [ 127.093198973558614, 37.594146120350949 ], [ 127.093625687748656, 37.589745737290066 ] ] ] } },
{ "type": "Feature", "properties": { "adm_nm": "서울특별시 중랑구 면목3·8동", "ADM_CD": "1126057500", "sggnm": "중랑구" }, "geometry": { "type": "Polygon", "coordinates": [ [ [ 127.110143338740357, 37.587416193390077 ], [ 127.109839222303123, 37.585965901175854 ], [ 127.109527716524312, 37.58506948085472 ], [ 127.109328091225422, 37.584664340290161 ], [ 127.10603197351243, 37.584564376132334 ], [ 127.102665586138102, 37.584104673555004 ], [ 127.099750485889274, 37.58305151357613 ], [ 127.100472249540388, 37.582573991621281 ], [ 127.102768639632586, 37.581762640400797 ], [ 127.102745419359181, 37.579603832073659 ], [ 127.102678231876013, 37.57891294732714 ], [ 127.099779906747585, 37.579546498694562 ], [ 127.094984142609889, 37.580743577663831 ], [ 127.091635176514202, 37.580636270413507 ], [ 127.089056358966303, 37.58065324102953 ], [ 127.085872787457575, 37.580980114412085 ], [ 127.083390123039479, 37.581147141307433 ], [ 127.083529653944751, 37.584435335987521 ], [ 127.084055856170394, 37.584520529981567 ], [ 127.09369828860811, 37.583692190108515 ], [ 127.094881107950954, 37.585908055033684 ], [ 127.093625687748656, 37.589745737290066 ], [ 127.097390980275847, 37.590569398786407 ], [ 127.104924576016458, 37.588096213908756 ], [ 127.106134944977214, 37.587996603034149 ], [ 127.107256718710545, 37.588048788318027 ], [ 127.108175168229863, 37.588267038404524 ], [ 127.109784423259782, 37.587695505953477 ], [ 127.110143338740357, 37.587416193390077 ] ] ] } },
{ "type": "Feature", "properties": { "adm_nm": "서울특별시 중랑구 망우본동", "ADM_CD": "1126065500", "sggnm": "중랑구" }, "geometry": { "type": "Polygon", "coordinates": [ [ [ 127.116615090792834, 37.608821897860281 ], [ 127.11713661961933, 37.60860716005363 ], [ 127.117900937287303, 37.60814093784694 ], [ 127.118317167689725, 37.607613871250969 ], [ 127.118375029859976, 37.607376328613618 ], [ 127.11827583448283, 37.606279746746608 ], [ 127.118011214671341, 37.604577600244468 ], [ 127.116890563607441, 37.603149842592387 ], [ 127.115223609611419, 37.601258443697027 ], [ 127.113831922295049, 37.599963685482244 ], [ 127.113892244775968, 37.599524547811058 ], [ 127.113962732920299, 37.599420818023191 ], [ 127.11595777489876, 37.597279048648815 ], [ 127.118365647126552, 37.595015524601116 ], [ 127.117823836340534, 37.59400532907511 ], [ 127.115354868471371, 37.5935049479383 ], [ 127.113905755719131, 37.593342787267751 ], [ 127.112399760682607, 37.591863780933942 ], [ 127.108082813916013, 37.594547909713711 ], [ 127.106434962067667, 37.594745314200935 ], [ 127.103059650558251, 37.594944700726927 ], [ 127.100870377816221, 37.594713107727316 ], [ 127.10008861634401, 37.595640038105714 ], [ 127.093198973558614, 37.594146120350949 ], [ 127.092788933913667, 37.598163660731359 ], [ 127.095519207584402, 37.599463011087771 ], [ 127.100465288732579, 37.600546809184777 ], [ 127.103189631685964, 37.605930288792372 ], [ 127.10359362890425, 37.607324223276798 ], [ 127.103749879433437, 37.608032637949734 ], [ 127.1037997135208, 37.608787217112244 ], [ 127.103584669552561, 37.609546008313863 ], [ 127.103275635212881, 37.609735378819771 ], [ 127.102977927002428, 37.609656636684434 ], [ 127.102288074508564, 37.609150687689237 ], [ 127.102084643638122, 37.609055360777312 ], [ 127.101098471085493, 37.609299906582095 ], [ 127.101344590499266, 37.613203548854884 ], [ 127.103680992460568, 37.613279022938869 ], [ 127.105075151165906, 37.613051600807054 ], [ 127.109397940819889, 37.612065495388705 ], [ 127.112238142303738, 37.610192179940022 ], [ 127.113117094647194, 37.609477369110266 ], [ 127.116615090792834, 37.608821897860281 ] ] ] } },
{ "type": "Feature", "properties": { "adm_nm": "서울특별시 성북구 돈암1동", "ADM_CD": "1129058000", "sggnm": "성북구" }, "geometry": { "type": "Polygon", "coordinates": [ [ [ 127.024993238910881, 37.594129139213727 ], [ 127.024791944347797, 37.594157534283902 ], [ 127.024487296671907, 37.594303902427306 ], [ 127.022569051095914, 37.595638823219495 ], [ 127.022078171910948, 37.596600436220314 ], [ 127.021971003583289, 37.596981997106958 ], [ 127.021477427975597, 37.597104560874207 ], [ 127.019722515075188, 37.597288355273243 ], [ 127.018783144831858, 37.598476537689045 ], [ 127.021639329833377, 37.601566235882913 ], [ 127.025966628107255, 37.603178913676025 ], [ 127.030219725374621, 37.603998275772483 ], [ 127.029204198898938, 37.603023594375514 ], [ 127.027119806178419, 37.600753453886846 ], [ 127.026782152420665, 37.600202497382199 ], [ 127.026303467224423, 37.598961013470571 ], [ 127.0259126002736, 37.596735378380217 ], [ 127.025988101139347, 37.596330076859502 ], [ 127.025701921578857, 37.594902550182908 ], [ 127.024993238910881, 37.594129139213727 ] ] ] } },
{ "type": "Feature", "properties": { "adm_nm": "서울특별시 성북구 돈암2동", "ADM_CD": "1129059000", "sggnm": "성북구" }, "geometry": { "type": "Polygon", "coordinates": [ [ [ 127.014081575950939, 37.600813160636953 ], [ 127.013924715598577, 37.600677979362494 ], [ 127.018783144831858, 37.598476537689045 ], [ 127.019722515075188, 37.597288355273243 ], [ 127.019487952829678, 37.597104860427315 ], [ 127.01823464416789, 37.596907089006834 ], [ 127.016151865474129, 37.596881668758257 ], [ 127.015056462605088, 37.598411358632383 ], [ 127.012887128005772, 37.598205609660269 ], [ 127.01266980804769, 37.596680313794792 ], [ 127.013066023661565, 37.595789150315127 ], [ 127.013423347270887, 37.595231132913163 ], [ 127.011544743488514, 37.593965987907303 ], [ 127.009531179565002, 37.59206377620859 ], [ 127.007488657035509, 37.591631562623043 ], [ 127.007225070807038, 37.59185751731858 ], [ 127.007657360600533, 37.592459250470561 ], [ 127.008183069321106, 37.592721705271408 ], [ 127.008422569836526, 37.593120420991909 ], [ 127.008501734702648, 37.5941077221173 ], [ 127.008419138133291, 37.594609877227867 ], [ 127.008102791843115, 37.595559476667333 ], [ 127.007850744420338, 37.595989944109135 ], [ 127.00724635168568, 37.596492174607761 ], [ 127.006948331532726, 37.596592331121563 ], [ 127.005920466354141, 37.596675913691655 ], [ 127.005667423607477, 37.597262912945105 ], [ 127.005655656683487, 37.597428553057853 ], [ 127.005733557627423, 37.597639568266715 ], [ 127.006723925998656, 37.598730961148647 ], [ 127.011297587299751, 37.599729067470655 ], [ 127.01122775336367, 37.600197422515649 ], [ 127.011341276232088, 37.600843533485055 ], [ 127.01155497022782, 37.601188055008535 ], [ 127.012473163754493, 37.601861098486459 ], [ 127.012610878526431, 37.601914621173265 ], [ 127.012984483744788, 37.601952217178294 ], [ 127.013241908454006, 37.601891311868755 ], [ 127.013473553534908, 37.601655664572846 ], [ 127.014081575950939, 37.600813160636953 ] ] ] } },
{ "type": "Feature", "properties": { "adm_nm": "서울특별시 성북구 안암동", "ADM_CD": "1129060000", "sggnm": "성북구" }, "geometry": { "type": "Polygon", "coordinates": [ [ [ 127.036497515652243, 37.591343483168906 ], [ 127.036388675823275, 37.58992339469188 ], [ 127.031678024579989, 37.585071331047466 ], [ 127.029499043423414, 37.58272479417522 ], [ 127.02447232461752, 37.57919734416113 ], [ 127.02231462452815, 37.582226532379231 ], [ 127.021918200464725, 37.58298953019839 ], [ 127.020925089364795, 37.585857417090288 ], [ 127.020140421355137, 37.587560024708395 ], [ 127.019750069619562, 37.587935875371343 ], [ 127.018775526473732, 37.588674435971235 ], [ 127.019661330181194, 37.589406961660174 ], [ 127.022113619233821, 37.58907327628792 ], [ 127.023729815990265, 37.590962493731361 ], [ 127.023707492584904, 37.591242947184583 ], [ 127.023788170120753, 37.592248271932341 ], [ 127.023882056813093, 37.592512293961256 ], [ 127.024464327476025, 37.593573721021187 ], [ 127.024993238910881, 37.594129139213727 ], [ 127.030261041239257, 37.591249877005474 ], [ 127.031815718727557, 37.591116526753822 ], [ 127.032030050946531, 37.591145543761179 ], [ 127.033225807001799, 37.591480395323856 ], [ 127.034259965745534, 37.591939321746551 ], [ 127.03513743071791, 37.592422521722703 ], [ 127.035540514724801, 37.592551986888573 ], [ 127.035926858154326, 37.592243669249321 ], [ 127.036363925700115, 37.591608835452149 ], [ 127.036497515652243, 37.591343483168906 ] ] ] } },
{ "type": "Feature", "properties": { "adm_nm": "서울특별시 성북구 보문동", "ADM_CD": "1129061000", "sggnm": "성북구" }, "geometry": { "type": "Polygon", "coordinates": [ [ [ 127.02447232461752, 37.57919734416113 ], [ 127.023167877804156, 37.57804158355124 ], [ 127.022508743937877, 37.57809642692493 ], [ 127.018751663657071, 37.577526900275195 ], [ 127.018005510390282, 37.578058182331382 ], [ 127.017604523947938, 37.579688802362952 ], [ 127.016786332087264, 37.58153662148743 ], [ 127.016390071006455, 37.581842582968299 ], [ 127.01606730281172, 37.581840133476653 ], [ 127.014685884830357, 37.582226547406293 ], [ 127.014685709425351, 37.584544131427855 ], [ 127.016521098105841, 37.586866993090666 ], [ 127.018775526473732, 37.588674435971235 ], [ 127.019750069619562, 37.587935875371343 ], [ 127.020140421355137, 37.587560024708395 ], [ 127.020925089364795, 37.585857417090288 ], [ 127.021918200464725, 37.58298953019839 ], [ 127.02231462452815, 37.582226532379231 ], [ 127.02447232461752, 37.57919734416113 ] ] ] } },
{ "type": "Feature", "properties": { "adm_nm": "서울특별시 성북구 정릉1동", "ADM_CD": "1129062000", "sggnm": "성북구" }, "geometry": { "type": "Polygon", "coordinates": [ [ [ 127.021639329833377, 37.601566235882913 ], [ 127.018783144831858, 37.598476537689045 ], [ 127.013924715598577, 37.600677979362494 ], [ 127.014081575950939, 37.600813160636953 ], [ 127.013311768194541, 37.603356281664652 ], [ 127.014747248395238, 37.605375567036994 ], [ 127.015793845568567, 37.607340725563844 ], [ 127.015842601487705, 37.607677360483237 ], [ 127.015429547876394, 37.609458068485864 ], [ 127.013573607847789, 37.611516758300418 ], [ 127.013415767298824, 37.611614128444266 ], [ 127.014432729291954, 37.613571909215075 ], [ 127.014601170258317, 37.611945746429676 ], [ 127.015765005522084, 37.609964384207942 ], [ 127.016404224526369, 37.607661636402554 ], [ 127.017772206070433, 37.603835402932027 ], [ 127.019487316212775, 37.602378951455194 ], [ 127.021639329833377, 37.601566235882913 ] ] ] } },
{ "type": "Feature", "properties": { "adm_nm": "서울특별시 성북구 정릉2동", "ADM_CD": "1129063000", "sggnm": "성북구" }, "geometry": { "type": "Polygon", "coordinates": [ [ [ 127.014081575950939, 37.600813160636953 ], [ 127.013473553534908, 37.601655664572846 ], [ 127.013241908454006, 37.601891311868755 ], [ 127.012984483744788, 37.601952217178294 ], [ 127.012473163754493, 37.601861098486459 ], [ 127.01155497022782, 37.601188055008535 ], [ 127.011341276232088, 37.600843533485055 ], [ 127.01122775336367, 37.600197422515649 ], [ 127.011297587299751, 37.599729067470655 ], [ 127.006723925998656, 37.598730961148647 ], [ 127.005733557627423, 37.597639568266715 ], [ 127.005655656683487, 37.597428553057853 ], [ 127.005667423607477, 37.597262912945105 ], [ 127.005920466354141, 37.596675913691655 ], [ 127.004700527716409, 37.59676892968124 ], [ 127.00293906047429, 37.597956823340056 ], [ 127.002925729518537, 37.598896417120059 ], [ 127.000943569491781, 37.601500818856152 ], [ 127.000644567766841, 37.601652728233987 ], [ 126.999799239074008, 37.601671492793763 ], [ 126.999559285918252, 37.601607725014446 ], [ 126.999132200284123, 37.602584895237058 ], [ 126.999068086734738, 37.603276403133556 ], [ 127.000272485491948, 37.603709705140126 ], [ 127.002723811222751, 37.604446707847146 ], [ 127.004602627671062, 37.604821275401129 ], [ 127.004216176315794, 37.606939562426064 ], [ 127.003525785730744, 37.607897715418858 ], [ 127.00352341847416, 37.608040793411007 ], [ 127.004189738993929, 37.608681293752461 ], [ 127.004392052335589, 37.608606656229654 ], [ 127.006693572494385, 37.607296961548592 ], [ 127.00747470787941, 37.606796186679425 ], [ 127.007578233816247, 37.606679833644996 ], [ 127.007767906425229, 37.606199557158938 ], [ 127.007961926608587, 37.60598404419698 ], [ 127.009351321752987, 37.606157703727455 ], [ 127.009355585595003, 37.60714919746507 ], [ 127.00899869123883, 37.608660840385575 ], [ 127.010530492117269, 37.608095978405743 ], [ 127.011581426120117, 37.608409696466971 ], [ 127.011614833025291, 37.609573028613525 ], [ 127.011975915632618, 37.610277137854737 ], [ 127.013415767298824, 37.611614128444266 ], [ 127.013573607847789, 37.611516758300418 ], [ 127.015429547876394, 37.609458068485864 ], [ 127.015842601487705, 37.607677360483237 ], [ 127.015793845568567, 37.607340725563844 ], [ 127.014747248395238, 37.605375567036994 ], [ 127.013311768194541, 37.603356281664652 ], [ 127.014081575950939, 37.600813160636953 ] ] ] } },
{ "type": "Feature", "properties": { "adm_nm": "서울특별시 성북구 정릉3동", "ADM_CD": "1129064000", "sggnm": "성북구" }, "geometry": { "type": "Polygon", "coordinates": [ [ [ 127.00899869123883, 37.608660840385575 ], [ 127.009355585595003, 37.60714919746507 ], [ 127.009351321752987, 37.606157703727455 ], [ 127.007961926608587, 37.60598404419698 ], [ 127.007767906425229, 37.606199557158938 ], [ 127.007578233816247, 37.606679833644996 ], [ 127.00747470787941, 37.606796186679425 ], [ 127.006693572494385, 37.607296961548592 ], [ 127.004392052335589, 37.608606656229654 ], [ 127.004189738993929, 37.608681293752461 ], [ 127.00352341847416, 37.608040793411007 ], [ 127.003525785730744, 37.607897715418858 ], [ 127.004216176315794, 37.606939562426064 ], [ 127.004602627671062, 37.604821275401129 ], [ 127.002723811222751, 37.604446707847146 ], [ 127.000272485491948, 37.603709705140126 ], [ 126.999068086734738, 37.603276403133556 ], [ 126.999132200284123, 37.602584895237058 ], [ 126.999559285918252, 37.601607725014446 ], [ 126.997281914328653, 37.602079036683456 ], [ 126.995419268789689, 37.602673860256942 ], [ 126.995138005300731, 37.602697444300567 ], [ 126.994435463654185, 37.602573873367731 ], [ 126.99392546573192, 37.602748584911623 ], [ 126.989470471155187, 37.602526594580475 ], [ 126.98774119171668, 37.601215535765455 ], [ 126.986589281778322, 37.605125556935 ], [ 126.985900603669165, 37.607136114327645 ], [ 126.985998914231331, 37.608798380636635 ], [ 126.986271484457916, 37.609938636679423 ], [ 126.986959660681109, 37.610574822159755 ], [ 126.98706809277698, 37.61355197137194 ], [ 126.986697032730532, 37.614683792837319 ], [ 126.985341321861839, 37.615545427399169 ], [ 126.983975645318395, 37.616101673842273 ], [ 126.983243293835017, 37.616319297204051 ], [ 126.982805874650765, 37.616693689158097 ], [ 126.981800532907087, 37.619305416285336 ], [ 126.982084497769819, 37.619922953439129 ], [ 126.981373613794588, 37.621733775227163 ], [ 126.980870062980799, 37.622752259122883 ], [ 126.979208688558828, 37.624571211532484 ], [ 126.979437703068328, 37.626956391426383 ], [ 126.979666457204289, 37.627974785251027 ], [ 126.98013297406834, 37.628351086889303 ], [ 126.981202990181458, 37.628348844508416 ], [ 126.98216314775037, 37.627472004813129 ], [ 126.985607164394196, 37.623625962356037 ], [ 126.992245569202581, 37.619225219954764 ], [ 126.993526696347502, 37.618118112253043 ], [ 126.992993391475338, 37.617809366621543 ], [ 126.992634677435603, 37.617029292750146 ], [ 126.993124175920954, 37.614923387833016 ], [ 126.994302930290942, 37.613301526129078 ], [ 126.994555170937033, 37.613177545821678 ], [ 126.995127047450936, 37.613223934220471 ], [ 126.995456492976217, 37.613410118001973 ], [ 126.995486037383344, 37.613649099494609 ], [ 126.997560568698475, 37.615495557850551 ], [ 126.999708653226364, 37.616631359462609 ], [ 127.000821269686, 37.616729585322872 ], [ 127.002918308100078, 37.616290020885153 ], [ 127.005755038279474, 37.615259761530652 ], [ 127.007999497570523, 37.612212402371455 ], [ 127.00899869123883, 37.608660840385575 ] ] ] } },
{ "type": "Feature", "properties": { "adm_nm": "서울특별시 성북구 정릉4동", "ADM_CD": "1129065000", "sggnm": "성북구" }, "geometry": { "type": "Polygon", "coordinates": [ [ [ 126.993194309137095, 37.632027717592401 ], [ 126.993335916426574, 37.631515690100137 ], [ 126.994101819288645, 37.629919102267451 ], [ 126.994333311027333, 37.629833340838402 ], [ 126.994549373048727, 37.629828633255691 ], [ 126.998935940815855, 37.626878560602258 ], [ 127.001738641103557, 37.625709675649247 ], [ 127.002357723452477, 37.625595114238784 ], [ 127.002898209334205, 37.625373189006723 ], [ 127.004501459264432, 37.624438046883753 ], [ 127.006435749454951, 37.624342481694349 ], [ 127.007875676624181, 37.623909093174028 ], [ 127.00782360504725, 37.623319625488378 ], [ 127.007543280353289, 37.622653718169708 ], [ 127.007374715647899, 37.62244109615154 ], [ 127.007505920465391, 37.621016504456904 ], [ 127.008045828736343, 37.619369304949544 ], [ 127.008493689156055, 37.618574612104936 ], [ 127.009439029595171, 37.618167273447128 ], [ 127.011470230202676, 37.616419250198589 ], [ 127.014752381512693, 37.615592292373528 ], [ 127.014941184136589, 37.615418433841569 ], [ 127.015253140518524, 37.614807873006519 ], [ 127.014432729291954, 37.613571909215075 ], [ 127.013415767298824, 37.611614128444266 ], [ 127.011975915632618, 37.610277137854737 ], [ 127.011614833025291, 37.609573028613525 ], [ 127.011581426120117, 37.608409696466971 ], [ 127.010530492117269, 37.608095978405743 ], [ 127.00899869123883, 37.608660840385575 ], [ 127.007999497570523, 37.612212402371455 ], [ 127.005755038279474, 37.615259761530652 ], [ 127.002918308100078, 37.616290020885153 ], [ 127.000821269686, 37.616729585322872 ], [ 126.999708653226364, 37.616631359462609 ], [ 126.997560568698475, 37.615495557850551 ], [ 126.995486037383344, 37.613649099494609 ], [ 126.995456492976217, 37.613410118001973 ], [ 126.995127047450936, 37.613223934220471 ], [ 126.994555170937033, 37.613177545821678 ], [ 126.994302930290942, 37.613301526129078 ], [ 126.993124175920954, 37.614923387833016 ], [ 126.992634677435603, 37.617029292750146 ], [ 126.992993391475338, 37.617809366621543 ], [ 126.993526696347502, 37.618118112253043 ], [ 126.992245569202581, 37.619225219954764 ], [ 126.985607164394196, 37.623625962356037 ], [ 126.98216314775037, 37.627472004813129 ], [ 126.981202990181458, 37.628348844508416 ], [ 126.98013297406834, 37.628351086889303 ], [ 126.98049687592524, 37.62864543417669 ], [ 126.98050819494199, 37.629054464968299 ], [ 126.980092312373387, 37.629272335052526 ], [ 126.979524035313361, 37.629202229340599 ], [ 126.978213356971381, 37.628435936119793 ], [ 126.976672061335123, 37.628844852765397 ], [ 126.976354580285332, 37.629271579388003 ], [ 126.97648554431467, 37.630088997334461 ], [ 126.975074667880861, 37.631386286512992 ], [ 126.976717089463293, 37.632625032711154 ], [ 126.978535129796754, 37.633849886457618 ], [ 126.983594786133892, 37.636454469730175 ], [ 126.984625388282126, 37.636564870560257 ], [ 126.985603619774878, 37.635444734965233 ], [ 126.986055959154669, 37.635195450555173 ], [ 126.991824956426782, 37.632308110442168 ], [ 126.993194309137095, 37.632027717592401 ] ] ] } },
{ "type": "Feature", "properties": { "adm_nm": "서울특별시 성북구 길음1동", "ADM_CD": "1129066000", "sggnm": "성북구" }, "geometry": { "type": "Polygon", "coordinates": [ [ [ 127.022029546513892, 37.612287029231297 ], [ 127.022236886717351, 37.611204005692308 ], [ 127.024215975402925, 37.605559460879753 ], [ 127.025114418120253, 37.604240359244358 ], [ 127.025966628107255, 37.603178913676025 ], [ 127.021639329833377, 37.601566235882913 ], [ 127.019487316212775, 37.602378951455194 ], [ 127.017772206070433, 37.603835402932027 ], [ 127.016404224526369, 37.607661636402554 ], [ 127.015765005522084, 37.609964384207942 ], [ 127.014601170258317, 37.611945746429676 ], [ 127.014432729291954, 37.613571909215075 ], [ 127.015253140518524, 37.614807873006519 ], [ 127.016310964692281, 37.614960982627203 ], [ 127.017642686199565, 37.614570979362988 ], [ 127.019258331725084, 37.613752845320668 ], [ 127.020479157490328, 37.612547761868484 ], [ 127.022029546513892, 37.612287029231297 ] ] ] } },
{ "type": "Feature", "properties": { "adm_nm": "서울특별시 성북구 길음2동", "ADM_CD": "1129068500", "sggnm": "성북구" }, "geometry": { "type": "Polygon", "coordinates": [ [ [ 127.029982615937911, 37.612341807273275 ], [ 127.030411148761345, 37.609138900260547 ], [ 127.03217535563617, 37.603455071169698 ], [ 127.030219725374621, 37.603998275772483 ], [ 127.025966628107255, 37.603178913676025 ], [ 127.025114418120253, 37.604240359244358 ], [ 127.024215975402925, 37.605559460879753 ], [ 127.022234980567774, 37.611269246091659 ], [ 127.027222806167146, 37.612563700402099 ], [ 127.029982615937911, 37.612341807273275 ] ] ] } },
{ "type": "Feature", "properties": { "adm_nm": "서울특별시 성북구 월곡1동", "ADM_CD": "1129071500", "sggnm": "성북구" }, "geometry": { "type": "Polygon", "coordinates": [ [ [ 127.043598670337033, 37.611427101783789 ], [ 127.043076592387635, 37.610524901927413 ], [ 127.042552828855506, 37.609212546222857 ], [ 127.042418288767351, 37.607594115437763 ], [ 127.040401983505774, 37.606152017580186 ], [ 127.038623552585364, 37.605301196829402 ], [ 127.038323566872847, 37.605496053156749 ], [ 127.036876800846869, 37.605987239922463 ], [ 127.037129704777385, 37.604925795745089 ], [ 127.037625302812344, 37.603333487754973 ], [ 127.038522597615767, 37.60249427617353 ], [ 127.03217535563617, 37.603455071169698 ], [ 127.030411148761345, 37.609138900260547 ], [ 127.037103402058861, 37.612711037864585 ], [ 127.037270359439574, 37.612708681266881 ], [ 127.040515448826355, 37.611072663201092 ], [ 127.041984906075626, 37.610945427556281 ], [ 127.043598670337033, 37.611427101783789 ] ] ] } },
{ "type": "Feature", "properties": { "adm_nm": "서울특별시 성북구 월곡2동", "ADM_CD": "1129072500", "sggnm": "성북구" }, "geometry": { "type": "Polygon", "coordinates": [ [ [ 127.045435735616351, 37.611287752132149 ], [ 127.045381709180461, 37.609686542599569 ], [ 127.045444384237854, 37.609511022222783 ], [ 127.046613705192257, 37.608378900184334 ], [ 127.047360979287149, 37.607832877950358 ], [ 127.048372436661467, 37.607877313475498 ], [ 127.049281973911846, 37.608280219012165 ], [ 127.050144670649615, 37.608845139247819 ], [ 127.05031758957827, 37.609175915088223 ], [ 127.051575837495193, 37.609949277898039 ], [ 127.052418157648958, 37.609126439045333 ], [ 127.052344395235309, 37.608909837871906 ], [ 127.051769404451434, 37.608105523227643 ], [ 127.050720357928569, 37.6075460842086 ], [ 127.050567705848536, 37.606854783001779 ], [ 127.051131495725144, 37.605946572033837 ], [ 127.051698434960912, 37.60539665418316 ], [ 127.051931681790819, 37.605113616785644 ], [ 127.052159143015032, 37.604731409165488 ], [ 127.052250899907008, 37.60407152313747 ], [ 127.052238913783157, 37.602858990066714 ], [ 127.051327384538695, 37.601626501660306 ], [ 127.051008853529638, 37.601569385325746 ], [ 127.050273405968028, 37.601105343070884 ], [ 127.048158002193802, 37.597556107046898 ], [ 127.04764739129007, 37.596287635801716 ], [ 127.043517431199419, 37.596906182223393 ], [ 127.040753802705169, 37.595800296014161 ], [ 127.040797296117688, 37.599438547555074 ], [ 127.040581801724699, 37.600284972188241 ], [ 127.040366984214032, 37.600676220338315 ], [ 127.039991799118511, 37.601127619816126 ], [ 127.037625302812344, 37.603333487754973 ], [ 127.037129704777385, 37.604925795745089 ], [ 127.036876800846869, 37.605987239922463 ], [ 127.038323566872847, 37.605496053156749 ], [ 127.038623552585364, 37.605301196829402 ], [ 127.040401983505774, 37.606152017580186 ], [ 127.042418288767351, 37.607594115437763 ], [ 127.042552828855506, 37.609212546222857 ], [ 127.043076592387635, 37.610524901927413 ], [ 127.043598670337033, 37.611427101783789 ], [ 127.044547808183069, 37.610727378317272 ], [ 127.045435735616351, 37.611287752132149 ] ] ] } },
{ "type": "Feature", "properties": { "adm_nm": "서울특별시 성북구 장위1동", "ADM_CD": "1129076000", "sggnm": "성북구" }, "geometry": { "type": "Polygon", "coordinates": [ [ [ 127.050385347247499, 37.617469634457969 ], [ 127.049563321521902, 37.616943734035175 ], [ 127.049232076726867, 37.61667770006548 ], [ 127.048463403649606, 37.615905240834152 ], [ 127.048358106562304, 37.615518366869765 ], [ 127.048392781595496, 37.614936028152734 ], [ 127.049060078126089, 37.613496434603043 ], [ 127.048894083795446, 37.612605724779939 ], [ 127.048843551450261, 37.612401251392825 ], [ 127.048312000169972, 37.612016499087119 ], [ 127.047542213564995, 37.611642782102031 ], [ 127.045435735616351, 37.611287752132149 ], [ 127.044547808183069, 37.610727378317272 ], [ 127.043598670337033, 37.611427101783789 ], [ 127.041984906075626, 37.610945427556281 ], [ 127.040883969272841, 37.611025650354847 ], [ 127.040515448826355, 37.611072663201092 ], [ 127.037270359439574, 37.612708681266881 ], [ 127.037103402058861, 37.612711037864585 ], [ 127.039118560646486, 37.616308518336702 ], [ 127.040194408074157, 37.615945417762283 ], [ 127.043960844985648, 37.618676451109728 ], [ 127.044729001637307, 37.619549152876175 ], [ 127.046730407062057, 37.618366019240504 ], [ 127.047047035703883, 37.618940713424827 ], [ 127.047261319149442, 37.619162342727343 ], [ 127.049332407199586, 37.620460299949364 ], [ 127.049504163203963, 37.620291991300547 ], [ 127.050385347247499, 37.617469634457969 ] ] ] } },
{ "type": "Feature", "properties": { "adm_nm": "서울특별시 성북구 장위2동", "ADM_CD": "1129077000", "sggnm": "성북구" }, "geometry": { "type": "Polygon", "coordinates": [ [ [ 127.060668050492424, 37.612799969114334 ], [ 127.051769404451434, 37.608105523227643 ], [ 127.052344395235309, 37.608909837871906 ], [ 127.052418157648958, 37.609126439045333 ], [ 127.051575837495193, 37.609949277898039 ], [ 127.05031758957827, 37.609175915088223 ], [ 127.050144670649615, 37.608845139247819 ], [ 127.049281973911846, 37.608280219012165 ], [ 127.048372436661467, 37.607877313475498 ], [ 127.048044725784251, 37.607854652004747 ], [ 127.047360979287149, 37.607832877950358 ], [ 127.046613705192257, 37.608378900184334 ], [ 127.045444384237854, 37.609511022222783 ], [ 127.045381709180461, 37.609686542599569 ], [ 127.045435735616351, 37.611287752132149 ], [ 127.047542213564995, 37.611642782102031 ], [ 127.048312000169972, 37.612016499087119 ], [ 127.048843551450261, 37.612401251392825 ], [ 127.049060078126089, 37.613496434603043 ], [ 127.048392781595496, 37.614936028152734 ], [ 127.048358106562304, 37.615518366869765 ], [ 127.048401132817446, 37.615775308481403 ], [ 127.048627154582007, 37.616112049217641 ], [ 127.049232076726867, 37.61667770006548 ], [ 127.049563321521902, 37.616943734035175 ], [ 127.050385347247499, 37.617469634457969 ], [ 127.054599627765597, 37.615010309908335 ], [ 127.055039447365459, 37.615217034370787 ], [ 127.05658329766095, 37.613900125060752 ], [ 127.058224904281303, 37.612331186102303 ], [ 127.060668050492424, 37.612799969114334 ] ] ] } },
{ "type": "Feature", "properties": { "adm_nm": "서울특별시 성북구 장위3동", "ADM_CD": "1129078000", "sggnm": "성북구" }, "geometry": { "type": "Polygon", "coordinates": [ [ [ 127.0628925772738, 37.614343915584008 ], [ 127.060668050492424, 37.612799969114334 ], [ 127.058224904281303, 37.612331186102303 ], [ 127.05658329766095, 37.613900125060752 ], [ 127.055039447365459, 37.615217034370787 ], [ 127.054599627765597, 37.615010309908335 ], [ 127.050385347247499, 37.617469634457969 ], [ 127.049504163203963, 37.620291991300547 ], [ 127.049332407199586, 37.620460299949364 ], [ 127.047261319149442, 37.619162342727343 ], [ 127.047047035703883, 37.618940713424827 ], [ 127.046730407062057, 37.618366019240504 ], [ 127.044729001637307, 37.619549152876175 ], [ 127.047923910786579, 37.623221255110572 ], [ 127.049986249782734, 37.624430946272589 ], [ 127.052722110056948, 37.621525405722259 ], [ 127.05335326119129, 37.620901508597932 ], [ 127.05420819236393, 37.620174655173919 ], [ 127.056909093675017, 37.618115240615253 ], [ 127.060605996273196, 37.615651383411418 ], [ 127.060911108332974, 37.6149472188266 ], [ 127.062014262034822, 37.614375585975758 ], [ 127.062421979586048, 37.614285837610005 ], [ 127.0628925772738, 37.614343915584008 ] ] ] } },
{ "type": "Feature", "properties": { "adm_nm": "서울특별시 성북구 성북동", "ADM_CD": "1129052500", "sggnm": "성북구" }, "geometry": { "type": "Polygon", "coordinates": [ [ [ 126.999559285918252, 37.601607725014446 ], [ 126.999799239074008, 37.601671492793763 ], [ 127.000644567766841, 37.601652728233987 ], [ 127.000943569491781, 37.601500818856152 ], [ 127.002925729518537, 37.598896417120059 ], [ 127.00293906047429, 37.597956823340056 ], [ 127.004700527716409, 37.59676892968124 ], [ 127.006948331532726, 37.596592331121563 ], [ 127.00724635168568, 37.596492174607761 ], [ 127.007850744420338, 37.595989944109135 ], [ 127.008102791843115, 37.595559476667333 ], [ 127.008419138133291, 37.594609877227867 ], [ 127.008501734702648, 37.5941077221173 ], [ 127.008422569836526, 37.593120420991909 ], [ 127.008183069321106, 37.592721705271408 ], [ 127.007657360600533, 37.592459250470561 ], [ 127.007225070807038, 37.59185751731858 ], [ 127.007488657035509, 37.591631562623043 ], [ 127.009531179565002, 37.59206377620859 ], [ 127.011544743488514, 37.593965987907303 ], [ 127.013261498415446, 37.591805311647704 ], [ 127.006957928171801, 37.588699922136719 ], [ 127.006207040965265, 37.588375405218081 ], [ 127.005044695191629, 37.587928640991599 ], [ 127.004194817617034, 37.587950483032529 ], [ 127.003419879437615, 37.588355029626364 ], [ 127.002337818778557, 37.58915379544608 ], [ 127.001658251840468, 37.590101846311057 ], [ 127.001698105334796, 37.590602260509662 ], [ 127.001911843058139, 37.591248750276478 ], [ 127.001681228018867, 37.591752530323944 ], [ 127.001559767275126, 37.591918766063898 ], [ 127.000942194290261, 37.59239265541499 ], [ 127.000624526588396, 37.592453365719116 ], [ 126.999372005073269, 37.59236681171857 ], [ 126.998745178622769, 37.592516379265064 ], [ 126.998532154767688, 37.592506460954141 ], [ 126.989135903089448, 37.591306686318617 ], [ 126.989075048100133, 37.591394461628269 ], [ 126.989475792086679, 37.5917950211998 ], [ 126.988760809134106, 37.592104003075761 ], [ 126.987526228202512, 37.592246800190104 ], [ 126.986479840783815, 37.592506465665579 ], [ 126.985759277179199, 37.592794011604347 ], [ 126.984678767240084, 37.593331231471026 ], [ 126.983868097928024, 37.593850468126433 ], [ 126.982652315414072, 37.595104773548591 ], [ 126.98201142589032, 37.595843316832948 ], [ 126.981566847345007, 37.59716526193013 ], [ 126.981566564480005, 37.599143655277672 ], [ 126.982723906674281, 37.599388714842092 ], [ 126.984908526539613, 37.59943882994709 ], [ 126.986374685439515, 37.600079539177521 ], [ 126.987887605666131, 37.601336703119003 ], [ 126.989470471155187, 37.602526594580475 ], [ 126.99392546573192, 37.602748584911623 ], [ 126.994435463654185, 37.602573873367731 ], [ 126.995251974359149, 37.602702438494426 ], [ 126.997281914328653, 37.602079036683456 ], [ 126.999559285918252, 37.601607725014446 ] ] ] } },
{ "type": "Feature", "properties": { "adm_nm": "서울특별시 성북구 삼선동", "ADM_CD": "1129055500", "sggnm": "성북구" }, "geometry": { "type": "Polygon", "coordinates": [ [ [ 127.018964132938706, 37.588828332448735 ], [ 127.016521098105841, 37.586866993090666 ], [ 127.014685709425351, 37.584544131427855 ], [ 127.014685884830357, 37.582226547406293 ], [ 127.013827792100869, 37.581708123465219 ], [ 127.012801219237048, 37.58131747945707 ], [ 127.012155024459105, 37.581505178450342 ], [ 127.010480065311697, 37.580335481157597 ], [ 127.009965433084943, 37.580208357141579 ], [ 127.008841317839227, 37.580452638734883 ], [ 127.007332539631321, 37.583203339216226 ], [ 127.007354936809165, 37.583363335858955 ], [ 127.006527493798131, 37.586128221213336 ], [ 127.00593335431671, 37.586909905760379 ], [ 127.004609217144889, 37.586995224897457 ], [ 127.004299747286751, 37.587086705567486 ], [ 127.004163889918672, 37.58729006506222 ], [ 127.004194817617034, 37.587950483032529 ], [ 127.005044695191629, 37.587928640991599 ], [ 127.006207040965265, 37.588375405218081 ], [ 127.006957928171801, 37.588699922136719 ], [ 127.013796329910775, 37.592094866333952 ], [ 127.014412275488297, 37.592309217889671 ], [ 127.01499591484675, 37.592375839277395 ], [ 127.016511852559262, 37.59242322046817 ], [ 127.016993430377269, 37.590353715246344 ], [ 127.018964132938706, 37.588828332448735 ] ] ] } },
{ "type": "Feature", "properties": { "adm_nm": "서울특별시 성북구 동선동", "ADM_CD": "1129057500", "sggnm": "성북구" }, "geometry": { "type": "Polygon", "coordinates": [ [ [ 127.019722515075188, 37.597288355273243 ], [ 127.021477427975597, 37.597104560874207 ], [ 127.021971003583289, 37.596981997106958 ], [ 127.022078171910948, 37.596600436220314 ], [ 127.022569051095914, 37.595638823219495 ], [ 127.024487296671907, 37.594303902427306 ], [ 127.024791944347797, 37.594157534283902 ], [ 127.024993238910881, 37.594129139213727 ], [ 127.024464327476025, 37.593573721021187 ], [ 127.023882056813093, 37.592512293961256 ], [ 127.023788170120753, 37.592248271932341 ], [ 127.023707492584904, 37.591242947184583 ], [ 127.023729815990265, 37.590962493731361 ], [ 127.022113619233821, 37.58907327628792 ], [ 127.019661330181194, 37.589406961660174 ], [ 127.018964132938706, 37.588828332448735 ], [ 127.016993430377269, 37.590353715246344 ], [ 127.016511852559262, 37.59242322046817 ], [ 127.015423964892534, 37.592415904558294 ], [ 127.014412275488297, 37.592309217889671 ], [ 127.013796329910775, 37.592094866333952 ], [ 127.013261498415446, 37.591805311647704 ], [ 127.011544743488514, 37.593965987907303 ], [ 127.013423347270887, 37.595231132913163 ], [ 127.013066023661565, 37.595789150315127 ], [ 127.01266980804769, 37.596680313794792 ], [ 127.012887128005772, 37.598205609660269 ], [ 127.015056462605088, 37.598411358632383 ], [ 127.016151865474129, 37.596881668758257 ], [ 127.01823464416789, 37.596907089006834 ], [ 127.019487952829678, 37.597104860427315 ], [ 127.019722515075188, 37.597288355273243 ] ] ] } },
{ "type": "Feature", "properties": { "adm_nm": "서울특별시 성북구 종암동", "ADM_CD": "1129070500", "sggnm": "성북구" }, "geometry": { "type": "Polygon", "coordinates": [ [ [ 127.03217535563617, 37.603455071169698 ], [ 127.038522597615767, 37.60249427617353 ], [ 127.039991799118511, 37.601127619816126 ], [ 127.040472143193327, 37.600501994471976 ], [ 127.040667606192272, 37.600034056561377 ], [ 127.040792272503353, 37.599564716165283 ], [ 127.040753802705169, 37.595800296014161 ], [ 127.039062754121701, 37.591270147215305 ], [ 127.036488309478472, 37.591245860187179 ], [ 127.036497515652243, 37.591343483168906 ], [ 127.036363925700115, 37.591608835452149 ], [ 127.035926858154326, 37.592243669249321 ], [ 127.035540514724801, 37.592551986888573 ], [ 127.03513743071791, 37.592422521722703 ], [ 127.034259965745534, 37.591939321746551 ], [ 127.033225807001799, 37.591480395323856 ], [ 127.032030050946531, 37.591145543761179 ], [ 127.031815718727557, 37.591116526753822 ], [ 127.030261041239257, 37.591249877005474 ], [ 127.024993238910881, 37.594129139213727 ], [ 127.025701921578857, 37.594902550182908 ], [ 127.025988101139347, 37.596330076859502 ], [ 127.0259126002736, 37.596735378380217 ], [ 127.026303467224423, 37.598961013470571 ], [ 127.026782152420665, 37.600202497382199 ], [ 127.027119806178419, 37.600753453886846 ], [ 127.029204198898938, 37.603023594375514 ], [ 127.030219725374621, 37.603998275772483 ], [ 127.03217535563617, 37.603455071169698 ] ] ] } },
{ "type": "Feature", "properties": { "adm_nm": "서울특별시 성북구 석관동", "ADM_CD": "1129081000", "sggnm": "성북구" }, "geometry": { "type": "Polygon", "coordinates": [ [ [ 127.071403137148351, 37.615627975297905 ], [ 127.071717760320283, 37.606811751554396 ], [ 127.069355210785815, 37.609331567920925 ], [ 127.068588265738725, 37.609322465436193 ], [ 127.068734389876994, 37.606871138672453 ], [ 127.068101150481255, 37.606507896929855 ], [ 127.066246397517176, 37.605820570982544 ], [ 127.064972936500993, 37.605874471001982 ], [ 127.062334595500346, 37.605281104170217 ], [ 127.062139951897038, 37.605136159054439 ], [ 127.061668509318039, 37.604629656449568 ], [ 127.060773362109089, 37.603569502625049 ], [ 127.060045633462124, 37.602099854517519 ], [ 127.057255966423952, 37.601252298831803 ], [ 127.052029941804349, 37.599952682071532 ], [ 127.051327384538695, 37.601626501660306 ], [ 127.052238913783157, 37.602858990066714 ], [ 127.052250899907008, 37.60407152313747 ], [ 127.052159143015032, 37.604731409165488 ], [ 127.051931681790819, 37.605113616785644 ], [ 127.051698434960912, 37.60539665418316 ], [ 127.051131495725144, 37.605946572033837 ], [ 127.050603051920007, 37.606781701497923 ], [ 127.050567705848536, 37.606854783001779 ], [ 127.050720357928569, 37.6075460842086 ], [ 127.060668050492424, 37.612799969114334 ], [ 127.0628925772738, 37.614343915584008 ], [ 127.06486632553198, 37.614222038623303 ], [ 127.066051941517358, 37.614304866324147 ], [ 127.06774837079908, 37.615221458271755 ], [ 127.068011978624142, 37.615437619067542 ], [ 127.068006973907714, 37.615568234102611 ], [ 127.071187060849624, 37.616368568783749 ], [ 127.071403137148351, 37.615627975297905 ] ] ] } },
{ "type": "Feature", "properties": { "adm_nm": "서울특별시 강북구 번1동", "ADM_CD": "1130559500", "sggnm": "강북구" }, "geometry": { "type": "Polygon", "coordinates": [ [ [ 127.036439858436523, 37.636886881830335 ], [ 127.038479308421373, 37.633913668911646 ], [ 127.037286421019374, 37.634125137694966 ], [ 127.035787298609961, 37.6345228052189 ], [ 127.034489894232408, 37.635266930963901 ], [ 127.034253358542799, 37.635371904718461 ], [ 127.034046316229507, 37.635403760741411 ], [ 127.031280384203811, 37.635251971631483 ], [ 127.023254858382657, 37.63465084213415 ], [ 127.023582877861827, 37.636089803850382 ], [ 127.025301978940973, 37.637447826712538 ], [ 127.030833047880506, 37.642856378182749 ], [ 127.031788751146294, 37.642288930019717 ], [ 127.032286867250789, 37.64193600430562 ], [ 127.032670615626671, 37.64163107035845 ], [ 127.032935428963313, 37.641288739255998 ], [ 127.033149929043603, 37.640942318276743 ], [ 127.033577464630397, 37.640034785097114 ], [ 127.034501390328074, 37.637851563407644 ], [ 127.034685729002845, 37.637601042621583 ], [ 127.03496339832212, 37.637376802910239 ], [ 127.035530183137425, 37.637122541814691 ], [ 127.036439858436523, 37.636886881830335 ] ] ] } },
{ "type": "Feature", "properties": { "adm_nm": "서울특별시 강북구 번2동", "ADM_CD": "1130560300", "sggnm": "강북구" }, "geometry": { "type": "Polygon", "coordinates": [ [ [ 127.038479308421373, 37.633913668911646 ], [ 127.041481211273776, 37.631278861729868 ], [ 127.041966785336228, 37.630988902216799 ], [ 127.040619812330831, 37.629790536638211 ], [ 127.036899342705397, 37.626677072275065 ], [ 127.036739279101042, 37.626429143367467 ], [ 127.036782834378684, 37.626145392337541 ], [ 127.037480886626298, 37.624366857599142 ], [ 127.037673665834944, 37.623315297548864 ], [ 127.037576468594295, 37.621398441671637 ], [ 127.037324640856795, 37.620778909550246 ], [ 127.036825489327981, 37.619955604640666 ], [ 127.034711751048363, 37.620929750120681 ], [ 127.034473510386775, 37.62108654505014 ], [ 127.033830898082144, 37.622487845690991 ], [ 127.032592440492294, 37.625507951590841 ], [ 127.032783877080902, 37.625920063189703 ], [ 127.032792572740789, 37.626115012326359 ], [ 127.032406979842037, 37.627629988671984 ], [ 127.032106420902011, 37.628008486413556 ], [ 127.031850372962865, 37.628177598582312 ], [ 127.031297975064433, 37.628728602535496 ], [ 127.02982405999073, 37.630854406065069 ], [ 127.029009814867024, 37.633047044835614 ], [ 127.027570855923827, 37.633501180865309 ], [ 127.027491737643118, 37.634963078045331 ], [ 127.03152395719313, 37.635268712450795 ], [ 127.034046316229507, 37.635403760741411 ], [ 127.034253358542799, 37.635371904718461 ], [ 127.034489894232408, 37.635266930963901 ], [ 127.035787298609961, 37.6345228052189 ], [ 127.037286421019374, 37.634125137694966 ], [ 127.038479308421373, 37.633913668911646 ] ] ] } },
{ "type": "Feature", "properties": { "adm_nm": "서울특별시 강북구 번3동", "ADM_CD": "1130560800", "sggnm": "강북구" }, "geometry": { "type": "Polygon", "coordinates": [ [ [ 127.049986249782734, 37.624430946272589 ], [ 127.047923910786579, 37.623221255110572 ], [ 127.043960844985648, 37.618676451109728 ], [ 127.040194408074157, 37.615945417762283 ], [ 127.038736767288668, 37.616435468617865 ], [ 127.038651849096723, 37.616547735816042 ], [ 127.038488737528866, 37.617608493993849 ], [ 127.038664852400913, 37.618561224161994 ], [ 127.03871823142444, 37.618747301068012 ], [ 127.038848303937201, 37.618901070778435 ], [ 127.038899833620846, 37.619043233345273 ], [ 127.038794520144677, 37.619468705353881 ], [ 127.037906117683832, 37.61974577202956 ], [ 127.036825489327981, 37.619955604640666 ], [ 127.037324640856795, 37.620778909550246 ], [ 127.037576468594295, 37.621398441671637 ], [ 127.037673665834944, 37.623315297548864 ], [ 127.037480886626298, 37.624366857599142 ], [ 127.036782834378684, 37.626145392337541 ], [ 127.036739279101042, 37.626429143367467 ], [ 127.036899342705397, 37.626677072275065 ], [ 127.040619812330831, 37.629790536638211 ], [ 127.041966785336228, 37.630988902216799 ], [ 127.042893143249557, 37.630435900571968 ], [ 127.046164923828698, 37.628090436819413 ], [ 127.04824313840281, 37.626467509410261 ], [ 127.049986249782734, 37.624430946272589 ] ] ] } },
{ "type": "Feature", "properties": { "adm_nm": "서울특별시 강북구 수유1동", "ADM_CD": "1130561500", "sggnm": "강북구" }, "geometry": { "type": "Polygon", "coordinates": [ [ [ 127.022588294600553, 37.630336373103631 ], [ 127.021234678787835, 37.630119073710759 ], [ 127.017763538406712, 37.629301619772555 ], [ 127.015879335421175, 37.627459679467322 ], [ 127.010085910176429, 37.625239879170003 ], [ 127.009206833243042, 37.625042438072796 ], [ 127.008217974403593, 37.624951566940055 ], [ 127.007658443619079, 37.625059647609774 ], [ 127.006473067087683, 37.625125676023032 ], [ 127.005437875917906, 37.624866713425931 ], [ 127.004501459264432, 37.624438046883753 ], [ 127.002898209334205, 37.625373189006723 ], [ 127.002357723452477, 37.625595114238784 ], [ 127.001738641103557, 37.625709675649247 ], [ 126.998935940815855, 37.626878560602258 ], [ 126.994549373048727, 37.629828633255691 ], [ 126.994333311027333, 37.629833340838402 ], [ 126.994101819288645, 37.629919102267451 ], [ 126.993335916426574, 37.631515690100137 ], [ 126.993194309137095, 37.632027717592401 ], [ 127.000365715364126, 37.632101117496916 ], [ 127.002597880768747, 37.632282929667461 ], [ 127.008125181581846, 37.633013652065948 ], [ 127.010919802098826, 37.633416224807817 ], [ 127.012031969831327, 37.63362363079019 ], [ 127.013149575102048, 37.633754218699082 ], [ 127.020726360389475, 37.634490753298671 ], [ 127.023254858382657, 37.63465084213415 ], [ 127.023432494020923, 37.633238714919337 ], [ 127.022588294600553, 37.630336373103631 ] ] ] } },
{ "type": "Feature", "properties": { "adm_nm": "서울특별시 강북구 수유2동", "ADM_CD": "1130562500", "sggnm": "강북구" }, "geometry": { "type": "Polygon", "coordinates": [ [ [ 127.015618412969701, 37.649103107364709 ], [ 127.016998902895807, 37.648726813980439 ], [ 127.01779011596733, 37.648615355810833 ], [ 127.018204068072677, 37.648614568472709 ], [ 127.018787957754725, 37.648709338589136 ], [ 127.020231693414715, 37.649067866552386 ], [ 127.020557492338341, 37.649084964468969 ], [ 127.021139603803007, 37.64901634861971 ], [ 127.024617275767014, 37.647402375718137 ], [ 127.024780589175833, 37.647235159840697 ], [ 127.025151695596435, 37.646601117481239 ], [ 127.024116728032382, 37.645349817556209 ], [ 127.023973452833374, 37.644375796083587 ], [ 127.023950265846111, 37.643680546635728 ], [ 127.020544061394176, 37.641254551202479 ], [ 127.020207600958031, 37.641138261998222 ], [ 127.019860117177601, 37.641082768119261 ], [ 127.016914807100207, 37.640813958300647 ], [ 127.015924457607113, 37.644306990299604 ], [ 127.013896412745339, 37.649052071527045 ], [ 127.015618412969701, 37.649103107364709 ] ] ] } },
{ "type": "Feature", "properties": { "adm_nm": "서울특별시 강북구 수유3동", "ADM_CD": "1130563500", "sggnm": "강북구" }, "geometry": { "type": "Polygon", "coordinates": [ [ [ 127.030833047880506, 37.642856378182749 ], [ 127.025301978940973, 37.637447826712538 ], [ 127.023582877861827, 37.636089803850382 ], [ 127.022563800942649, 37.63626933197726 ], [ 127.021783212549536, 37.63626279060388 ], [ 127.020598051369959, 37.635945903492569 ], [ 127.019516211863007, 37.635543727011331 ], [ 127.017181607081852, 37.63725915814409 ], [ 127.016914807100207, 37.640813958300647 ], [ 127.019860117177601, 37.641082768119261 ], [ 127.020207600958031, 37.641138261998222 ], [ 127.020544061394176, 37.641254551202479 ], [ 127.020823525913372, 37.641421306367192 ], [ 127.023950265846111, 37.643680546635728 ], [ 127.023973452833374, 37.644375796083587 ], [ 127.024116728032382, 37.645349817556209 ], [ 127.025151695596435, 37.646601117481239 ], [ 127.02566106582222, 37.645862822477248 ], [ 127.026595432745538, 37.645381196924475 ], [ 127.027265589046834, 37.645118909311073 ], [ 127.027914391017148, 37.644748191749805 ], [ 127.029765622736093, 37.643612608938113 ], [ 127.030833047880506, 37.642856378182749 ] ] ] } },
{ "type": "Feature", "properties": { "adm_nm": "서울특별시 강북구 삼양동", "ADM_CD": "1130553400", "sggnm": "강북구" }, "geometry": { "type": "Polygon", "coordinates": [ [ [ 127.022005076083445, 37.625180604890787 ], [ 127.018404301723962, 37.624862854553442 ], [ 127.018472063166044, 37.624326867500272 ], [ 127.018674812079027, 37.623749710766205 ], [ 127.020592801990659, 37.620987026581929 ], [ 127.021087528449272, 37.619468106912848 ], [ 127.020285113589992, 37.619713759858477 ], [ 127.019213196406483, 37.619882905240473 ], [ 127.014834984781757, 37.62020974774088 ], [ 127.013387275606107, 37.620225193324544 ], [ 127.008556829342581, 37.618563626359702 ], [ 127.008493689156055, 37.618574612104936 ], [ 127.008045828736343, 37.619369304949544 ], [ 127.007505920465391, 37.621016504456904 ], [ 127.007374715647899, 37.62244109615154 ], [ 127.007543280353289, 37.622653718169708 ], [ 127.00782360504725, 37.623319625488378 ], [ 127.007875676624181, 37.623909093174028 ], [ 127.006435749454951, 37.624342481694349 ], [ 127.004501459264432, 37.624438046883753 ], [ 127.005437875917906, 37.624866713425931 ], [ 127.006473067087683, 37.625125676023032 ], [ 127.007658443619079, 37.625059647609774 ], [ 127.008217974403593, 37.624951566940055 ], [ 127.009206833243042, 37.625042438072796 ], [ 127.010085910176429, 37.625239879170003 ], [ 127.015879335421175, 37.627459679467322 ], [ 127.017763538406712, 37.629301619772555 ], [ 127.021234678787835, 37.630119073710759 ], [ 127.022588294600553, 37.630336373103631 ], [ 127.020856633976521, 37.629126354938826 ], [ 127.022005076083445, 37.625180604890787 ] ] ] } },
{ "type": "Feature", "properties": { "adm_nm": "서울특별시 강북구 미아동", "ADM_CD": "1130553500", "sggnm": "강북구" }, "geometry": { "type": "Polygon", "coordinates": [ [ [ 127.032592440492294, 37.625507951590841 ], [ 127.032350493758912, 37.62569159541512 ], [ 127.026894613386602, 37.624456705809706 ], [ 127.0258556253237, 37.623670623164124 ], [ 127.022871051810966, 37.62295329415381 ], [ 127.022005076083445, 37.625180604890787 ], [ 127.020856633976521, 37.629126354938826 ], [ 127.022588294600553, 37.630336373103631 ], [ 127.023432494020923, 37.633238714919337 ], [ 127.023254858382657, 37.63465084213415 ], [ 127.027491737643118, 37.634963078045331 ], [ 127.027570855923827, 37.633501180865309 ], [ 127.029009814867024, 37.633047044835614 ], [ 127.02982405999073, 37.630854406065069 ], [ 127.031297975064433, 37.628728602535496 ], [ 127.031850372962865, 37.628177598582312 ], [ 127.032106420902011, 37.628008486413556 ], [ 127.032406979842037, 37.627629988671984 ], [ 127.032792572740789, 37.626115012326359 ], [ 127.032783877080902, 37.625920063189703 ], [ 127.032592440492294, 37.625507951590841 ] ] ] } },
{ "type": "Feature", "properties": { "adm_nm": "서울특별시 강북구 송중동", "ADM_CD": "1130554500", "sggnm": "강북구" }, "geometry": { "type": "Polygon", "coordinates": [ [ [ 127.032592440492294, 37.625507951590841 ], [ 127.033830898082144, 37.622487845690991 ], [ 127.034473510386775, 37.62108654505014 ], [ 127.034711751048363, 37.620929750120681 ], [ 127.036825489327981, 37.619955604640666 ], [ 127.037906117683832, 37.61974577202956 ], [ 127.038794520144677, 37.619468705353881 ], [ 127.038899833620846, 37.619043233345273 ], [ 127.038848303937201, 37.618901070778435 ], [ 127.03871823142444, 37.618747301068012 ], [ 127.038583068276822, 37.618272475266686 ], [ 127.038490658714807, 37.617411333129262 ], [ 127.038651849096723, 37.616547735816042 ], [ 127.038736767288668, 37.616435468617865 ], [ 127.039118560646486, 37.616308518336702 ], [ 127.037103402058861, 37.612711037864585 ], [ 127.030411148761345, 37.609138900260547 ], [ 127.029982615937911, 37.612341807273275 ], [ 127.029945977216641, 37.614868498242323 ], [ 127.029807131910772, 37.617124676980545 ], [ 127.026894613386602, 37.624456705809706 ], [ 127.032350493758912, 37.62569159541512 ], [ 127.032592440492294, 37.625507951590841 ] ] ] } },
{ "type": "Feature", "properties": { "adm_nm": "서울특별시 강북구 송천동", "ADM_CD": "1130555500", "sggnm": "강북구" }, "geometry": { "type": "Polygon", "coordinates": [ [ [ 127.026894613386602, 37.624456705809706 ], [ 127.029807131910772, 37.617124676980545 ], [ 127.029945977216641, 37.614868498242323 ], [ 127.029982615937911, 37.612341807273275 ], [ 127.027222806167146, 37.612563700402099 ], [ 127.022234980567774, 37.611269246091659 ], [ 127.022029546513892, 37.612287029231297 ], [ 127.022213644321326, 37.614503947522273 ], [ 127.02221619894982, 37.615323051510813 ], [ 127.02220072372377, 37.615528043915731 ], [ 127.021881045481422, 37.616724369671047 ], [ 127.021087528449272, 37.619468106912848 ], [ 127.020592801990659, 37.620987026581929 ], [ 127.018674812079027, 37.623749710766205 ], [ 127.018472063166044, 37.624326867500272 ], [ 127.018404301723962, 37.624862854553442 ], [ 127.022005076083445, 37.625180604890787 ], [ 127.022871051810966, 37.62295329415381 ], [ 127.0258556253237, 37.623670623164124 ], [ 127.026894613386602, 37.624456705809706 ] ] ] } },
{ "type": "Feature", "properties": { "adm_nm": "서울특별시 강북구 삼각산동", "ADM_CD": "1130557500", "sggnm": "강북구" }, "geometry": { "type": "Polygon", "coordinates": [ [ [ 127.021087528449272, 37.619468106912848 ], [ 127.02220072372377, 37.615528043915731 ], [ 127.022213644321326, 37.614503947522273 ], [ 127.022029546513892, 37.612287029231297 ], [ 127.020479157490328, 37.612547761868484 ], [ 127.019258331725084, 37.613752845320668 ], [ 127.017642686199565, 37.614570979362988 ], [ 127.016310964692281, 37.614960982627203 ], [ 127.015253140518524, 37.614807873006519 ], [ 127.014941184136589, 37.615418433841569 ], [ 127.014752381512693, 37.615592292373528 ], [ 127.011470230202676, 37.616419250198589 ], [ 127.009439029595171, 37.618167273447128 ], [ 127.008556829342581, 37.618563626359702 ], [ 127.013387275606107, 37.620225193324544 ], [ 127.014834984781757, 37.62020974774088 ], [ 127.019213196406483, 37.619882905240473 ], [ 127.020285113589992, 37.619713759858477 ], [ 127.021087528449272, 37.619468106912848 ] ] ] } },
{ "type": "Feature", "properties": { "adm_nm": "서울특별시 강북구 우이동", "ADM_CD": "1130564500", "sggnm": "강북구" }, "geometry": { "type": "Polygon", "coordinates": [ [ [ 127.008292471140322, 37.68467769374363 ], [ 127.008406179073575, 37.681299292724397 ], [ 127.010364841028832, 37.679538579467824 ], [ 127.011981059618336, 37.679294032442996 ], [ 127.012774410386015, 37.67806812249259 ], [ 127.013215257062157, 37.677238293639874 ], [ 127.013415528080571, 37.676449607939347 ], [ 127.013867205119837, 37.675372017984174 ], [ 127.01458299676618, 37.674400401355278 ], [ 127.014821135445743, 37.674243080336694 ], [ 127.016631857923713, 37.672666992193705 ], [ 127.017385610004126, 37.671742725283231 ], [ 127.018516132355145, 37.669958309192594 ], [ 127.018439675680185, 37.669398044205437 ], [ 127.018160916171212, 37.668777239558835 ], [ 127.017630512110827, 37.668278211918185 ], [ 127.016925721895021, 37.667896767708463 ], [ 127.015827601467223, 37.666863619036434 ], [ 127.015657891982713, 37.666698429020755 ], [ 127.015445213760415, 37.666164642397874 ], [ 127.015406943801352, 37.665838878624001 ], [ 127.015449894002373, 37.663481113296754 ], [ 127.016335300537079, 37.661576002104368 ], [ 127.015846962798705, 37.661444063351503 ], [ 127.01516244691507, 37.661591467122584 ], [ 127.01462794718195, 37.660892844434535 ], [ 127.013790297267533, 37.658480723982983 ], [ 127.012562940845797, 37.652749930335212 ], [ 127.01255521304202, 37.65222300501987 ], [ 127.01269281873698, 37.651631684831692 ], [ 127.013244705121693, 37.650439857311838 ], [ 127.015618412969701, 37.649103107364709 ], [ 127.013896412745339, 37.649052071527045 ], [ 127.015924457607113, 37.644306990299604 ], [ 127.010660938337779, 37.64503156368945 ], [ 127.007343446946678, 37.644986903762124 ], [ 127.00627008591475, 37.644780742614635 ], [ 127.004573287023533, 37.644360141312326 ], [ 127.003201167942166, 37.643379801673703 ], [ 127.001876394461377, 37.642104458341002 ], [ 127.000562398362916, 37.640707465207882 ], [ 126.996956212220951, 37.638972844873422 ], [ 126.996508638008478, 37.638847001883896 ], [ 126.994863226656491, 37.638712654667827 ], [ 126.991513160903949, 37.638720797038069 ], [ 126.989264625931341, 37.639455813570095 ], [ 126.986367470301744, 37.640650913597398 ], [ 126.985894863691769, 37.640568974203163 ], [ 126.984261466423121, 37.641768509191458 ], [ 126.983977494719923, 37.642060201516472 ], [ 126.98388394279533, 37.642169079220899 ], [ 126.983248870665832, 37.643646742606443 ], [ 126.983243529641939, 37.643701871916988 ], [ 126.98344945914053, 37.643939428343714 ], [ 126.983758510113958, 37.644119921498856 ], [ 126.984202396947509, 37.644472257129266 ], [ 126.984961912850039, 37.645900811533188 ], [ 126.984616840391169, 37.647547620649284 ], [ 126.983702297077386, 37.649784564670668 ], [ 126.983514981721825, 37.650028231657465 ], [ 126.982095326352137, 37.651429215549534 ], [ 126.980994143647948, 37.652899634170851 ], [ 126.979704001906313, 37.654790816483427 ], [ 126.97964383183502, 37.654884055408317 ], [ 126.979447985042412, 37.655737204691071 ], [ 126.979545830693326, 37.656031696416875 ], [ 126.979784728991817, 37.656422576839297 ], [ 126.979953663809937, 37.656583308376263 ], [ 126.981286317204166, 37.657420655896978 ], [ 126.98169366900143, 37.657533986447149 ], [ 126.983069997836097, 37.658107865773033 ], [ 126.984996174339614, 37.659302670728202 ], [ 126.986177227084397, 37.660664327308766 ], [ 126.986410335225386, 37.660976302317124 ], [ 126.986640456259636, 37.661414450433398 ], [ 126.988018962727708, 37.663338026950612 ], [ 126.989368554671387, 37.66380243007044 ], [ 126.989841953398184, 37.663902498417734 ], [ 126.992431366477646, 37.66483077523538 ], [ 126.992844615075697, 37.665024085927058 ], [ 126.994155615844093, 37.666276934134856 ], [ 126.994256963953916, 37.666483548479512 ], [ 126.993551499397753, 37.67324099570699 ], [ 126.992957393370219, 37.677611663189971 ], [ 126.992757039489646, 37.678410733284423 ], [ 126.992571656366977, 37.678781738170969 ], [ 126.991736327664285, 37.679465432496258 ], [ 126.993071614380895, 37.679886887431969 ], [ 126.993799204460302, 37.680249417999036 ], [ 126.997136866848436, 37.683057332886911 ], [ 126.997741238201669, 37.683654146066438 ], [ 126.997986060381592, 37.68382418780206 ], [ 127.003638255486862, 37.685099834442553 ], [ 127.004190662460658, 37.68517313790673 ], [ 127.005861829838835, 37.685215078598432 ], [ 127.008292471140322, 37.68467769374363 ] ] ] } },
{ "type": "Feature", "properties": { "adm_nm": "서울특별시 강북구 인수동", "ADM_CD": "1130566000", "sggnm": "강북구" }, "geometry": { "type": "Polygon", "coordinates": [ [ [ 127.015924457607113, 37.644306990299604 ], [ 127.016914807100207, 37.640813958300647 ], [ 127.017181607081852, 37.63725915814409 ], [ 127.019516211863007, 37.635543727011331 ], [ 127.020598051369959, 37.635945903492569 ], [ 127.021783212549536, 37.63626279060388 ], [ 127.022563800942649, 37.63626933197726 ], [ 127.023582877861827, 37.636089803850382 ], [ 127.023254858382657, 37.63465084213415 ], [ 127.020726360389475, 37.634490753298671 ], [ 127.013149575102048, 37.633754218699082 ], [ 127.012031969831327, 37.63362363079019 ], [ 127.010919802098826, 37.633416224807817 ], [ 127.008125181581846, 37.633013652065948 ], [ 127.002597880768747, 37.632282929667461 ], [ 127.000365715364126, 37.632101117496916 ], [ 126.993194309137095, 37.632027717592401 ], [ 126.991824956426782, 37.632308110442168 ], [ 126.986055959154669, 37.635195450555173 ], [ 126.985603619774878, 37.635444734965233 ], [ 126.984625388282126, 37.636564870560257 ], [ 126.986367470301744, 37.640650913597398 ], [ 126.989264625931341, 37.639455813570095 ], [ 126.991513160903949, 37.638720797038069 ], [ 126.994863226656491, 37.638712654667827 ], [ 126.996508638008478, 37.638847001883896 ], [ 126.996956212220951, 37.638972844873422 ], [ 127.000562398362916, 37.640707465207882 ], [ 127.001876394461377, 37.642104458341002 ], [ 127.003201167942166, 37.643379801673703 ], [ 127.004573287023533, 37.644360141312326 ], [ 127.00627008591475, 37.644780742614635 ], [ 127.007343446946678, 37.644986903762124 ], [ 127.010660938337779, 37.64503156368945 ], [ 127.015924457607113, 37.644306990299604 ] ] ] } },
{ "type": "Feature", "properties": { "adm_nm": "서울특별시 도봉구 쌍문1동", "ADM_CD": "1132066000", "sggnm": "도봉구" }, "geometry": { "type": "Polygon", "coordinates": [ [ [ 127.016335300537079, 37.661576002104368 ], [ 127.017194298773632, 37.660020213620506 ], [ 127.018462670569022, 37.657501662504451 ], [ 127.018925938519175, 37.656864731941816 ], [ 127.02055872016102, 37.654847843412938 ], [ 127.020920642100421, 37.654537265372248 ], [ 127.02203655442004, 37.654213931493302 ], [ 127.02217388612371, 37.654233641221374 ], [ 127.02248094306232, 37.65441402492997 ], [ 127.024592066283091, 37.654246791575076 ], [ 127.027618557943214, 37.653531122555783 ], [ 127.02805043944214, 37.653135136978761 ], [ 127.028672942789314, 37.65071188836658 ], [ 127.025151695596435, 37.646601117481239 ], [ 127.024780589175833, 37.647235159840697 ], [ 127.024617275767014, 37.647402375718137 ], [ 127.021313526582389, 37.648964101000374 ], [ 127.020557492338341, 37.649084964468969 ], [ 127.020231693414715, 37.649067866552386 ], [ 127.018926661087136, 37.648735254363721 ], [ 127.018204068072677, 37.648614568472709 ], [ 127.017626546486284, 37.64862910846611 ], [ 127.016998902895807, 37.648726813980439 ], [ 127.015618412969701, 37.649103107364709 ], [ 127.013244705121693, 37.650439857311838 ], [ 127.01269281873698, 37.651631684831692 ], [ 127.01255521304202, 37.65222300501987 ], [ 127.012562940845797, 37.652749930335212 ], [ 127.013790297267533, 37.658480723982983 ], [ 127.01462794718195, 37.660892844434535 ], [ 127.01516244691507, 37.661591467122584 ], [ 127.015846962798705, 37.661444063351503 ], [ 127.016335300537079, 37.661576002104368 ] ] ] } },
{ "type": "Feature", "properties": { "adm_nm": "서울특별시 도봉구 쌍문2동", "ADM_CD": "1132067000", "sggnm": "도봉구" }, "geometry": { "type": "Polygon", "coordinates": [ [ [ 127.042221666994237, 37.66170859913057 ], [ 127.04205863260681, 37.661141251267864 ], [ 127.041729693889934, 37.660369493057935 ], [ 127.036331426395009, 37.651373190770521 ], [ 127.033294808788554, 37.651143774397937 ], [ 127.03294687801241, 37.65261044348204 ], [ 127.033050196465595, 37.653195593965975 ], [ 127.033550091563569, 37.653816114083035 ], [ 127.033838576840381, 37.65402456160561 ], [ 127.034382318967744, 37.656702547236044 ], [ 127.034177402565618, 37.659525494073073 ], [ 127.033785098163719, 37.66008244714331 ], [ 127.034910371763729, 37.660324644229981 ], [ 127.037754276182184, 37.661750889413327 ], [ 127.042221666994237, 37.66170859913057 ] ] ] } },
{ "type": "Feature", "properties": { "adm_nm": "서울특별시 도봉구 쌍문3동", "ADM_CD": "1132068000", "sggnm": "도봉구" }, "geometry": { "type": "Polygon", "coordinates": [ [ [ 127.033467577709501, 37.646504824137779 ], [ 127.030984628328326, 37.642993835401299 ], [ 127.030833047880506, 37.642856378182749 ], [ 127.029765622736093, 37.643612608938113 ], [ 127.027914391017148, 37.644748191749805 ], [ 127.027265589046834, 37.645118909311073 ], [ 127.026595432745538, 37.645381196924475 ], [ 127.02566106582222, 37.645862822477248 ], [ 127.025151695596435, 37.646601117481239 ], [ 127.028672942789314, 37.65071188836658 ], [ 127.033294808788554, 37.651143774397937 ], [ 127.036331426395009, 37.651373190770521 ], [ 127.033467577709501, 37.646504824137779 ] ] ] } },
{ "type": "Feature", "properties": { "adm_nm": "서울특별시 도봉구 쌍문4동", "ADM_CD": "1132068100", "sggnm": "도봉구" }, "geometry": { "type": "Polygon", "coordinates": [ [ [ 127.033294808788554, 37.651143774397937 ], [ 127.028672942789314, 37.65071188836658 ], [ 127.02805043944214, 37.653135136978761 ], [ 127.027618557943214, 37.653531122555783 ], [ 127.026947783900809, 37.653719968322775 ], [ 127.025465040675243, 37.654017086066382 ], [ 127.026072158812624, 37.656709909858421 ], [ 127.027772996680497, 37.658809105543632 ], [ 127.028174839091534, 37.659005577579677 ], [ 127.029989198165495, 37.659622348385909 ], [ 127.03277727397122, 37.659776512454478 ], [ 127.033785098163719, 37.66008244714331 ], [ 127.034177402565618, 37.659525494073073 ], [ 127.034382318967744, 37.656702547236044 ], [ 127.033838576840381, 37.65402456160561 ], [ 127.033550091563569, 37.653816114083035 ], [ 127.033050196465595, 37.653195593965975 ], [ 127.03294687801241, 37.65261044348204 ], [ 127.033294808788554, 37.651143774397937 ] ] ] } },
{ "type": "Feature", "properties": { "adm_nm": "서울특별시 도봉구 방학1동", "ADM_CD": "1132069000", "sggnm": "도봉구" }, "geometry": { "type": "Polygon", "coordinates": [ [ [ 127.0436473744994, 37.669815960562993 ], [ 127.048823055647787, 37.669093427654836 ], [ 127.0490133991119, 37.668069209370422 ], [ 127.049287775318035, 37.66737252929412 ], [ 127.049665776318065, 37.666623612569232 ], [ 127.050847255958772, 37.664953889235349 ], [ 127.051047966830836, 37.664573839582744 ], [ 127.051266295493122, 37.663975282972856 ], [ 127.051324931675438, 37.663652152269435 ], [ 127.051551245118162, 37.660657210438465 ], [ 127.044584341594245, 37.662034338616117 ], [ 127.042221666994237, 37.66170859913057 ], [ 127.037754276182184, 37.661750889413327 ], [ 127.034910371763729, 37.660324644229981 ], [ 127.03468187750353, 37.6630858000551 ], [ 127.034719535437091, 37.663524727042812 ], [ 127.034805164010578, 37.663769551634083 ], [ 127.035147288670004, 37.66424860744204 ], [ 127.035390659569316, 37.664439161906813 ], [ 127.039041566973651, 37.666950991146763 ], [ 127.039093953112783, 37.66704060816182 ], [ 127.039603465808995, 37.669963640344868 ], [ 127.0436473744994, 37.669815960562993 ] ] ] } },
{ "type": "Feature", "properties": { "adm_nm": "서울특별시 도봉구 방학2동", "ADM_CD": "1132070000", "sggnm": "도봉구" }, "geometry": { "type": "Polygon", "coordinates": [ [ [ 127.039744868700438, 37.670803558712677 ], [ 127.039093953112783, 37.66704060816182 ], [ 127.039041566973651, 37.666950991146763 ], [ 127.035147288670004, 37.66424860744204 ], [ 127.034935554490971, 37.663996525970205 ], [ 127.034719535437091, 37.663524727042812 ], [ 127.03468187750353, 37.6630858000551 ], [ 127.03472568158243, 37.662540042872045 ], [ 127.031472370836553, 37.662169047225419 ], [ 127.030813259931108, 37.662669168956747 ], [ 127.030479750220223, 37.663415538975038 ], [ 127.030584708838774, 37.663627770186146 ], [ 127.030929026837285, 37.663977280156708 ], [ 127.030645589284006, 37.665213233209499 ], [ 127.030521127110347, 37.665515712165799 ], [ 127.027890011210857, 37.668119739359092 ], [ 127.027157830617796, 37.668640142912494 ], [ 127.025439219658608, 37.669427540274931 ], [ 127.022797335423036, 37.671622892562723 ], [ 127.022892289776848, 37.671957896354677 ], [ 127.030474276946805, 37.674631480416174 ], [ 127.031217986553699, 37.674933005062819 ], [ 127.031281321270697, 37.674669594578766 ], [ 127.031506004173693, 37.674439543431824 ], [ 127.036854199592497, 37.671579781937879 ], [ 127.037202299580741, 37.671445948402678 ], [ 127.037575631596695, 37.671357279409392 ], [ 127.038104394739548, 37.671919304393128 ], [ 127.038294365679121, 37.672027081480948 ], [ 127.038814020848662, 37.672114741194342 ], [ 127.039270507181328, 37.672103005263878 ], [ 127.039763263122467, 37.671842415883688 ], [ 127.039809211144572, 37.671746828544904 ], [ 127.039744868700438, 37.670803558712677 ] ] ] } },
{ "type": "Feature", "properties": { "adm_nm": "서울특별시 도봉구 방학3동", "ADM_CD": "1132071000", "sggnm": "도봉구" }, "geometry": { "type": "Polygon", "coordinates": [ [ [ 127.025439219658608, 37.669427540274931 ], [ 127.027157830617796, 37.668640142912494 ], [ 127.027890011210857, 37.668119739359092 ], [ 127.030521127110347, 37.665515712165799 ], [ 127.030645589284006, 37.665213233209499 ], [ 127.030929026837285, 37.663977280156708 ], [ 127.030584708838774, 37.663627770186146 ], [ 127.030479750220223, 37.663415538975038 ], [ 127.030813259931108, 37.662669168956747 ], [ 127.031472370836553, 37.662169047225419 ], [ 127.03472568158243, 37.662540042872045 ], [ 127.034910371763729, 37.660324644229981 ], [ 127.033785098163719, 37.66008244714331 ], [ 127.03277727397122, 37.659776512454478 ], [ 127.029989198165495, 37.659622348385909 ], [ 127.028174839091534, 37.659005577579677 ], [ 127.027772996680497, 37.658809105543632 ], [ 127.026072158812624, 37.656709909858421 ], [ 127.025465040675243, 37.654017086066382 ], [ 127.024592066283091, 37.654246791575076 ], [ 127.02248094306232, 37.65441402492997 ], [ 127.02217388612371, 37.654233641221374 ], [ 127.021873405153343, 37.654242563722867 ], [ 127.020920642100421, 37.654537265372248 ], [ 127.02055872016102, 37.654847843412938 ], [ 127.018925938519175, 37.656864731941816 ], [ 127.018462670569022, 37.657501662504451 ], [ 127.017194298773632, 37.660020213620506 ], [ 127.016335300537079, 37.661576002104368 ], [ 127.015449894002373, 37.663481113296754 ], [ 127.015406943801352, 37.665838878624001 ], [ 127.015445213760415, 37.666164642397874 ], [ 127.015657891982713, 37.666698429020755 ], [ 127.015827601467223, 37.666863619036434 ], [ 127.016925721895021, 37.667896767708463 ], [ 127.017630512110827, 37.668278211918185 ], [ 127.018160916171212, 37.668777239558835 ], [ 127.018439675680185, 37.669398044205437 ], [ 127.018516132355145, 37.669958309192594 ], [ 127.018440295466206, 37.670078452760571 ], [ 127.018444667435276, 37.670160816346765 ], [ 127.018624083387621, 37.670800368100622 ], [ 127.018769542834946, 37.670993621474835 ], [ 127.019222461795636, 37.671199381487583 ], [ 127.021563412186964, 37.67119533103488 ], [ 127.022797853593559, 37.669549829761863 ], [ 127.025439219658608, 37.669427540274931 ] ] ] } },
{ "type": "Feature", "properties": { "adm_nm": "서울특별시 도봉구 창1동", "ADM_CD": "1132051100", "sggnm": "도봉구" }, "geometry": { "type": "Polygon", "coordinates": [ [ [ 127.048297357389075, 37.65166186810611 ], [ 127.051247515432323, 37.645195877529311 ], [ 127.05059673257108, 37.645147206723301 ], [ 127.047996337046101, 37.641696416248998 ], [ 127.046354775685117, 37.639156229310544 ], [ 127.04519412538761, 37.639550602869882 ], [ 127.045019126014125, 37.639670482083851 ], [ 127.04427196024308, 37.642617667756291 ], [ 127.043652123347655, 37.643918389341572 ], [ 127.039980662669038, 37.646373910908579 ], [ 127.033467577709501, 37.646504824137779 ], [ 127.036331426395009, 37.651373190770521 ], [ 127.0415960269262, 37.651693559192623 ], [ 127.045163121983421, 37.65114167894356 ], [ 127.04574634766324, 37.65112364613308 ], [ 127.04612232978242, 37.65116227344128 ], [ 127.048297357389075, 37.65166186810611 ] ] ] } },
{ "type": "Feature", "properties": { "adm_nm": "서울특별시 도봉구 창2동", "ADM_CD": "1132051200", "sggnm": "도봉구" }, "geometry": { "type": "Polygon", "coordinates": [ [ [ 127.043652123347655, 37.643918389341572 ], [ 127.042256187148496, 37.643043190830774 ], [ 127.036439858436523, 37.636886881830335 ], [ 127.035530183137425, 37.637122541814691 ], [ 127.03496339832212, 37.637376802910239 ], [ 127.034685729002845, 37.637601042621583 ], [ 127.034501390328074, 37.637851563407644 ], [ 127.033577464630397, 37.640034785097114 ], [ 127.033149929043603, 37.640942318276743 ], [ 127.032935428963313, 37.641288739255998 ], [ 127.032670615626671, 37.64163107035845 ], [ 127.032286867250789, 37.64193600430562 ], [ 127.031788751146294, 37.642288930019717 ], [ 127.030833047880506, 37.642856378182749 ], [ 127.030984628328326, 37.642993835401299 ], [ 127.033467577709501, 37.646504824137779 ], [ 127.039980662669038, 37.646373910908579 ], [ 127.043652123347655, 37.643918389341572 ] ] ] } },
{ "type": "Feature", "properties": { "adm_nm": "서울특별시 도봉구 창3동", "ADM_CD": "1132051300", "sggnm": "도봉구" }, "geometry": { "type": "Polygon", "coordinates": [ [ [ 127.046354775685117, 37.639156229310544 ], [ 127.045295961948568, 37.637486930965878 ], [ 127.045014265695201, 37.636867301505873 ], [ 127.044917950728546, 37.635923819014081 ], [ 127.043935823328923, 37.633436924142899 ], [ 127.04352858470871, 37.633079320421949 ], [ 127.042903297508033, 37.63269611996791 ], [ 127.041481211273776, 37.631278861729868 ], [ 127.038479308421373, 37.633913668911646 ], [ 127.036439858436523, 37.636886881830335 ], [ 127.042256187148496, 37.643043190830774 ], [ 127.043652123347655, 37.643918389341572 ], [ 127.04427196024308, 37.642617667756291 ], [ 127.045019126014125, 37.639670482083851 ], [ 127.04519412538761, 37.639550602869882 ], [ 127.046354775685117, 37.639156229310544 ] ] ] } },
{ "type": "Feature", "properties": { "adm_nm": "서울특별시 도봉구 창4동", "ADM_CD": "1132051400", "sggnm": "도봉구" }, "geometry": { "type": "Polygon", "coordinates": [ [ [ 127.051551245118162, 37.660657210438465 ], [ 127.052435024308693, 37.658161607043574 ], [ 127.054181744350757, 37.654481560022823 ], [ 127.054237964692618, 37.651948088404289 ], [ 127.054361232522183, 37.650408395318756 ], [ 127.054533579645835, 37.64966769680229 ], [ 127.055211778361027, 37.648334023868962 ], [ 127.055892536012692, 37.645970578436383 ], [ 127.055732127378491, 37.645306364789249 ], [ 127.054936722993546, 37.640761750913406 ], [ 127.05437139611449, 37.640643569626953 ], [ 127.054130357519981, 37.640673079091471 ], [ 127.054009524962524, 37.640740222733044 ], [ 127.053375368889789, 37.641234686353002 ], [ 127.052617871079605, 37.642093720689402 ], [ 127.052332899384723, 37.642596262208293 ], [ 127.051247515432323, 37.645195877529311 ], [ 127.047286108410603, 37.653898922219867 ], [ 127.045593928346094, 37.657997998445317 ], [ 127.045292970831667, 37.658430606267444 ], [ 127.044584341594245, 37.662034338616117 ], [ 127.051551245118162, 37.660657210438465 ] ] ] } },
{ "type": "Feature", "properties": { "adm_nm": "서울특별시 도봉구 창5동", "ADM_CD": "1132051500", "sggnm": "도봉구" }, "geometry": { "type": "Polygon", "coordinates": [ [ [ 127.048297357389075, 37.65166186810611 ], [ 127.04612232978242, 37.65116227344128 ], [ 127.04574634766324, 37.65112364613308 ], [ 127.045163121983421, 37.65114167894356 ], [ 127.0415960269262, 37.651693559192623 ], [ 127.036331426395009, 37.651373190770521 ], [ 127.041729693889934, 37.660369493057935 ], [ 127.04205863260681, 37.661141251267864 ], [ 127.042221666994237, 37.66170859913057 ], [ 127.044584341594245, 37.662034338616117 ], [ 127.045292970831667, 37.658430606267444 ], [ 127.045593928346094, 37.657997998445317 ], [ 127.047286108410603, 37.653898922219867 ], [ 127.048297357389075, 37.65166186810611 ] ] ] } },
{ "type": "Feature", "properties": { "adm_nm": "서울특별시 도봉구 도봉1동", "ADM_CD": "1132052100", "sggnm": "도봉구" }, "geometry": { "type": "Polygon", "coordinates": [ [ [ 127.045085365514836, 37.69244158977186 ], [ 127.045378152082961, 37.690641185334862 ], [ 127.045776506837754, 37.687684103065067 ], [ 127.046052453366002, 37.684976666167707 ], [ 127.045882921895114, 37.682788030857274 ], [ 127.045581831806132, 37.680785914929182 ], [ 127.044334510850362, 37.673446582992341 ], [ 127.0436473744994, 37.669815960562993 ], [ 127.039603465808995, 37.669963640344868 ], [ 127.039744868700438, 37.670803558712677 ], [ 127.039809211144572, 37.671746828544904 ], [ 127.039763263122467, 37.671842415883688 ], [ 127.039270507181328, 37.672103005263878 ], [ 127.038814020848662, 37.672114741194342 ], [ 127.038294365679121, 37.672027081480948 ], [ 127.038104394739548, 37.671919304393128 ], [ 127.037575631596695, 37.671357279409392 ], [ 127.037202299580741, 37.671445948402678 ], [ 127.036854199592497, 37.671579781937879 ], [ 127.031506004173693, 37.674439543431824 ], [ 127.031281321270697, 37.674669594578766 ], [ 127.031217986553699, 37.674933005062819 ], [ 127.030474276946805, 37.674631480416174 ], [ 127.022892289776848, 37.671957896354677 ], [ 127.022797335423036, 37.671622892562723 ], [ 127.025439219658608, 37.669427540274931 ], [ 127.022797853593559, 37.669549829761863 ], [ 127.021563412186964, 37.67119533103488 ], [ 127.019222461795636, 37.671199381487583 ], [ 127.018769542834946, 37.670993621474835 ], [ 127.018624083387621, 37.670800368100622 ], [ 127.018440295466206, 37.670078452760571 ], [ 127.017385610004126, 37.671742725283231 ], [ 127.016631857923713, 37.672666992193705 ], [ 127.014821135445743, 37.674243080336694 ], [ 127.01458299676618, 37.674400401355278 ], [ 127.013867205119837, 37.675372017984174 ], [ 127.013415528080571, 37.676449607939347 ], [ 127.013215257062157, 37.677238293639874 ], [ 127.012774410386015, 37.67806812249259 ], [ 127.011981059618336, 37.679294032442996 ], [ 127.010364841028832, 37.679538579467824 ], [ 127.008406179073575, 37.681299292724397 ], [ 127.008292471140322, 37.68467769374363 ], [ 127.008625038130859, 37.684869471420576 ], [ 127.008723321499431, 37.685014093674859 ], [ 127.008807717142261, 37.685329910675144 ], [ 127.008972677861593, 37.686971937097333 ], [ 127.008686019000208, 37.688304918120956 ], [ 127.008550080911306, 37.688494757520544 ], [ 127.008190640276069, 37.688830090310418 ], [ 127.008086200424614, 37.689026246333171 ], [ 127.008055161017651, 37.690548634828936 ], [ 127.008837236745265, 37.694611470455406 ], [ 127.009208156953292, 37.695234931425254 ], [ 127.010745065433539, 37.697053907313489 ], [ 127.011948313245966, 37.698244347313334 ], [ 127.014489087410837, 37.69826835600022 ], [ 127.014938900790412, 37.698545112265712 ], [ 127.01584584752527, 37.701025238863842 ], [ 127.019567706609408, 37.701079899670617 ], [ 127.019886033370909, 37.700751080410406 ], [ 127.020283221654324, 37.700507085127171 ], [ 127.022089845318916, 37.699604079920086 ], [ 127.024897044992926, 37.69943741173222 ], [ 127.025649276754194, 37.699657885648101 ], [ 127.026776526156581, 37.700220675136229 ], [ 127.026887323375888, 37.700300549289032 ], [ 127.02706730755736, 37.700651662628509 ], [ 127.027151956097143, 37.700718475057158 ], [ 127.028028377013641, 37.700589039529184 ], [ 127.028890596247294, 37.699535157368715 ], [ 127.029300866917751, 37.698818509162138 ], [ 127.029696546930197, 37.697569562154712 ], [ 127.029729401638718, 37.696186085890922 ], [ 127.030067210065809, 37.695232023892018 ], [ 127.031144350707635, 37.692939048606803 ], [ 127.032468338412897, 37.691712255367328 ], [ 127.032821496725035, 37.691719358615622 ], [ 127.034159522770508, 37.691894189289187 ], [ 127.035894842508796, 37.692243533337894 ], [ 127.038432944820272, 37.69327393913332 ], [ 127.03885234140273, 37.693631920635504 ], [ 127.039053581650535, 37.693876066421979 ], [ 127.039693131170338, 37.694089250419417 ], [ 127.04042950610274, 37.694819892061574 ], [ 127.040796778963752, 37.694918269852806 ], [ 127.041576725126859, 37.695359575959856 ], [ 127.043013257899233, 37.695208545841723 ], [ 127.04312276342398, 37.695154890397866 ], [ 127.043190141468202, 37.695034598611052 ], [ 127.04320657311824, 37.694667370477084 ], [ 127.045085365514836, 37.69244158977186 ] ] ] } },
{ "type": "Feature", "properties": { "adm_nm": "서울특별시 도봉구 도봉2동", "ADM_CD": "1132052200", "sggnm": "도봉구" }, "geometry": { "type": "Polygon", "coordinates": [ [ [ 127.050776586122979, 37.687021624314461 ], [ 127.051182048064703, 37.686316749929659 ], [ 127.051915908328127, 37.684811480933774 ], [ 127.052021174352376, 37.68387038339776 ], [ 127.052006428317057, 37.68366335462887 ], [ 127.05186089640037, 37.682468393110376 ], [ 127.051492273394373, 37.682003932625214 ], [ 127.050939913778507, 37.680154100336601 ], [ 127.049135363852727, 37.673120201929244 ], [ 127.048972944946115, 37.671852081226895 ], [ 127.048823055647787, 37.669093427654836 ], [ 127.0436473744994, 37.669815960562993 ], [ 127.044334510850362, 37.673446582992341 ], [ 127.045581831806132, 37.680785914929182 ], [ 127.045882921895114, 37.682788030857274 ], [ 127.046052453366002, 37.684976666167707 ], [ 127.045776506837754, 37.687684103065067 ], [ 127.045378152082961, 37.690641185334862 ], [ 127.045085365514836, 37.69244158977186 ], [ 127.048204861781144, 37.693913737164671 ], [ 127.049119616798976, 37.693521779836047 ], [ 127.049370725668709, 37.692912088630251 ], [ 127.050095130845833, 37.690348316760719 ], [ 127.050121553560885, 37.689845925820869 ], [ 127.050017712903696, 37.689198824950068 ], [ 127.050004015223891, 37.688768387297557 ], [ 127.050051982598532, 37.688219885247221 ], [ 127.050141908501331, 37.68788448260014 ], [ 127.050446174934748, 37.687388784245918 ], [ 127.050776586122979, 37.687021624314461 ] ] ] } },
{ "type": "Feature", "properties": { "adm_nm": "서울특별시 노원구 월계1동", "ADM_CD": "1135056000", "sggnm": "노원구" }, "geometry": { "type": "Polygon", "coordinates": [ [ [ 127.068006973907714, 37.615568234102611 ], [ 127.068011978624142, 37.615437619067542 ], [ 127.06774837079908, 37.615221458271755 ], [ 127.065943723815181, 37.614281944675994 ], [ 127.06486632553198, 37.614222038623303 ], [ 127.0628925772738, 37.614343915584008 ], [ 127.062421979586048, 37.614285837610005 ], [ 127.062014262034822, 37.614375585975758 ], [ 127.061515709098174, 37.614617096961638 ], [ 127.060911108332974, 37.6149472188266 ], [ 127.060605996273196, 37.615651383411418 ], [ 127.056909093675017, 37.618115240615253 ], [ 127.053844716116942, 37.620478773023621 ], [ 127.052722110056948, 37.621525405722259 ], [ 127.049986249782734, 37.624430946272589 ], [ 127.059042801711669, 37.630199955219503 ], [ 127.059312610260207, 37.629370603821123 ], [ 127.0599118324496, 37.627930696124416 ], [ 127.060737644218804, 37.626285411935989 ], [ 127.062057291219929, 37.623403818462592 ], [ 127.062406357703864, 37.623356657403306 ], [ 127.065082359691687, 37.617234895558326 ], [ 127.06512997331086, 37.616968327864235 ], [ 127.065959546375083, 37.615093211085707 ], [ 127.068006973907714, 37.615568234102611 ] ] ] } },
{ "type": "Feature", "properties": { "adm_nm": "서울특별시 노원구 월계2동", "ADM_CD": "1135057000", "sggnm": "노원구" }, "geometry": { "type": "Polygon", "coordinates": [ [ [ 127.054936722993546, 37.640761750913406 ], [ 127.058878455457005, 37.637632010196377 ], [ 127.059587580158805, 37.636547419420999 ], [ 127.058619539014018, 37.636271173914629 ], [ 127.058816763042884, 37.631771949014201 ], [ 127.058927800175212, 37.630722303381631 ], [ 127.059042801711669, 37.630199955219503 ], [ 127.049986249782734, 37.624430946272589 ], [ 127.04824313840281, 37.626467509410261 ], [ 127.046164923828698, 37.628090436819413 ], [ 127.042893143249557, 37.630435900571968 ], [ 127.041481211273776, 37.631278861729868 ], [ 127.042903297508033, 37.63269611996791 ], [ 127.04352858470871, 37.633079320421949 ], [ 127.043935823328923, 37.633436924142899 ], [ 127.044917950728546, 37.635923819014081 ], [ 127.045014265695201, 37.636867301505873 ], [ 127.045295961948568, 37.637486930965878 ], [ 127.047996337046101, 37.641696416248998 ], [ 127.05059673257108, 37.645147206723301 ], [ 127.051247515432323, 37.645195877529311 ], [ 127.052332899384723, 37.642596262208293 ], [ 127.052617871079605, 37.642093720689402 ], [ 127.053205055106119, 37.64140078901044 ], [ 127.053618130260674, 37.641035057400799 ], [ 127.054130357519981, 37.640673079091471 ], [ 127.05437139611449, 37.640643569626953 ], [ 127.054936722993546, 37.640761750913406 ] ] ] } },
{ "type": "Feature", "properties": { "adm_nm": "서울특별시 노원구 월계3동", "ADM_CD": "1135058000", "sggnm": "노원구" }, "geometry": { "type": "Polygon", "coordinates": [ [ [ 127.064392172683512, 37.630783164295835 ], [ 127.064690592665301, 37.629288041129008 ], [ 127.064940299460133, 37.628614083605463 ], [ 127.067157767525586, 37.626456768403365 ], [ 127.068258029869909, 37.625548191852388 ], [ 127.07004587887576, 37.623552616157546 ], [ 127.070831393984406, 37.621570271332594 ], [ 127.0711673369631, 37.618076540634803 ], [ 127.071187060849624, 37.616368568783749 ], [ 127.065959546375083, 37.615093211085707 ], [ 127.06512997331086, 37.616968327864235 ], [ 127.065082359691687, 37.617234895558326 ], [ 127.062406357703864, 37.623356657403306 ], [ 127.062057291219929, 37.623403818462592 ], [ 127.060737644218804, 37.626285411935989 ], [ 127.059943454295578, 37.627859763213515 ], [ 127.059158002071115, 37.629814427437644 ], [ 127.058927800175212, 37.630722303381631 ], [ 127.058816763042884, 37.631771949014201 ], [ 127.058619539014018, 37.636271173914629 ], [ 127.059587580158805, 37.636547419420999 ], [ 127.060278810275932, 37.635489797614142 ], [ 127.060875575763561, 37.63471348849469 ], [ 127.062891087797851, 37.632983640970615 ], [ 127.063862715796205, 37.632052097572341 ], [ 127.064015142610486, 37.631785639005571 ], [ 127.064392172683512, 37.630783164295835 ] ] ] } },
{ "type": "Feature", "properties": { "adm_nm": "서울특별시 노원구 공릉2동", "ADM_CD": "1135060000", "sggnm": "노원구" }, "geometry": { "type": "Polygon", "coordinates": [ [ [ 127.11115471503085, 37.642411591637241 ], [ 127.111343168146277, 37.642003229780585 ], [ 127.111952928205028, 37.640271212478744 ], [ 127.112384316647393, 37.63522852209713 ], [ 127.112037346379012, 37.632618053963029 ], [ 127.111417170281314, 37.631330475285345 ], [ 127.110983243738787, 37.630593313859002 ], [ 127.110842236154582, 37.630471179502955 ], [ 127.110416844516251, 37.630139659420138 ], [ 127.108617281986412, 37.629141101615893 ], [ 127.105488705448508, 37.627260398775888 ], [ 127.105369711172685, 37.627139509498804 ], [ 127.103529884565475, 37.623065973085239 ], [ 127.103507380003109, 37.622903655855012 ], [ 127.103657699107814, 37.622470389852474 ], [ 127.104065004355789, 37.621658295675239 ], [ 127.104238546301758, 37.621520296436529 ], [ 127.104963498831751, 37.621171202037715 ], [ 127.105296742984166, 37.62115471667483 ], [ 127.105658461131384, 37.621002271463247 ], [ 127.105710367142819, 37.620833432348107 ], [ 127.101507534022957, 37.619803061004433 ], [ 127.100499006210043, 37.618881407934758 ], [ 127.097041795792705, 37.6170499009935 ], [ 127.096148157749198, 37.617102219138886 ], [ 127.093046806929124, 37.618041355368078 ], [ 127.09243574761318, 37.618279228043775 ], [ 127.08954300367121, 37.6196436667868 ], [ 127.0857277524712, 37.620167842345843 ], [ 127.084150373433403, 37.619632688756219 ], [ 127.0824457661857, 37.619295492650664 ], [ 127.08163723273077, 37.619250941769764 ], [ 127.081032346928382, 37.619766111989051 ], [ 127.080321319299983, 37.619888475277811 ], [ 127.07954249220488, 37.620228211832888 ], [ 127.079062046251977, 37.620526195149871 ], [ 127.078511126823344, 37.621017686245757 ], [ 127.078314265712777, 37.621260372243576 ], [ 127.07814722651797, 37.621616931877746 ], [ 127.077907087437467, 37.622377706865677 ], [ 127.077536774960322, 37.624737896254139 ], [ 127.077350135111686, 37.625427880584503 ], [ 127.076833188978128, 37.626534677300143 ], [ 127.076149736981179, 37.627525953454146 ], [ 127.075628852723597, 37.628073899058798 ], [ 127.074005813988691, 37.62937274093585 ], [ 127.071732480166801, 37.630915943342124 ], [ 127.071303020608482, 37.631084554957127 ], [ 127.075309509252335, 37.630760826855699 ], [ 127.076647428354903, 37.634685509603692 ], [ 127.080747116815417, 37.636631267343532 ], [ 127.081584309857632, 37.637536705529904 ], [ 127.083057147568411, 37.640072436946198 ], [ 127.085972285191346, 37.640942352600334 ], [ 127.087933679275977, 37.640986395242571 ], [ 127.088319905583333, 37.640960703418671 ], [ 127.088720932249387, 37.640822394531867 ], [ 127.089257234298401, 37.640816376168665 ], [ 127.090558486056139, 37.641096934426528 ], [ 127.091030918974184, 37.641255207769717 ], [ 127.094133570707754, 37.642589737075291 ], [ 127.094618494338476, 37.643829618721959 ], [ 127.094452124995755, 37.645759079019868 ], [ 127.094933739775897, 37.645512870937978 ], [ 127.097814270297704, 37.645281572982917 ], [ 127.101390762027961, 37.645381591039111 ], [ 127.103955167592233, 37.645630303873496 ], [ 127.106567955729346, 37.64548959251487 ], [ 127.107423184321433, 37.645027260461404 ], [ 127.10802800922103, 37.644638824979516 ], [ 127.108216163380163, 37.644158354786889 ], [ 127.109068688943466, 37.643026622001457 ], [ 127.109590308735619, 37.642582186282368 ], [ 127.109748759424221, 37.642491448996722 ], [ 127.11115471503085, 37.642411591637241 ] ] ] } },
{ "type": "Feature", "properties": { "adm_nm": "서울특별시 노원구 하계1동", "ADM_CD": "1135061100", "sggnm": "노원구" }, "geometry": { "type": "Polygon", "coordinates": [ [ [ 127.076496802936063, 37.645996770949075 ], [ 127.078213520054618, 37.644351218959777 ], [ 127.079123663911219, 37.643886900137737 ], [ 127.079588966532867, 37.644165720743054 ], [ 127.079940294767823, 37.644177112256045 ], [ 127.080691608469053, 37.643862063180059 ], [ 127.080909341110797, 37.643680374390449 ], [ 127.083092866668963, 37.640507452065116 ], [ 127.083057147568411, 37.640072436946198 ], [ 127.081584309857632, 37.637536705529904 ], [ 127.080747116815417, 37.636631267343532 ], [ 127.076647428354903, 37.634685509603692 ], [ 127.075309509252335, 37.630760826855699 ], [ 127.071303020608482, 37.631084554957127 ], [ 127.070297440506067, 37.631403082840968 ], [ 127.069401123201359, 37.633293760955645 ], [ 127.068751100439783, 37.63421371239869 ], [ 127.066797436232832, 37.638683286216107 ], [ 127.069358006083831, 37.639391078081687 ], [ 127.071854539504244, 37.64309798522244 ], [ 127.070766426607889, 37.645305689734535 ], [ 127.074205942326742, 37.646286008779882 ], [ 127.074649671826677, 37.645402001654567 ], [ 127.076044299343039, 37.644463311634588 ], [ 127.076496802936063, 37.645996770949075 ] ] ] } },
{ "type": "Feature", "properties": { "adm_nm": "서울특별시 노원구 하계2동", "ADM_CD": "1135061200", "sggnm": "노원구" }, "geometry": { "type": "Polygon", "coordinates": [ [ [ 127.066797436232832, 37.638683286216107 ], [ 127.068751100439783, 37.63421371239869 ], [ 127.069401123201359, 37.633293760955645 ], [ 127.070297440506067, 37.631403082840968 ], [ 127.064392172683512, 37.630783164295835 ], [ 127.064015142610486, 37.631785639005571 ], [ 127.063862715796205, 37.632052097572341 ], [ 127.062891087797851, 37.632983640970615 ], [ 127.060875575763561, 37.63471348849469 ], [ 127.060278810275932, 37.635489797614142 ], [ 127.058878455457005, 37.637632010196377 ], [ 127.060128203735061, 37.639530642012652 ], [ 127.061355603633459, 37.637178075892464 ], [ 127.066797436232832, 37.638683286216107 ] ] ] } },
{ "type": "Feature", "properties": { "adm_nm": "서울특별시 노원구 중계본동", "ADM_CD": "1135061900", "sggnm": "노원구" }, "geometry": { "type": "Polygon", "coordinates": [ [ [ 127.094452124995755, 37.645759079019868 ], [ 127.094618494338476, 37.643829618721959 ], [ 127.094133570707754, 37.642589737075291 ], [ 127.091030918974184, 37.641255207769717 ], [ 127.090558486056139, 37.641096934426528 ], [ 127.089257234298401, 37.640816376168665 ], [ 127.088720932249387, 37.640822394531867 ], [ 127.088319905583333, 37.640960703418671 ], [ 127.087933679275977, 37.640986395242571 ], [ 127.085972285191346, 37.640942352600334 ], [ 127.083057147568411, 37.640072436946198 ], [ 127.083092866668963, 37.640507452065116 ], [ 127.080909341110797, 37.643680374390449 ], [ 127.080691608469053, 37.643862063180059 ], [ 127.079940294767823, 37.644177112256045 ], [ 127.079588966532867, 37.644165720743054 ], [ 127.079123663911219, 37.643886900137737 ], [ 127.078213520054618, 37.644351218959777 ], [ 127.076496802936063, 37.645996770949075 ], [ 127.076714684664864, 37.650172998883953 ], [ 127.078105621967566, 37.652842559677801 ], [ 127.078163454939826, 37.653077114117515 ], [ 127.078173541264107, 37.653433208025341 ], [ 127.086034433998421, 37.65591267225598 ], [ 127.086341404569495, 37.65550250517056 ], [ 127.086576433774255, 37.655412068751531 ], [ 127.089211281524825, 37.654950325066068 ], [ 127.090621605924539, 37.65489551337496 ], [ 127.092818084793777, 37.654903116436039 ], [ 127.093601887039199, 37.653317212385879 ], [ 127.092296180184917, 37.649922550817429 ], [ 127.092579281772956, 37.648811503169625 ], [ 127.093481217306973, 37.646987151408197 ], [ 127.093940347651355, 37.646330754681017 ], [ 127.094452124995755, 37.645759079019868 ] ] ] } },
{ "type": "Feature", "properties": { "adm_nm": "서울특별시 노원구 중계1동", "ADM_CD": "1135062100", "sggnm": "노원구" }, "geometry": { "type": "Polygon", "coordinates": [ [ [ 127.078173541264107, 37.653433208025341 ], [ 127.078163454939826, 37.653077114117515 ], [ 127.078105621967566, 37.652842559677801 ], [ 127.076714684664864, 37.650172998883953 ], [ 127.076496802936063, 37.645996770949075 ], [ 127.076044299343039, 37.644463311634588 ], [ 127.074649671826677, 37.645402001654567 ], [ 127.074205942326742, 37.646286008779882 ], [ 127.070766426607889, 37.645305689734535 ], [ 127.068599723407871, 37.650483957124997 ], [ 127.069675073114027, 37.651353581977723 ], [ 127.070602067364703, 37.652191282405575 ], [ 127.071398419750864, 37.653063995538425 ], [ 127.071914043638202, 37.654068419240971 ], [ 127.07212964068529, 37.655162257692879 ], [ 127.074216178577146, 37.654693225711327 ], [ 127.078173541264107, 37.653433208025341 ] ] ] } },
{ "type": "Feature", "properties": { "adm_nm": "서울특별시 노원구 중계4동", "ADM_CD": "1135062400", "sggnm": "노원구" }, "geometry": { "type": "Polygon", "coordinates": [ [ [ 127.093960316134783, 37.662570667849486 ], [ 127.092444955852386, 37.658092560431527 ], [ 127.088445166249343, 37.656622978558111 ], [ 127.086034433998421, 37.65591267225598 ], [ 127.078173541264107, 37.653433208025341 ], [ 127.074216178577146, 37.654693225711327 ], [ 127.07212964068529, 37.655162257692879 ], [ 127.071608198756607, 37.658358982109505 ], [ 127.074410532109027, 37.661493428155914 ], [ 127.075265064787786, 37.662267184379637 ], [ 127.075859740358695, 37.662590343835831 ], [ 127.07753098901415, 37.662410441871891 ], [ 127.077667297713475, 37.662365862317145 ], [ 127.078470893822995, 37.661861735524916 ], [ 127.078789421247194, 37.661799789805599 ], [ 127.083213284649943, 37.662443050052154 ], [ 127.088803665960455, 37.66372116080975 ], [ 127.090617063337319, 37.663335389244956 ], [ 127.09074932063011, 37.663125160950379 ], [ 127.093960316134783, 37.662570667849486 ] ] ] } },
{ "type": "Feature", "properties": { "adm_nm": "서울특별시 노원구 상계1동", "ADM_CD": "1135063000", "sggnm": "노원구" }, "geometry": { "type": "Polygon", "coordinates": [ [ [ 127.081111696331462, 37.696090674589485 ], [ 127.082861824108718, 37.695099363821065 ], [ 127.083488417743226, 37.694611479187856 ], [ 127.083766760347814, 37.694659781864239 ], [ 127.084289316747217, 37.694010392015066 ], [ 127.08513534546033, 37.691416433663314 ], [ 127.085139788791523, 37.690999583535088 ], [ 127.085016568517446, 37.690850430299491 ], [ 127.084925879446061, 37.690843350239717 ], [ 127.083638968693791, 37.690126761708257 ], [ 127.080114778117775, 37.688552709367343 ], [ 127.079176608646577, 37.688478385392003 ], [ 127.076953263332115, 37.686164147911654 ], [ 127.07596628253151, 37.684341039225266 ], [ 127.075204910235726, 37.682243828295775 ], [ 127.073842552372483, 37.677658897225328 ], [ 127.073804296426914, 37.677287078045431 ], [ 127.073624993451176, 37.67678844337712 ], [ 127.071321781620213, 37.674771246832613 ], [ 127.070534687002592, 37.674347009997206 ], [ 127.069053418267174, 37.673875198406542 ], [ 127.068770522284666, 37.673999192887798 ], [ 127.067705339521098, 37.674236400204002 ], [ 127.065393152118105, 37.673313049259477 ], [ 127.062708840863323, 37.672406300559167 ], [ 127.059812375827931, 37.672267086055648 ], [ 127.058261109146585, 37.671297986091602 ], [ 127.056237336759182, 37.670519758848734 ], [ 127.048932933555633, 37.671202992594878 ], [ 127.049135363852727, 37.673120201929244 ], [ 127.050939913778507, 37.680154100336601 ], [ 127.051492273394373, 37.682003932625214 ], [ 127.05186089640037, 37.682468393110376 ], [ 127.052006428317057, 37.68366335462887 ], [ 127.052021174352376, 37.68387038339776 ], [ 127.051915908328127, 37.684811480933774 ], [ 127.051182048064703, 37.686316749929659 ], [ 127.050776586122979, 37.687021624314461 ], [ 127.052936203107393, 37.688130580623593 ], [ 127.054629168891466, 37.68928505664033 ], [ 127.054822324241968, 37.689347752455866 ], [ 127.056826433174152, 37.689568241313815 ], [ 127.057552627971234, 37.689399715301022 ], [ 127.058849026147868, 37.688944893357359 ], [ 127.06038027346888, 37.688692605626706 ], [ 127.061796349038644, 37.688977288710959 ], [ 127.064511660375729, 37.689644160687884 ], [ 127.065111655534878, 37.689846952566079 ], [ 127.065347955994085, 37.690049496563937 ], [ 127.065635415145877, 37.690473054607999 ], [ 127.065660908340519, 37.690604075832276 ], [ 127.068812473455424, 37.694058490452264 ], [ 127.069392718522565, 37.694365936411728 ], [ 127.069944464606365, 37.694260799736945 ], [ 127.070430138425664, 37.694076787730246 ], [ 127.072627663956254, 37.694349538326875 ], [ 127.072915572664556, 37.694457614416585 ], [ 127.074464142280789, 37.695476966249387 ], [ 127.077341122587541, 37.696384380359262 ], [ 127.081111696331462, 37.696090674589485 ] ] ] } },
{ "type": "Feature", "properties": { "adm_nm": "서울특별시 노원구 상계2동", "ADM_CD": "1135064000", "sggnm": "노원구" }, "geometry": { "type": "Polygon", "coordinates": [ [ [ 127.071608198756607, 37.658358982109505 ], [ 127.07212964068529, 37.655162257692879 ], [ 127.071914043638202, 37.654068419240971 ], [ 127.071398419750864, 37.653063995538425 ], [ 127.070602067364703, 37.652191282405575 ], [ 127.069675073114027, 37.651353581977723 ], [ 127.068599723407871, 37.650483957124997 ], [ 127.067096064925764, 37.655625192818455 ], [ 127.067014793022011, 37.655752964501531 ], [ 127.060777049377251, 37.654362724612255 ], [ 127.060431598474864, 37.655706374704955 ], [ 127.061716103958588, 37.655973481766637 ], [ 127.061583800959397, 37.657397154972088 ], [ 127.062600836441547, 37.6589286946 ], [ 127.064660460971439, 37.659215727880252 ], [ 127.065212088788201, 37.659400282898659 ], [ 127.065721772452221, 37.661554098910415 ], [ 127.071608198756607, 37.658358982109505 ] ] ] } },
{ "type": "Feature", "properties": { "adm_nm": "서울특별시 노원구 상계5동", "ADM_CD": "1135067000", "sggnm": "노원구" }, "geometry": { "type": "Polygon", "coordinates": [ [ [ 127.070117918252379, 37.667952893058093 ], [ 127.070942083406052, 37.667353013810867 ], [ 127.070941440594183, 37.666479843525892 ], [ 127.070726162382996, 37.665594445212342 ], [ 127.070805423253901, 37.665241139974135 ], [ 127.071331243979387, 37.664501704091165 ], [ 127.072488654348163, 37.663775255411871 ], [ 127.073630065042195, 37.662771585791567 ], [ 127.074410532109027, 37.661493428155914 ], [ 127.071608198756607, 37.658358982109505 ], [ 127.065721772452221, 37.661554098910415 ], [ 127.066720434556203, 37.667840936224295 ], [ 127.068569503703557, 37.668056368566177 ], [ 127.069130036996569, 37.667990303686494 ], [ 127.069359479331695, 37.667837139612026 ], [ 127.070117918252379, 37.667952893058093 ] ] ] } },
{ "type": "Feature", "properties": { "adm_nm": "서울특별시 노원구 상계8동", "ADM_CD": "1135070000", "sggnm": "노원구" }, "geometry": { "type": "Polygon", "coordinates": [ [ [ 127.056237336759182, 37.670519758848734 ], [ 127.057680146816566, 37.664190944332169 ], [ 127.05802528532179, 37.663739416536089 ], [ 127.05870156450473, 37.661184409776752 ], [ 127.0514706872939, 37.661804970487964 ], [ 127.051324931675438, 37.663652152269435 ], [ 127.051266295493122, 37.663975282972856 ], [ 127.051047966830836, 37.664573839582744 ], [ 127.050608392124303, 37.665314639808734 ], [ 127.049665776318065, 37.666623612569232 ], [ 127.049287775318035, 37.66737252929412 ], [ 127.0490133991119, 37.668069209370422 ], [ 127.048823055647787, 37.669093427654836 ], [ 127.048932933555633, 37.671202992594878 ], [ 127.056237336759182, 37.670519758848734 ] ] ] } },
{ "type": "Feature", "properties": { "adm_nm": "서울특별시 노원구 상계9동", "ADM_CD": "1135071000", "sggnm": "노원구" }, "geometry": { "type": "Polygon", "coordinates": [ [ [ 127.070117918252379, 37.667952893058093 ], [ 127.069359479331695, 37.667837139612026 ], [ 127.069130036996569, 37.667990303686494 ], [ 127.068569503703557, 37.668056368566177 ], [ 127.066720434556203, 37.667840936224295 ], [ 127.065685086733112, 37.661396230157663 ], [ 127.062927248583762, 37.66138942358544 ], [ 127.063204669247824, 37.662779634014356 ], [ 127.063427443441782, 37.66479558941792 ], [ 127.062426987994002, 37.665126982257888 ], [ 127.061874569113684, 37.665192531732465 ], [ 127.061619579321246, 37.665171304286972 ], [ 127.058039084366641, 37.664582657819878 ], [ 127.05802528532179, 37.663739416536089 ], [ 127.057680146816566, 37.664190944332169 ], [ 127.056237336759182, 37.670519758848734 ], [ 127.058261109146585, 37.671297986091602 ], [ 127.059812375827931, 37.672267086055648 ], [ 127.062708840863323, 37.672406300559167 ], [ 127.065393152118105, 37.673313049259477 ], [ 127.066559712519989, 37.673798423459303 ], [ 127.066275718938243, 37.67047822343612 ], [ 127.070117918252379, 37.667952893058093 ] ] ] } },
{ "type": "Feature", "properties": { "adm_nm": "서울특별시 노원구 상계10동", "ADM_CD": "1135072000", "sggnm": "노원구" }, "geometry": { "type": "Polygon", "coordinates": [ [ [ 127.065685086733112, 37.661396230157663 ], [ 127.065212088788201, 37.659400282898659 ], [ 127.064660460971439, 37.659215727880252 ], [ 127.062600836441547, 37.6589286946 ], [ 127.061583800959397, 37.657397154972088 ], [ 127.061716103958588, 37.655973481766637 ], [ 127.06106452690625, 37.655813380234633 ], [ 127.054181744350757, 37.654481560022823 ], [ 127.052435024308693, 37.658161607043574 ], [ 127.051551245118162, 37.660657210438465 ], [ 127.0514706872939, 37.661804970487964 ], [ 127.05870156450473, 37.661184409776752 ], [ 127.05802528532179, 37.663739416536089 ], [ 127.058039084366641, 37.664582657819878 ], [ 127.061874569113684, 37.665192531732465 ], [ 127.062426987994002, 37.665126982257888 ], [ 127.063427443441782, 37.66479558941792 ], [ 127.063204669247824, 37.662779634014356 ], [ 127.062927248583762, 37.66138942358544 ], [ 127.065685086733112, 37.661396230157663 ] ] ] } },
{ "type": "Feature", "properties": { "adm_nm": "서울특별시 노원구 상계3·4동", "ADM_CD": "1135066500", "sggnm": "노원구" }, "geometry": { "type": "Polygon", "coordinates": [ [ [ 127.095923640596396, 37.68771674545949 ], [ 127.096321696390021, 37.685946990614752 ], [ 127.096285225072052, 37.68573840107765 ], [ 127.095855365911618, 37.684752254443325 ], [ 127.095632991780519, 37.684322232478905 ], [ 127.095398373239036, 37.684192987871214 ], [ 127.094673571486069, 37.684001219128987 ], [ 127.092811429092151, 37.681804565526235 ], [ 127.091827764444488, 37.679187298896515 ], [ 127.09192782452935, 37.678387711705511 ], [ 127.092040964390137, 37.677918283000132 ], [ 127.092270216818136, 37.677481892908297 ], [ 127.092464327705002, 37.677359793149002 ], [ 127.092789125499664, 37.67738356103537 ], [ 127.092981422847686, 37.67728496544887 ], [ 127.093610888717492, 37.676622402429238 ], [ 127.095561542881811, 37.67280745073942 ], [ 127.095738832029895, 37.672265004489617 ], [ 127.09572830788656, 37.670417231369676 ], [ 127.094409043370391, 37.664364743362569 ], [ 127.093960316134783, 37.662570667849486 ], [ 127.09074932063011, 37.663125160950379 ], [ 127.090617063337319, 37.663335389244956 ], [ 127.088803665960455, 37.66372116080975 ], [ 127.083213284649943, 37.662443050052154 ], [ 127.078789421247194, 37.661799789805599 ], [ 127.078470893822995, 37.661861735524916 ], [ 127.077667297713475, 37.662365862317145 ], [ 127.07753098901415, 37.662410441871891 ], [ 127.075859740358695, 37.662590343835831 ], [ 127.075265064787786, 37.662267184379637 ], [ 127.074410532109027, 37.661493428155914 ], [ 127.073630065042195, 37.662771585791567 ], [ 127.072488654348163, 37.663775255411871 ], [ 127.071331243979387, 37.664501704091165 ], [ 127.070805423253901, 37.665241139974135 ], [ 127.070726162382996, 37.665594445212342 ], [ 127.070941440594183, 37.666479843525892 ], [ 127.070942083406052, 37.667353013810867 ], [ 127.070117918252379, 37.667952893058093 ], [ 127.066275718938243, 37.67047822343612 ], [ 127.066559712519989, 37.673798423459303 ], [ 127.067705339521098, 37.674236400204002 ], [ 127.068770522284666, 37.673999192887798 ], [ 127.069053418267174, 37.673875198406542 ], [ 127.070534687002592, 37.674347009997206 ], [ 127.071321781620213, 37.674771246832613 ], [ 127.073624993451176, 37.67678844337712 ], [ 127.073804296426914, 37.677287078045431 ], [ 127.073842552372483, 37.677658897225328 ], [ 127.075204910235726, 37.682243828295775 ], [ 127.07596628253151, 37.684341039225266 ], [ 127.076953263332115, 37.686164147911654 ], [ 127.079176608646577, 37.688478385392003 ], [ 127.080114778117775, 37.688552709367343 ], [ 127.083638968693791, 37.690126761708257 ], [ 127.084925879446061, 37.690843350239717 ], [ 127.086236015804701, 37.690313915469318 ], [ 127.088991716136604, 37.689755713182386 ], [ 127.089407767840768, 37.689768429155471 ], [ 127.089925284264964, 37.689890783006383 ], [ 127.092835013477355, 37.689678912374539 ], [ 127.094951695269657, 37.689166809112514 ], [ 127.095791955267188, 37.688860985970543 ], [ 127.095923640596396, 37.68771674545949 ] ] ] } },
{ "type": "Feature", "properties": { "adm_nm": "서울특별시 노원구 상계6·7동", "ADM_CD": "1135069500", "sggnm": "노원구" }, "geometry": { "type": "Polygon", "coordinates": [ [ [ 127.068599723407871, 37.650483957124997 ], [ 127.066173820349931, 37.649507150998708 ], [ 127.065767772493132, 37.649275816100001 ], [ 127.061326615117764, 37.64510759985054 ], [ 127.06119180649921, 37.644900917504046 ], [ 127.061102604041082, 37.644649337787627 ], [ 127.060840785854396, 37.641467767063283 ], [ 127.060128203735061, 37.639530642012652 ], [ 127.058878455457005, 37.637632010196377 ], [ 127.054936722993546, 37.640761750913406 ], [ 127.055732127378491, 37.645306364789249 ], [ 127.055892536012692, 37.645970578436383 ], [ 127.055211778361027, 37.648334023868962 ], [ 127.054533579645835, 37.64966769680229 ], [ 127.054361232522183, 37.650408395318756 ], [ 127.054237964692618, 37.651948088404289 ], [ 127.054181744350757, 37.654481560022823 ], [ 127.060431598474864, 37.655706374704955 ], [ 127.060777049377251, 37.654362724612255 ], [ 127.067014793022011, 37.655752964501531 ], [ 127.067096064925764, 37.655625192818455 ], [ 127.068599723407871, 37.650483957124997 ] ] ] } },
{ "type": "Feature", "properties": { "adm_nm": "서울특별시 노원구 중계2·3동", "ADM_CD": "1135062500", "sggnm": "노원구" }, "geometry": { "type": "Polygon", "coordinates": [ [ [ 127.070766426607889, 37.645305689734535 ], [ 127.071854539504244, 37.64309798522244 ], [ 127.069358006083831, 37.639391078081687 ], [ 127.061355603633459, 37.637178075892464 ], [ 127.060128203735061, 37.639530642012652 ], [ 127.060840785854396, 37.641467767063283 ], [ 127.061102604041082, 37.644649337787627 ], [ 127.06119180649921, 37.644900917504046 ], [ 127.061491252126544, 37.645301999521024 ], [ 127.065767772493132, 37.649275816100001 ], [ 127.066173820349931, 37.649507150998708 ], [ 127.068599723407871, 37.650483957124997 ], [ 127.070766426607889, 37.645305689734535 ] ] ] } },
{ "type": "Feature", "properties": { "adm_nm": "서울특별시 노원구 공릉1동", "ADM_CD": "1135059500", "sggnm": "노원구" }, "geometry": { "type": "Polygon", "coordinates": [ [ [ 127.070297440506067, 37.631403082840968 ], [ 127.071732480166801, 37.630915943342124 ], [ 127.074005813988691, 37.62937274093585 ], [ 127.075628852723597, 37.628073899058798 ], [ 127.0761048153487, 37.627577619175739 ], [ 127.076833188978128, 37.626534677300143 ], [ 127.077350135111686, 37.625427880584503 ], [ 127.077536774960322, 37.624737896254139 ], [ 127.077907087437467, 37.622377706865677 ], [ 127.078057644130496, 37.621849885136676 ], [ 127.078314265712777, 37.621260372243576 ], [ 127.07861718065439, 37.620920071127152 ], [ 127.079305194269836, 37.620361440682423 ], [ 127.080321319299983, 37.619888475277811 ], [ 127.081032346928382, 37.619766111989051 ], [ 127.08163723273077, 37.619250941769764 ], [ 127.075849236173596, 37.617078307374292 ], [ 127.071403137148351, 37.615627975297905 ], [ 127.071187060849624, 37.616368568783749 ], [ 127.0711673369631, 37.618076540634803 ], [ 127.070831393984406, 37.621570271332594 ], [ 127.07004587887576, 37.623552616157546 ], [ 127.068258029869909, 37.625548191852388 ], [ 127.067157767525586, 37.626456768403365 ], [ 127.064940299460133, 37.628614083605463 ], [ 127.064690592665301, 37.629288041129008 ], [ 127.064392172683512, 37.630783164295835 ], [ 127.070297440506067, 37.631403082840968 ] ] ] } },
{ "type": "Feature", "properties": { "adm_nm": "서울특별시 은평구 녹번동", "ADM_CD": "1138051000", "sggnm": "은평구" }, "geometry": { "type": "Polygon", "coordinates": [ [ [ 126.94998323286886, 37.609705232797928 ], [ 126.950377046314628, 37.6078785962168 ], [ 126.950343187267492, 37.607846770858067 ], [ 126.949987506607769, 37.607702054898674 ], [ 126.949418809104799, 37.607694867500946 ], [ 126.949059950481583, 37.6080593618587 ], [ 126.948812716176391, 37.608072854150549 ], [ 126.948389246417065, 37.607980741596364 ], [ 126.94826663454738, 37.607994815187105 ], [ 126.947925888566829, 37.607727326515324 ], [ 126.947798056856797, 37.607682788141112 ], [ 126.947448007904882, 37.607716076580786 ], [ 126.947215413478332, 37.607798307120881 ], [ 126.946341545388336, 37.60710136001321 ], [ 126.945697716750971, 37.605824069014169 ], [ 126.944916495607757, 37.604819911907725 ], [ 126.942417278184379, 37.604823902072823 ], [ 126.940436626392852, 37.602860873769721 ], [ 126.940173858131857, 37.60183210010365 ], [ 126.941096873972128, 37.601112022766593 ], [ 126.941208155626256, 37.60090749482427 ], [ 126.941082584505367, 37.599895218801258 ], [ 126.940917385969783, 37.599078651202404 ], [ 126.9406775666979, 37.598670772407438 ], [ 126.940583242983678, 37.598599357412539 ], [ 126.939337170561004, 37.597839698545613 ], [ 126.938599500530103, 37.597585567923474 ], [ 126.935841280076758, 37.600719811009455 ], [ 126.935545762146461, 37.600842243917519 ], [ 126.928528471890147, 37.601481095606168 ], [ 126.927463325406961, 37.601617127980603 ], [ 126.926435399153675, 37.602419661189536 ], [ 126.922437095030915, 37.601583263598101 ], [ 126.920631121942151, 37.601733272704031 ], [ 126.922886127884965, 37.606320964480595 ], [ 126.923347101018024, 37.607067872226274 ], [ 126.92388635924614, 37.60747158451229 ], [ 126.927073503446152, 37.609135423231841 ], [ 126.928834454202871, 37.608411620863066 ], [ 126.929732544058382, 37.60838441727379 ], [ 126.930737867922559, 37.608503065019889 ], [ 126.931360870174316, 37.608799003651598 ], [ 126.931924546053594, 37.60916901385832 ], [ 126.932842051154935, 37.60947762870542 ], [ 126.940630530085045, 37.610817237589565 ], [ 126.941443209469952, 37.610851507116223 ], [ 126.942141102531622, 37.610611446845645 ], [ 126.942953822486771, 37.610164616573798 ], [ 126.94998323286886, 37.609705232797928 ] ] ] } },
{ "type": "Feature", "properties": { "adm_nm": "서울특별시 은평구 불광1동", "ADM_CD": "1138052000", "sggnm": "은평구" }, "geometry": { "type": "Polygon", "coordinates": [ [ [ 126.953178355652867, 37.625166763369798 ], [ 126.952171601725453, 37.62482296632809 ], [ 126.951716339673425, 37.624328550490226 ], [ 126.951240985741762, 37.622792885950638 ], [ 126.950331642608688, 37.618361960313514 ], [ 126.95039624404842, 37.616128068627198 ], [ 126.950692195655364, 37.614886725539854 ], [ 126.950936677827556, 37.61235961031376 ], [ 126.950846612350944, 37.611800361136716 ], [ 126.950633816385974, 37.610964460426167 ], [ 126.94998323286886, 37.609705232797928 ], [ 126.942953822486771, 37.610164616573798 ], [ 126.942141102531622, 37.610611446845645 ], [ 126.941443209469952, 37.610851507116223 ], [ 126.940630530085045, 37.610817237589565 ], [ 126.932842051154935, 37.60947762870542 ], [ 126.931924546053594, 37.60916901385832 ], [ 126.931360870174316, 37.608799003651598 ], [ 126.929893429343991, 37.610248575734204 ], [ 126.929790496515707, 37.610570245559416 ], [ 126.926575812518607, 37.614377665175212 ], [ 126.926321670135721, 37.614627867054438 ], [ 126.925727084776426, 37.615066441952422 ], [ 126.923937403170868, 37.61627677653059 ], [ 126.922547688368326, 37.617501435758072 ], [ 126.921331072409487, 37.618869953110874 ], [ 126.925984094405038, 37.62124861050021 ], [ 126.926416869446115, 37.621331835283698 ], [ 126.933545772452447, 37.621725680451441 ], [ 126.933870559632766, 37.621670905622992 ], [ 126.934846800710488, 37.62135223083547 ], [ 126.934778038424156, 37.620985733385531 ], [ 126.935009995346903, 37.620843757022257 ], [ 126.936892992265143, 37.620022401273708 ], [ 126.937535710641498, 37.620162920567147 ], [ 126.937962205390349, 37.620331691114451 ], [ 126.938326743965334, 37.620545250107369 ], [ 126.93881492278004, 37.620988101316762 ], [ 126.938885271476892, 37.62114616984401 ], [ 126.938902855737808, 37.622010410253651 ], [ 126.939346863870938, 37.6232439721595 ], [ 126.939655316165684, 37.623949606627676 ], [ 126.940905635829964, 37.625703054296281 ], [ 126.942890982718367, 37.625231306053635 ], [ 126.9462039920151, 37.626780237693374 ], [ 126.948132433004517, 37.627441651397596 ], [ 126.948595657143244, 37.627399903962896 ], [ 126.949331622671863, 37.627104773312588 ], [ 126.953178355652867, 37.625166763369798 ] ] ] } },
{ "type": "Feature", "properties": { "adm_nm": "서울특별시 은평구 갈현1동", "ADM_CD": "1138055100", "sggnm": "은평구" }, "geometry": { "type": "Polygon", "coordinates": [ [ [ 126.91957619848462, 37.627963762169166 ], [ 126.919944795490778, 37.626743137908441 ], [ 126.920112080877075, 37.625996978415479 ], [ 126.919747701251069, 37.622394351556707 ], [ 126.919863772544957, 37.621583718883478 ], [ 126.920058526950456, 37.620764460256225 ], [ 126.920505065428287, 37.619866593975829 ], [ 126.921331072409487, 37.618869953110874 ], [ 126.920115361330318, 37.618462951533324 ], [ 126.917107924415902, 37.619766397026837 ], [ 126.912269577196895, 37.622548874419955 ], [ 126.911394813485245, 37.622573212567424 ], [ 126.907937362984669, 37.625393462742494 ], [ 126.908810735968544, 37.62905050142664 ], [ 126.909125220564491, 37.629050950077541 ], [ 126.910186245782398, 37.629232019042249 ], [ 126.911220818752469, 37.629623634347013 ], [ 126.912081614082112, 37.630407581102688 ], [ 126.915471024734785, 37.631117322415712 ], [ 126.915645670030329, 37.630704700269838 ], [ 126.91957619848462, 37.627963762169166 ] ] ] } },
{ "type": "Feature", "properties": { "adm_nm": "서울특별시 은평구 갈현2동", "ADM_CD": "1138055200", "sggnm": "은평구" }, "geometry": { "type": "Polygon", "coordinates": [ [ [ 126.920115361330318, 37.618462951533324 ], [ 126.918068366842945, 37.615318475568714 ], [ 126.917781580559392, 37.614407837139247 ], [ 126.917286778423914, 37.611299097746922 ], [ 126.915347685291053, 37.6124083549795 ], [ 126.910147597912541, 37.614312465052848 ], [ 126.90796741605682, 37.615942962359142 ], [ 126.906854838709194, 37.616935288018006 ], [ 126.905594756042078, 37.619212043491906 ], [ 126.905244725012622, 37.61949872435838 ], [ 126.90520443309569, 37.620024658938554 ], [ 126.90643541231006, 37.624025977756567 ], [ 126.907091171582465, 37.62474588576832 ], [ 126.907937362984669, 37.625393462742494 ], [ 126.911394813485245, 37.622573212567424 ], [ 126.912269577196895, 37.622548874419955 ], [ 126.917107924415902, 37.619766397026837 ], [ 126.920115361330318, 37.618462951533324 ] ] ] } },
{ "type": "Feature", "properties": { "adm_nm": "서울특별시 은평구 구산동", "ADM_CD": "1138056000", "sggnm": "은평구" }, "geometry": { "type": "Polygon", "coordinates": [ [ [ 126.917286778423914, 37.611299097746922 ], [ 126.917110282965311, 37.610773260004983 ], [ 126.916811692592049, 37.610198308646801 ], [ 126.915247884014789, 37.607427969409088 ], [ 126.911525208842235, 37.607531487941664 ], [ 126.909473828211674, 37.605395993854678 ], [ 126.907382888715446, 37.604947236919315 ], [ 126.905021393103411, 37.604688613632057 ], [ 126.904521461729686, 37.604780732646311 ], [ 126.901714841356608, 37.605730970114386 ], [ 126.902207389312537, 37.607092232751022 ], [ 126.901983639333139, 37.609390636302209 ], [ 126.901871644686508, 37.610003203362929 ], [ 126.901206639146437, 37.612329561665476 ], [ 126.901031315098322, 37.612457094366334 ], [ 126.901890065438934, 37.615592485047742 ], [ 126.903392664216426, 37.618802088206692 ], [ 126.905244725012622, 37.61949872435838 ], [ 126.905594756042078, 37.619212043491906 ], [ 126.906854838709194, 37.616935288018006 ], [ 126.90796741605682, 37.615942962359142 ], [ 126.910147597912541, 37.614312465052848 ], [ 126.915347685291053, 37.6124083549795 ], [ 126.917286778423914, 37.611299097746922 ] ] ] } },
{ "type": "Feature", "properties": { "adm_nm": "서울특별시 은평구 대조동", "ADM_CD": "1138057000", "sggnm": "은평구" }, "geometry": { "type": "Polygon", "coordinates": [ [ [ 126.931360870174316, 37.608799003651598 ], [ 126.930737867922559, 37.608503065019889 ], [ 126.929732544058382, 37.60838441727379 ], [ 126.928834454202871, 37.608411620863066 ], [ 126.927073503446152, 37.609135423231841 ], [ 126.92388635924614, 37.60747158451229 ], [ 126.923347101018024, 37.607067872226274 ], [ 126.922886127884965, 37.606320964480595 ], [ 126.921853365155783, 37.607477414840922 ], [ 126.917286778423914, 37.611299097746922 ], [ 126.917781580559392, 37.614407837139247 ], [ 126.918068366842945, 37.615318475568714 ], [ 126.920115361330318, 37.618462951533324 ], [ 126.921331072409487, 37.618869953110874 ], [ 126.922547688368326, 37.617501435758072 ], [ 126.923937403170868, 37.61627677653059 ], [ 126.926321670135721, 37.614627867054438 ], [ 126.926769364405601, 37.614163411203606 ], [ 126.929790496515707, 37.610570245559416 ], [ 126.929893429343991, 37.610248575734204 ], [ 126.931360870174316, 37.608799003651598 ] ] ] } },
{ "type": "Feature", "properties": { "adm_nm": "서울특별시 은평구 응암1동", "ADM_CD": "1138058000", "sggnm": "은평구" }, "geometry": { "type": "Polygon", "coordinates": [ [ [ 126.938599500530103, 37.597585567923474 ], [ 126.937773152814785, 37.597748883489579 ], [ 126.933657829911951, 37.596398603724019 ], [ 126.932954072183705, 37.596026801683678 ], [ 126.930662676933167, 37.594490251546858 ], [ 126.930375011407435, 37.594242121528509 ], [ 126.92927193587785, 37.593025165308696 ], [ 126.928647827239132, 37.592260963357504 ], [ 126.928418418156099, 37.591894809512063 ], [ 126.927595956422309, 37.592318077341702 ], [ 126.926683438298554, 37.592882376422061 ], [ 126.926053926456561, 37.594466866242009 ], [ 126.926070335699052, 37.595004307213607 ], [ 126.926331481700032, 37.595619993534555 ], [ 126.923852315111532, 37.596645205793983 ], [ 126.922574217880808, 37.596876553836438 ], [ 126.922234426944655, 37.596898081513658 ], [ 126.919095324879493, 37.59600221691376 ], [ 126.915694926687394, 37.597078306042796 ], [ 126.916059191385173, 37.599211816602953 ], [ 126.920631121942151, 37.601733272704031 ], [ 126.922437095030915, 37.601583263598101 ], [ 126.926435399153675, 37.602419661189536 ], [ 126.927463325406961, 37.601617127980603 ], [ 126.928528471890147, 37.601481095606168 ], [ 126.935545762146461, 37.600842243917519 ], [ 126.935841280076758, 37.600719811009455 ], [ 126.938599500530103, 37.597585567923474 ] ] ] } },
{ "type": "Feature", "properties": { "adm_nm": "서울특별시 은평구 응암2동", "ADM_CD": "1138059000", "sggnm": "은평구" }, "geometry": { "type": "Polygon", "coordinates": [ [ [ 126.928418418156099, 37.591894809512063 ], [ 126.92826453724085, 37.591650702131609 ], [ 126.927870072250926, 37.590453044502048 ], [ 126.928117995757788, 37.589430440352253 ], [ 126.928121034436259, 37.588384898978411 ], [ 126.927192045523626, 37.587764101113123 ], [ 126.926536421928191, 37.587408267702926 ], [ 126.926073858400656, 37.587170543951103 ], [ 126.923584238983238, 37.586148908734195 ], [ 126.922819584555768, 37.585622331750422 ], [ 126.92264798651145, 37.588768363234429 ], [ 126.918757986346222, 37.590129449734299 ], [ 126.918401192713958, 37.590218952933256 ], [ 126.917825253174158, 37.590177806592621 ], [ 126.91725082189177, 37.590236898496201 ], [ 126.918207201311731, 37.594768640697836 ], [ 126.919095324879493, 37.59600221691376 ], [ 126.922234426944655, 37.596898081513658 ], [ 126.922574217880808, 37.596876553836438 ], [ 126.923852315111532, 37.596645205793983 ], [ 126.926331481700032, 37.595619993534555 ], [ 126.926070335699052, 37.595004307213607 ], [ 126.926053926456561, 37.594466866242009 ], [ 126.926683438298554, 37.592882376422061 ], [ 126.927595956422309, 37.592318077341702 ], [ 126.928418418156099, 37.591894809512063 ] ] ] } },
{ "type": "Feature", "properties": { "adm_nm": "서울특별시 은평구 신사1동", "ADM_CD": "1138063100", "sggnm": "은평구" }, "geometry": { "type": "Polygon", "coordinates": [ [ [ 126.916059191385173, 37.599211816602953 ], [ 126.915694926687394, 37.597078306042796 ], [ 126.914480651250884, 37.592296312748999 ], [ 126.91255374893214, 37.593807749572797 ], [ 126.908460697178867, 37.596838513551589 ], [ 126.906028294604383, 37.598169833467104 ], [ 126.901417780195658, 37.598266382040229 ], [ 126.901489675270795, 37.599367506732783 ], [ 126.901228775194667, 37.600117674506357 ], [ 126.900872357736986, 37.600770462840593 ], [ 126.900477216488824, 37.601307005975656 ], [ 126.900230010668054, 37.602026804409881 ], [ 126.900260584412422, 37.603154775469939 ], [ 126.902084167325668, 37.603820877787086 ], [ 126.90646013289809, 37.602112329624674 ], [ 126.907695007121632, 37.601571038000259 ], [ 126.908555744456052, 37.602049684173764 ], [ 126.910319781982281, 37.601994291031048 ], [ 126.91321531176709, 37.601172816859915 ], [ 126.913629256461604, 37.60101379594942 ], [ 126.914414308468707, 37.600129753091302 ], [ 126.916059191385173, 37.599211816602953 ] ] ] } },
{ "type": "Feature", "properties": { "adm_nm": "서울특별시 은평구 신사2동", "ADM_CD": "1138063200", "sggnm": "은평구" }, "geometry": { "type": "Polygon", "coordinates": [ [ [ 126.914480651250884, 37.592296312748999 ], [ 126.913579765669127, 37.588728164689194 ], [ 126.91268535258105, 37.58875565209685 ], [ 126.910205456878344, 37.589406510902506 ], [ 126.905469783094162, 37.588738293663639 ], [ 126.904279552572063, 37.588321055838627 ], [ 126.899841238591932, 37.589866904828185 ], [ 126.899580204570057, 37.590460583382942 ], [ 126.898989091387534, 37.592658975814018 ], [ 126.899334828129071, 37.59324322658577 ], [ 126.900556113966957, 37.594297244701991 ], [ 126.90136025780366, 37.596177193674322 ], [ 126.901417780195658, 37.598266382040229 ], [ 126.906028294604383, 37.598169833467104 ], [ 126.908460697178867, 37.596838513551589 ], [ 126.91255374893214, 37.593807749572797 ], [ 126.914480651250884, 37.592296312748999 ] ] ] } },
{ "type": "Feature", "properties": { "adm_nm": "서울특별시 은평구 증산동", "ADM_CD": "1138064000", "sggnm": "은평구" }, "geometry": { "type": "Polygon", "coordinates": [ [ [ 126.913579765669127, 37.588728164689194 ], [ 126.91314787173016, 37.587034862643868 ], [ 126.912823419954293, 37.586336977430229 ], [ 126.912552642969544, 37.586022414033927 ], [ 126.906294302678148, 37.580118862505039 ], [ 126.903126961678183, 37.576891886512406 ], [ 126.902819815584564, 37.577147108356357 ], [ 126.90163847013622, 37.57591876001031 ], [ 126.898200252972842, 37.578261684023914 ], [ 126.899715350977345, 37.579535716973474 ], [ 126.900108091384581, 37.579814929289775 ], [ 126.901086983015318, 37.580351691573028 ], [ 126.902071206227149, 37.580665390696709 ], [ 126.902154428074383, 37.583092674074393 ], [ 126.901496821280972, 37.584154050810483 ], [ 126.901346475893675, 37.584541991718119 ], [ 126.901416608870861, 37.585065125160085 ], [ 126.901657180996366, 37.585786290937214 ], [ 126.902555917434526, 37.587328756039255 ], [ 126.903260316904934, 37.587856223592553 ], [ 126.904279552572063, 37.588321055838627 ], [ 126.905469783094162, 37.588738293663639 ], [ 126.910205456878344, 37.589406510902506 ], [ 126.91268535258105, 37.58875565209685 ], [ 126.913579765669127, 37.588728164689194 ] ] ] } },
{ "type": "Feature", "properties": { "adm_nm": "서울특별시 은평구 수색동", "ADM_CD": "1138065000", "sggnm": "은평구" }, "geometry": { "type": "Polygon", "coordinates": [ [ [ 126.899841238591932, 37.589866904828185 ], [ 126.904279552572063, 37.588321055838627 ], [ 126.903260316904934, 37.587856223592553 ], [ 126.902555917434526, 37.587328756039255 ], [ 126.901552823236173, 37.585558173318397 ], [ 126.901416608870861, 37.585065125160085 ], [ 126.901346475893675, 37.584541991718119 ], [ 126.901496821280972, 37.584154050810483 ], [ 126.902154428074383, 37.583092674074393 ], [ 126.902071206227149, 37.580665390696709 ], [ 126.901086983015318, 37.580351691573028 ], [ 126.900108091384581, 37.579814929289775 ], [ 126.899715350977345, 37.579535716973474 ], [ 126.898200252972842, 37.578261684023914 ], [ 126.897908384158029, 37.579169411550275 ], [ 126.896663248524249, 37.580488530797048 ], [ 126.896229836855298, 37.580854116993251 ], [ 126.895292683261161, 37.581463034049527 ], [ 126.892176867737476, 37.582939190977982 ], [ 126.889919955373344, 37.584441800020279 ], [ 126.889407924455284, 37.584817715450569 ], [ 126.887440648367473, 37.586467116132113 ], [ 126.882241017540835, 37.59093660473637 ], [ 126.883379314363836, 37.591715426544994 ], [ 126.883931188103645, 37.592183624753019 ], [ 126.884822476453152, 37.593391561253078 ], [ 126.886580949938875, 37.593835609694857 ], [ 126.88621502732434, 37.592327901428838 ], [ 126.885441836819794, 37.591088381708076 ], [ 126.885808986458485, 37.590077517191197 ], [ 126.886315523035989, 37.58943118745357 ], [ 126.88726180929973, 37.588594477749339 ], [ 126.891397890728527, 37.588455887183649 ], [ 126.896961515988423, 37.588620771083697 ], [ 126.899841238591932, 37.589866904828185 ] ] ] } },
{ "type": "Feature", "properties": { "adm_nm": "서울특별시 은평구 진관동", "ADM_CD": "1138069000", "sggnm": "은평구" }, "geometry": { "type": "Polygon", "coordinates": [ [ [ 126.971785907806378, 37.632285339038738 ], [ 126.970203682825982, 37.630860893108554 ], [ 126.969251985820989, 37.630223413318362 ], [ 126.967629340185638, 37.629809389221371 ], [ 126.962341615384105, 37.628850275537069 ], [ 126.95954222807589, 37.628482583830333 ], [ 126.956752961350688, 37.625365796759127 ], [ 126.953178355652867, 37.625166763369798 ], [ 126.949331622671863, 37.627104773312588 ], [ 126.948595657143244, 37.627399903962896 ], [ 126.948132433004517, 37.627441651397596 ], [ 126.9462039920151, 37.626780237693374 ], [ 126.942890982718367, 37.625231306053635 ], [ 126.940905635829964, 37.625703054296281 ], [ 126.940393282871781, 37.626032942773115 ], [ 126.933332641992706, 37.626571593225101 ], [ 126.932121239275219, 37.626441445169981 ], [ 126.929218541167828, 37.628382597623094 ], [ 126.92685138598749, 37.629480909844652 ], [ 126.926145416683468, 37.629552942672923 ], [ 126.925583126035946, 37.629543455555108 ], [ 126.91957619848462, 37.627963762169166 ], [ 126.915645670030329, 37.630704700269838 ], [ 126.915471024734785, 37.631117322415712 ], [ 126.912081614082112, 37.630407581102688 ], [ 126.911220818752469, 37.629623634347013 ], [ 126.910186245782398, 37.629232019042249 ], [ 126.909125220564491, 37.629050950077541 ], [ 126.908810735968544, 37.62905050142664 ], [ 126.907415296587132, 37.630219742708455 ], [ 126.907168808935523, 37.630575658206766 ], [ 126.906648947007454, 37.631729006080825 ], [ 126.906547925131349, 37.632050724926145 ], [ 126.906530709959, 37.632523838684307 ], [ 126.907478496800834, 37.633411910427135 ], [ 126.909173367079347, 37.634779170702267 ], [ 126.909816780278035, 37.63510912446462 ], [ 126.91022642576263, 37.638666933401055 ], [ 126.91082172015804, 37.640160486471622 ], [ 126.911711121259245, 37.641015558666837 ], [ 126.91230430915131, 37.641431993455292 ], [ 126.912466688196389, 37.641685183540488 ], [ 126.912226825331445, 37.644377663610754 ], [ 126.907584292778409, 37.64649416089275 ], [ 126.90527090887042, 37.648914873430456 ], [ 126.911175640049393, 37.645801099046317 ], [ 126.912368444392484, 37.645252844454781 ], [ 126.913886712456829, 37.644707204608743 ], [ 126.914192973376785, 37.644680559145101 ], [ 126.921268921958628, 37.645557665243892 ], [ 126.922428219384656, 37.645936836392629 ], [ 126.92335602368486, 37.64634021482555 ], [ 126.92541979258209, 37.647443150253309 ], [ 126.928894782727255, 37.6499646396109 ], [ 126.929741543434517, 37.650404717547076 ], [ 126.930394350179228, 37.65055546460421 ], [ 126.931195837280569, 37.650626931812354 ], [ 126.934491605443327, 37.650561657227641 ], [ 126.934734725975147, 37.650641689933956 ], [ 126.937042539692953, 37.651930364444361 ], [ 126.938497335934088, 37.654161335194274 ], [ 126.938591196122431, 37.654421036551959 ], [ 126.939379328357717, 37.655500627182157 ], [ 126.940391182066364, 37.656627595220712 ], [ 126.941030606454973, 37.657061008319062 ], [ 126.942545755310675, 37.657789242764593 ], [ 126.943620779944652, 37.658154850898292 ], [ 126.946315838579494, 37.658873950657195 ], [ 126.947076017363642, 37.658987929545745 ], [ 126.947305315498753, 37.658931544263602 ], [ 126.947592341741498, 37.658350402299142 ], [ 126.948791987070834, 37.656956975934882 ], [ 126.951250983662888, 37.654950303920366 ], [ 126.952072873866086, 37.654761464617131 ], [ 126.952576955464224, 37.654720991676562 ], [ 126.953548289353506, 37.655022935022153 ], [ 126.954623028174197, 37.654750749045682 ], [ 126.956765404038677, 37.6526492624794 ], [ 126.95974887708573, 37.648463877087885 ], [ 126.961731694406836, 37.645159411830548 ], [ 126.964420400681476, 37.643072666097339 ], [ 126.964763468514349, 37.642949162862138 ], [ 126.965005695049172, 37.642759854602438 ], [ 126.968292560306466, 37.639319220585193 ], [ 126.96882344891381, 37.638681663829992 ], [ 126.968861439139118, 37.638419320895977 ], [ 126.968764042516952, 37.636975618678079 ], [ 126.970874212357984, 37.632994435542614 ], [ 126.971785907806378, 37.632285339038738 ] ] ] } },
{ "type": "Feature", "properties": { "adm_nm": "서울특별시 은평구 불광2동", "ADM_CD": "1138053000", "sggnm": "은평구" }, "geometry": { "type": "Polygon", "coordinates": [ [ [ 126.940905635829964, 37.625703054296281 ], [ 126.939655316165684, 37.623949606627676 ], [ 126.939346863870938, 37.6232439721595 ], [ 126.938902855737808, 37.622010410253651 ], [ 126.938885271476892, 37.62114616984401 ], [ 126.93881492278004, 37.620988101316762 ], [ 126.938326743965334, 37.620545250107369 ], [ 126.937962205390349, 37.620331691114451 ], [ 126.937535710641498, 37.620162920567147 ], [ 126.936892992265143, 37.620022401273708 ], [ 126.935009995346903, 37.620843757022257 ], [ 126.934778038424156, 37.620985733385531 ], [ 126.934846800710488, 37.62135223083547 ], [ 126.933870559632766, 37.621670905622992 ], [ 126.933545772452447, 37.621725680451441 ], [ 126.926416869446115, 37.621331835283698 ], [ 126.925984094405038, 37.62124861050021 ], [ 126.921331072409487, 37.618869953110874 ], [ 126.920505065428287, 37.619866593975829 ], [ 126.920058526950456, 37.620764460256225 ], [ 126.919863772544957, 37.621583718883478 ], [ 126.919747701251069, 37.622394351556707 ], [ 126.920112080877075, 37.625996978415479 ], [ 126.919944795490778, 37.626743137908441 ], [ 126.91957619848462, 37.627963762169166 ], [ 126.925583126035946, 37.629543455555108 ], [ 126.926145416683468, 37.629552942672923 ], [ 126.92685138598749, 37.629480909844652 ], [ 126.929218541167828, 37.628382597623094 ], [ 126.932121239275219, 37.626441445169981 ], [ 126.933332641992706, 37.626571593225101 ], [ 126.940393282871781, 37.626032942773115 ], [ 126.940905635829964, 37.625703054296281 ] ] ] } },
{ "type": "Feature", "properties": { "adm_nm": "서울특별시 은평구 응암3동", "ADM_CD": "1138060000", "sggnm": "은평구" }, "geometry": { "type": "Polygon", "coordinates": [ [ [ 126.919095324879493, 37.59600221691376 ], [ 126.918207201311731, 37.594768640697836 ], [ 126.91725082189177, 37.590236898496201 ], [ 126.917825253174158, 37.590177806592621 ], [ 126.918401192713958, 37.590218952933256 ], [ 126.918757986346222, 37.590129449734299 ], [ 126.92264798651145, 37.588768363234429 ], [ 126.922819584555768, 37.585622331750422 ], [ 126.923024656760418, 37.585000344923699 ], [ 126.920814774592529, 37.582912350811597 ], [ 126.91968159299789, 37.583326532906113 ], [ 126.918907205905981, 37.583407264570049 ], [ 126.915825094117906, 37.583144222903734 ], [ 126.915442655996898, 37.585492919519254 ], [ 126.91314787173016, 37.587034862643868 ], [ 126.915694926687394, 37.597078306042796 ], [ 126.919095324879493, 37.59600221691376 ] ] ] } },
{ "type": "Feature", "properties": { "adm_nm": "서울특별시 은평구 역촌동", "ADM_CD": "1138062500", "sggnm": "은평구" }, "geometry": { "type": "Polygon", "coordinates": [ [ [ 126.922886127884965, 37.606320964480595 ], [ 126.920631121942151, 37.601733272704031 ], [ 126.916059191385173, 37.599211816602953 ], [ 126.914414308468707, 37.600129753091302 ], [ 126.913629256461604, 37.60101379594942 ], [ 126.913285123772923, 37.601150549345576 ], [ 126.910319781982281, 37.601994291031048 ], [ 126.908555744456052, 37.602049684173764 ], [ 126.907695007121632, 37.601571038000259 ], [ 126.90646013289809, 37.602112329624674 ], [ 126.902084167325668, 37.603820877787086 ], [ 126.901714841356608, 37.605730970114386 ], [ 126.904521461729686, 37.604780732646311 ], [ 126.905021393103411, 37.604688613632057 ], [ 126.907382888715446, 37.604947236919315 ], [ 126.909473828211674, 37.605395993854678 ], [ 126.911525208842235, 37.607531487941664 ], [ 126.915247884014789, 37.607427969409088 ], [ 126.916811692592049, 37.610198308646801 ], [ 126.917110282965311, 37.610773260004983 ], [ 126.917286778423914, 37.611299097746922 ], [ 126.921853365155783, 37.607477414840922 ], [ 126.922886127884965, 37.606320964480595 ] ] ] } },
{ "type": "Feature", "properties": { "adm_nm": "서울특별시 서대문구 천연동", "ADM_CD": "1141052000", "sggnm": "서대문구" }, "geometry": { "type": "Polygon", "coordinates": [ [ [ 126.959570737810694, 37.572961218450786 ], [ 126.9658121875202, 37.566669014627266 ], [ 126.965514279028923, 37.566667621198306 ], [ 126.962954598736843, 37.566245856273028 ], [ 126.962742230295987, 37.566166049255393 ], [ 126.962543247685005, 37.565895065053773 ], [ 126.958936447088647, 37.565540260720972 ], [ 126.956412280570319, 37.566777029665715 ], [ 126.953667440470682, 37.569344443107234 ], [ 126.953694875487827, 37.570526476290901 ], [ 126.951775102455557, 37.571733265864246 ], [ 126.950818000733989, 37.573881904656453 ], [ 126.950780844543416, 37.574893491069979 ], [ 126.952222444461952, 37.577428460238806 ], [ 126.952809868156933, 37.578153684089088 ], [ 126.952880930695159, 37.578233478672637 ], [ 126.95329207421652, 37.578380956926942 ], [ 126.953923956205529, 37.578490716235244 ], [ 126.959570737810694, 37.572961218450786 ] ] ] } },
{ "type": "Feature", "properties": { "adm_nm": "서울특별시 서대문구 홍제1동", "ADM_CD": "1141062000", "sggnm": "서대문구" }, "geometry": { "type": "Polygon", "coordinates": [ [ [ 126.941841345790763, 37.590931530944665 ], [ 126.944746556056529, 37.588162331216388 ], [ 126.944982478667242, 37.588079003967209 ], [ 126.945476656657107, 37.587681290207669 ], [ 126.949247214925649, 37.584001184442833 ], [ 126.949662437200217, 37.583561463878581 ], [ 126.952095945229232, 37.580299780287717 ], [ 126.953923956205529, 37.578490716235244 ], [ 126.95329207421652, 37.578380956926942 ], [ 126.952880930695159, 37.578233478672637 ], [ 126.952809868156933, 37.578153684089088 ], [ 126.952222444461952, 37.577428460238806 ], [ 126.950780844543416, 37.574893491069979 ], [ 126.950818000733989, 37.573881904656453 ], [ 126.951775102455557, 37.571733265864246 ], [ 126.953694875487827, 37.570526476290901 ], [ 126.953667440470682, 37.569344443107234 ], [ 126.949692238464806, 37.568456185881843 ], [ 126.948941160568268, 37.56943628807204 ], [ 126.947671557476525, 37.572790068605585 ], [ 126.947861662756509, 37.573249003239106 ], [ 126.94879289892063, 37.573996401075981 ], [ 126.949047099628046, 37.574654442555605 ], [ 126.949075383293277, 37.575522118536064 ], [ 126.949039031698533, 37.575652643803906 ], [ 126.948952931672594, 37.575715336018661 ], [ 126.947524258326411, 37.576122204014673 ], [ 126.9467513512501, 37.576812565933075 ], [ 126.945906612700185, 37.576949428932934 ], [ 126.94513111798571, 37.577200425873187 ], [ 126.944710177198132, 37.577459827213751 ], [ 126.941870741462282, 37.580828736691331 ], [ 126.940842578414092, 37.58390646283884 ], [ 126.937193901767316, 37.582543108514699 ], [ 126.935869890865874, 37.584544148521118 ], [ 126.935454892984652, 37.585504360886887 ], [ 126.935363990199647, 37.58601093108657 ], [ 126.935360760437362, 37.586345538916625 ], [ 126.935433645482888, 37.586817965480599 ], [ 126.935563817162873, 37.587203912654246 ], [ 126.935727680422644, 37.587533685959578 ], [ 126.936123680896998, 37.588060610098914 ], [ 126.936556658728279, 37.588471661638273 ], [ 126.9372315084657, 37.588961605779758 ], [ 126.940990578790249, 37.591187756240778 ], [ 126.941451271017741, 37.591400625859521 ], [ 126.941841345790763, 37.590931530944665 ] ] ] } },
{ "type": "Feature", "properties": { "adm_nm": "서울특별시 서대문구 홍제3동", "ADM_CD": "1141064000", "sggnm": "서대문구" }, "geometry": { "type": "Polygon", "coordinates": [ [ [ 126.956303458066444, 37.595662365631078 ], [ 126.956329141603035, 37.595149822476095 ], [ 126.956765760010683, 37.594010509819597 ], [ 126.957514600188262, 37.592672080333642 ], [ 126.957929061313536, 37.588793643489147 ], [ 126.957473530231795, 37.587601840353926 ], [ 126.956894000654685, 37.585420104684566 ], [ 126.951821855940224, 37.588815073938186 ], [ 126.951434252978615, 37.58915465749061 ], [ 126.950994302143926, 37.589295700057015 ], [ 126.946573093849551, 37.588940429534354 ], [ 126.945638048238251, 37.588637471126944 ], [ 126.944982478667242, 37.588079003967209 ], [ 126.944746556056529, 37.588162331216388 ], [ 126.941841345790763, 37.590931530944665 ], [ 126.94467152273026, 37.591810158004932 ], [ 126.947200317061061, 37.594682660769479 ], [ 126.947235477887375, 37.594901680135713 ], [ 126.94721132800359, 37.595203236946752 ], [ 126.947109581189153, 37.595524263372141 ], [ 126.946598369939124, 37.596329295196782 ], [ 126.946490284174672, 37.596680311355136 ], [ 126.946566545490242, 37.597281187404597 ], [ 126.946913716977079, 37.598107541746018 ], [ 126.947137487447989, 37.598344199767716 ], [ 126.947367010927024, 37.598467947201208 ], [ 126.947662576279853, 37.598520031217582 ], [ 126.948362138254012, 37.598514289642914 ], [ 126.949466661466715, 37.598224257889882 ], [ 126.949838908494542, 37.598054738924652 ], [ 126.950063386505391, 37.59785636342216 ], [ 126.951387904382784, 37.595698389437196 ], [ 126.956303458066444, 37.595662365631078 ] ] ] } },
{ "type": "Feature", "properties": { "adm_nm": "서울특별시 서대문구 홍제2동", "ADM_CD": "1141065500", "sggnm": "서대문구" }, "geometry": { "type": "Polygon", "coordinates": [ [ [ 126.956894000654685, 37.585420104684566 ], [ 126.957895324618931, 37.583811410465415 ], [ 126.960673532738952, 37.580797842029732 ], [ 126.958777061844344, 37.581618172910282 ], [ 126.958268826312349, 37.581697187803158 ], [ 126.957001888470259, 37.581583205322538 ], [ 126.956457604643802, 37.581283256885577 ], [ 126.955794839929382, 37.580729256827432 ], [ 126.955746459556735, 37.57930378371988 ], [ 126.955455144570337, 37.578970069604246 ], [ 126.953556016669452, 37.57887566580947 ], [ 126.952095945229232, 37.580299780287717 ], [ 126.949662437200217, 37.583561463878581 ], [ 126.9482801310253, 37.584976878614917 ], [ 126.945476656657107, 37.587681290207669 ], [ 126.944982478667242, 37.588079003967209 ], [ 126.945638048238251, 37.588637471126944 ], [ 126.946573093849551, 37.588940429534354 ], [ 126.950994302143926, 37.589295700057015 ], [ 126.951434252978615, 37.58915465749061 ], [ 126.951821855940224, 37.588815073938186 ], [ 126.956894000654685, 37.585420104684566 ] ] ] } },
{ "type": "Feature", "properties": { "adm_nm": "서울특별시 서대문구 홍은1동", "ADM_CD": "1141066000", "sggnm": "서대문구" }, "geometry": { "type": "Polygon", "coordinates": [ [ [ 126.953376321249763, 37.605366284050788 ], [ 126.953542644269902, 37.604619059259029 ], [ 126.953512662014631, 37.604265145333116 ], [ 126.953201084725507, 37.603011965893799 ], [ 126.952801984745633, 37.602694705582692 ], [ 126.952749308815697, 37.600406123595477 ], [ 126.953508539793177, 37.599118470914306 ], [ 126.954093263161255, 37.598551078811226 ], [ 126.956132314159888, 37.598457965171306 ], [ 126.956123843030781, 37.598552566951696 ], [ 126.95635103787437, 37.598660647958702 ], [ 126.956731208422582, 37.598664651887326 ], [ 126.957054880455601, 37.598552347020352 ], [ 126.957135378943633, 37.598387095876419 ], [ 126.957145636243482, 37.598242928466817 ], [ 126.956303458066444, 37.595662365631078 ], [ 126.951387904382784, 37.595698389437196 ], [ 126.950063386505391, 37.59785636342216 ], [ 126.949838908494542, 37.598054738924652 ], [ 126.949466661466715, 37.598224257889882 ], [ 126.948362138254012, 37.598514289642914 ], [ 126.947662576279853, 37.598520031217582 ], [ 126.947367010927024, 37.598467947201208 ], [ 126.947137487447989, 37.598344199767716 ], [ 126.946913716977079, 37.598107541746018 ], [ 126.946566545490242, 37.597281187404597 ], [ 126.946490284174672, 37.596680311355136 ], [ 126.946598369939124, 37.596329295196782 ], [ 126.947109581189153, 37.595524263372141 ], [ 126.94721132800359, 37.595203236946752 ], [ 126.947235477887375, 37.594901680135713 ], [ 126.947200317061061, 37.594682660769479 ], [ 126.94467152273026, 37.591810158004932 ], [ 126.941841345790763, 37.590931530944665 ], [ 126.941451271017741, 37.591400625859521 ], [ 126.940869389454818, 37.594341435412339 ], [ 126.940459244432162, 37.594924678400687 ], [ 126.939384787399206, 37.596022595652848 ], [ 126.938989413707489, 37.596630248675481 ], [ 126.938599500530103, 37.597585567923474 ], [ 126.939337170561004, 37.597839698545613 ], [ 126.940583242983678, 37.598599357412539 ], [ 126.9406775666979, 37.598670772407438 ], [ 126.940917385969783, 37.599078651202404 ], [ 126.941082584505367, 37.599895218801258 ], [ 126.941208155626256, 37.60090749482427 ], [ 126.941096873972128, 37.601112022766593 ], [ 126.940173858131857, 37.60183210010365 ], [ 126.940436626392852, 37.602860873769721 ], [ 126.942417278184379, 37.604823902072823 ], [ 126.944916495607757, 37.604819911907725 ], [ 126.945697716750971, 37.605824069014169 ], [ 126.946341545388336, 37.60710136001321 ], [ 126.947215413478332, 37.607798307120881 ], [ 126.947448007904882, 37.607716076580786 ], [ 126.947798056856797, 37.607682788141112 ], [ 126.947925888566829, 37.607727326515324 ], [ 126.94826663454738, 37.607994815187105 ], [ 126.948994723838581, 37.608070324072251 ], [ 126.949105508701081, 37.6080269009855 ], [ 126.949293580196169, 37.607783234573297 ], [ 126.949418809104799, 37.607694867500946 ], [ 126.949987506607769, 37.607702054898674 ], [ 126.950343187267492, 37.607846770858067 ], [ 126.950736878576706, 37.608320203595703 ], [ 126.953121263772118, 37.605597315507204 ], [ 126.953376321249763, 37.605366284050788 ] ] ] } },
{ "type": "Feature", "properties": { "adm_nm": "서울특별시 서대문구 홍은2동", "ADM_CD": "1141068500", "sggnm": "서대문구" }, "geometry": { "type": "Polygon", "coordinates": [ [ [ 126.938599500530103, 37.597585567923474 ], [ 126.938989413707489, 37.596630248675481 ], [ 126.939384787399206, 37.596022595652848 ], [ 126.940459244432162, 37.594924678400687 ], [ 126.940869389454818, 37.594341435412339 ], [ 126.941451271017741, 37.591400625859521 ], [ 126.940461822713928, 37.590893441430389 ], [ 126.93779413629386, 37.589313556951879 ], [ 126.9368022481775, 37.588666622230917 ], [ 126.936023296939709, 37.587947462756425 ], [ 126.935727680422644, 37.587533685959578 ], [ 126.935499229175591, 37.587037981279607 ], [ 126.93538393900603, 37.586556338514839 ], [ 126.935358155692285, 37.586128077660469 ], [ 126.935431560533615, 37.585594383516501 ], [ 126.935553148618908, 37.585202836046292 ], [ 126.93592439637753, 37.584449781567571 ], [ 126.936944522072167, 37.582889696014654 ], [ 126.937193901767316, 37.582543108514699 ], [ 126.93748265509754, 37.582351456048805 ], [ 126.937807072551223, 37.581852756312067 ], [ 126.937902257246634, 37.581618824393161 ], [ 126.937705853038963, 37.581098526125004 ], [ 126.937389646110518, 37.580647235730012 ], [ 126.93662573117642, 37.580151472470021 ], [ 126.935493933172836, 37.579677367834776 ], [ 126.933261667029655, 37.578897149826417 ], [ 126.932102439519454, 37.578405979923744 ], [ 126.92730611671081, 37.575936737216722 ], [ 126.925197736832146, 37.579500269818745 ], [ 126.924497956342449, 37.581850587409768 ], [ 126.92462051751626, 37.582572257857642 ], [ 126.924282933943118, 37.583299572345169 ], [ 126.92392596348985, 37.583869065297108 ], [ 126.923210689852453, 37.584284687309008 ], [ 126.922819584555768, 37.585622331750422 ], [ 126.923584238983238, 37.586148908734195 ], [ 126.926073858400656, 37.587170543951103 ], [ 126.926536421928191, 37.587408267702926 ], [ 126.927192045523626, 37.587764101113123 ], [ 126.928121034436259, 37.588384898978411 ], [ 126.928117995757788, 37.589430440352253 ], [ 126.927870072250926, 37.590453044502048 ], [ 126.92826453724085, 37.591650702131609 ], [ 126.928647827239132, 37.592260963357504 ], [ 126.92927193587785, 37.593025165308696 ], [ 126.930375011407435, 37.594242121528509 ], [ 126.930662676933167, 37.594490251546858 ], [ 126.932954072183705, 37.596026801683678 ], [ 126.933657829911951, 37.596398603724019 ], [ 126.937773152814785, 37.597748883489579 ], [ 126.938599500530103, 37.597585567923474 ] ] ] } },
{ "type": "Feature", "properties": { "adm_nm": "서울특별시 서대문구 남가좌1동", "ADM_CD": "1141069000", "sggnm": "서대문구" }, "geometry": { "type": "Polygon", "coordinates": [ [ [ 126.921894887232824, 37.571906187640451 ], [ 126.916854401597547, 37.567887322535022 ], [ 126.911805113275136, 37.570278988464551 ], [ 126.911283968452082, 37.572175863868004 ], [ 126.911395982484549, 37.572581148093469 ], [ 126.913249288645943, 37.573746219858862 ], [ 126.915132247383951, 37.575161618635143 ], [ 126.917018754886527, 37.575039169448942 ], [ 126.921894887232824, 37.571906187640451 ] ] ] } },
{ "type": "Feature", "properties": { "adm_nm": "서울특별시 서대문구 남가좌2동", "ADM_CD": "1141070000", "sggnm": "서대문구" }, "geometry": { "type": "Polygon", "coordinates": [ [ [ 126.92730611671081, 37.575936737216722 ], [ 126.921894887232824, 37.571906187640451 ], [ 126.917018754886527, 37.575039169448942 ], [ 126.915132247383951, 37.575161618635143 ], [ 126.914530040597072, 37.575240914344668 ], [ 126.914969305924927, 37.576264995962632 ], [ 126.915560710343854, 37.578389460841144 ], [ 126.918101086665445, 37.580481858810906 ], [ 126.921531755407528, 37.580879537119081 ], [ 126.921124349030336, 37.582462014883568 ], [ 126.920814774592529, 37.582912350811597 ], [ 126.923024656760418, 37.585000344923699 ], [ 126.923210689852453, 37.584284687309008 ], [ 126.92392596348985, 37.583869065297108 ], [ 126.924282933943118, 37.583299572345169 ], [ 126.92462051751626, 37.582572257857642 ], [ 126.924497956342449, 37.581850587409768 ], [ 126.925197736832146, 37.579500269818745 ], [ 126.92730611671081, 37.575936737216722 ] ] ] } },
{ "type": "Feature", "properties": { "adm_nm": "서울특별시 서대문구 북가좌1동", "ADM_CD": "1141071000", "sggnm": "서대문구" }, "geometry": { "type": "Polygon", "coordinates": [ [ [ 126.913286627275028, 37.575392482239252 ], [ 126.915132247383951, 37.575161618635143 ], [ 126.913249288645943, 37.573746219858862 ], [ 126.911395982484549, 37.572581148093469 ], [ 126.911283968452082, 37.572175863868004 ], [ 126.911805113275136, 37.570278988464551 ], [ 126.904778560315862, 37.573392848705787 ], [ 126.901607445194486, 37.575462298173171 ], [ 126.903126961678183, 37.576891886512406 ], [ 126.906294302678148, 37.580118862505039 ], [ 126.910117291022686, 37.577562784058522 ], [ 126.912778520626631, 37.575561210911175 ], [ 126.913286627275028, 37.575392482239252 ] ] ] } },
{ "type": "Feature", "properties": { "adm_nm": "서울특별시 서대문구 북가좌2동", "ADM_CD": "1141072000", "sggnm": "서대문구" }, "geometry": { "type": "Polygon", "coordinates": [ [ [ 126.920814774592529, 37.582912350811597 ], [ 126.921124349030336, 37.582462014883568 ], [ 126.921531755407528, 37.580879537119081 ], [ 126.918101086665445, 37.580481858810906 ], [ 126.915560710343854, 37.578389460841144 ], [ 126.914969305924927, 37.576264995962632 ], [ 126.914530040597072, 37.575240914344668 ], [ 126.913286627275028, 37.575392482239252 ], [ 126.912778520626631, 37.575561210911175 ], [ 126.910117291022686, 37.577562784058522 ], [ 126.906294302678148, 37.580118862505039 ], [ 126.912552642969544, 37.586022414033927 ], [ 126.912823419954293, 37.586336977430229 ], [ 126.91314787173016, 37.587034862643868 ], [ 126.915442655996898, 37.585492919519254 ], [ 126.915825094117906, 37.583144222903734 ], [ 126.918907205905981, 37.583407264570049 ], [ 126.91968159299789, 37.583326532906113 ], [ 126.920814774592529, 37.582912350811597 ] ] ] } },
{ "type": "Feature", "properties": { "adm_nm": "서울특별시 서대문구 충현동", "ADM_CD": "1141056500", "sggnm": "서대문구" }, "geometry": { "type": "Polygon", "coordinates": [ [ [ 126.9658121875202, 37.566669014627266 ], [ 126.966773538263666, 37.565794364030033 ], [ 126.969592461756264, 37.562013622451509 ], [ 126.967922280367361, 37.561643341971163 ], [ 126.966901431932655, 37.56130638041185 ], [ 126.965238013903189, 37.560171032624588 ], [ 126.963758536108458, 37.559349729558868 ], [ 126.963609504822287, 37.559309617728339 ], [ 126.962067901040683, 37.559260916560895 ], [ 126.959226936692446, 37.561970005252462 ], [ 126.958192969381258, 37.561880763464664 ], [ 126.953430737699264, 37.561151255611229 ], [ 126.95252930270297, 37.560939769262141 ], [ 126.950683789505391, 37.560256313686395 ], [ 126.949864770539762, 37.559809739755707 ], [ 126.949595477929805, 37.560198958851934 ], [ 126.949511290001084, 37.560533650971955 ], [ 126.949215427733279, 37.565156177389447 ], [ 126.949680300230241, 37.56613067300718 ], [ 126.950001105881597, 37.566475111128767 ], [ 126.949692238464806, 37.568456185881843 ], [ 126.953667440470682, 37.569344443107234 ], [ 126.956412280570319, 37.566777029665715 ], [ 126.958936447088647, 37.565540260720972 ], [ 126.962543247685005, 37.565895065053773 ], [ 126.962742230295987, 37.566166049255393 ], [ 126.962954598736843, 37.566245856273028 ], [ 126.965514279028923, 37.566667621198306 ], [ 126.9658121875202, 37.566669014627266 ] ] ] } },
{ "type": "Feature", "properties": { "adm_nm": "서울특별시 서대문구 북아현동", "ADM_CD": "1141055500", "sggnm": "서대문구" }, "geometry": { "type": "Polygon", "coordinates": [ [ [ 126.962067901040683, 37.559260916560895 ], [ 126.961483486396077, 37.558853771875881 ], [ 126.95870842292932, 37.556659821914863 ], [ 126.958684768316758, 37.556843372042259 ], [ 126.958485258860009, 37.557236822832543 ], [ 126.957069314416614, 37.557479147874361 ], [ 126.954984449856667, 37.557434435629155 ], [ 126.954315800009681, 37.557299837866019 ], [ 126.951952896665901, 37.55712665080523 ], [ 126.948846951556831, 37.556970794758904 ], [ 126.949864770539762, 37.559809739755707 ], [ 126.950683789505391, 37.560256313686395 ], [ 126.95252930270297, 37.560939769262141 ], [ 126.953430737699264, 37.561151255611229 ], [ 126.958192969381258, 37.561880763464664 ], [ 126.959226936692446, 37.561970005252462 ], [ 126.962067901040683, 37.559260916560895 ] ] ] } },
{ "type": "Feature", "properties": { "adm_nm": "서울특별시 서대문구 신촌동", "ADM_CD": "1141058500", "sggnm": "서대문구" }, "geometry": { "type": "Polygon", "coordinates": [ [ [ 126.949692238464806, 37.568456185881843 ], [ 126.950001105881597, 37.566475111128767 ], [ 126.949680300230241, 37.56613067300718 ], [ 126.949215427733279, 37.565156177389447 ], [ 126.949511290001084, 37.560533650971955 ], [ 126.949595477929805, 37.560198958851934 ], [ 126.949864770539762, 37.559809739755707 ], [ 126.948846951556831, 37.556970794758904 ], [ 126.946812204596114, 37.556849451336603 ], [ 126.946801312912854, 37.556957111278514 ], [ 126.944685153605519, 37.556838994773308 ], [ 126.941047680324473, 37.556443403455859 ], [ 126.93686652452007, 37.555103199908011 ], [ 126.936440135503929, 37.555198689398239 ], [ 126.935107637200673, 37.555667160193693 ], [ 126.926625304720801, 37.558831594500134 ], [ 126.92649438868574, 37.559200509570601 ], [ 126.92667753640022, 37.560583766094581 ], [ 126.927198908163177, 37.56182912348396 ], [ 126.928477627339902, 37.560991397819279 ], [ 126.929565874139456, 37.560923440913591 ], [ 126.930821183414153, 37.560960514727974 ], [ 126.931174543617104, 37.561087810369145 ], [ 126.931423491662912, 37.56123653551024 ], [ 126.933062487233386, 37.563123550124892 ], [ 126.933645357184488, 37.564600263871469 ], [ 126.934474391045782, 37.566233446657435 ], [ 126.937227757030882, 37.568159708046608 ], [ 126.939310629297026, 37.569405885522762 ], [ 126.941349944460654, 37.570098024840604 ], [ 126.942651947115507, 37.570321628449875 ], [ 126.943364583822557, 37.570901851487285 ], [ 126.943509837449483, 37.57106928508054 ], [ 126.944042302846455, 37.572180447898241 ], [ 126.944014279395077, 37.572809003768796 ], [ 126.943967080682171, 37.572968770118734 ], [ 126.943916683769771, 37.573083454154933 ], [ 126.943702335054567, 37.573241856036113 ], [ 126.943489675798119, 37.573492680328961 ], [ 126.943433574694453, 37.574185288266214 ], [ 126.943488263045737, 37.574539278658165 ], [ 126.943530410497715, 37.574678140144513 ], [ 126.944737086302467, 37.57659805177294 ], [ 126.9467513512501, 37.576812565933075 ], [ 126.947524258326411, 37.576122204014673 ], [ 126.948952931672594, 37.575715336018661 ], [ 126.949039031698533, 37.575652643803906 ], [ 126.949075383293277, 37.575522118536064 ], [ 126.949047099628046, 37.574654442555605 ], [ 126.94879289892063, 37.573996401075981 ], [ 126.947861662756509, 37.573249003239106 ], [ 126.947671557476525, 37.572790068605585 ], [ 126.948941160568268, 37.56943628807204 ], [ 126.949692238464806, 37.568456185881843 ] ] ] } },
{ "type": "Feature", "properties": { "adm_nm": "서울특별시 서대문구 연희동", "ADM_CD": "1141061500", "sggnm": "서대문구" }, "geometry": { "type": "Polygon", "coordinates": [ [ [ 126.9467513512501, 37.576812565933075 ], [ 126.944737086302467, 37.57659805177294 ], [ 126.943530410497715, 37.574678140144513 ], [ 126.943433574694453, 37.574185288266214 ], [ 126.943489675798119, 37.573492680328961 ], [ 126.943702335054567, 37.573241856036113 ], [ 126.943916683769771, 37.573083454154933 ], [ 126.943967080682171, 37.572968770118734 ], [ 126.944014279395077, 37.572809003768796 ], [ 126.944042302846455, 37.572180447898241 ], [ 126.943509837449483, 37.57106928508054 ], [ 126.943364583822557, 37.570901851487285 ], [ 126.942651947115507, 37.570321628449875 ], [ 126.941349944460654, 37.570098024840604 ], [ 126.939310629297026, 37.569405885522762 ], [ 126.937227757030882, 37.568159708046608 ], [ 126.934474391045782, 37.566233446657435 ], [ 126.933645357184488, 37.564600263871469 ], [ 126.933062487233386, 37.563123550124892 ], [ 126.931423491662912, 37.56123653551024 ], [ 126.931174543617104, 37.561087810369145 ], [ 126.930821183414153, 37.560960514727974 ], [ 126.929565874139456, 37.560923440913591 ], [ 126.928477627339902, 37.560991397819279 ], [ 126.927198908163177, 37.56182912348396 ], [ 126.928246698836716, 37.563343932616469 ], [ 126.926823008446434, 37.564522297268105 ], [ 126.926304020414761, 37.564915759848724 ], [ 126.925686206145215, 37.565291929303328 ], [ 126.924739512213648, 37.565725599088829 ], [ 126.917741801760783, 37.567443282041218 ], [ 126.916854401597547, 37.567887322535022 ], [ 126.921894887232824, 37.571906187640451 ], [ 126.92730611671081, 37.575936737216722 ], [ 126.932102439519454, 37.578405979923744 ], [ 126.933261667029655, 37.578897149826417 ], [ 126.935493933172836, 37.579677367834776 ], [ 126.93662573117642, 37.580151472470021 ], [ 126.937389646110518, 37.580647235730012 ], [ 126.937705853038963, 37.581098526125004 ], [ 126.937902257246634, 37.581618824393161 ], [ 126.937807072551223, 37.581852756312067 ], [ 126.93748265509754, 37.582351456048805 ], [ 126.937193901767316, 37.582543108514699 ], [ 126.940842578414092, 37.58390646283884 ], [ 126.941870741462282, 37.580828736691331 ], [ 126.944710177198132, 37.577459827213751 ], [ 126.94513111798571, 37.577200425873187 ], [ 126.945906612700185, 37.576949428932934 ], [ 126.9467513512501, 37.576812565933075 ] ] ] } },
{ "type": "Feature", "properties": { "adm_nm": "서울특별시 마포구 용강동", "ADM_CD": "1144059000", "sggnm": "마포구" }, "geometry": { "type": "Polygon", "coordinates": [ [ [ 126.944528188807396, 37.545147999895136 ], [ 126.945517840430156, 37.544494701765096 ], [ 126.947805133924135, 37.543360597883201 ], [ 126.949232564868254, 37.543310972488065 ], [ 126.949681604115952, 37.543818926683031 ], [ 126.950697124076569, 37.543397772139691 ], [ 126.949772862498065, 37.542373081166588 ], [ 126.949165550230262, 37.541841460491042 ], [ 126.943749464569095, 37.53798195499445 ], [ 126.941213383821022, 37.536451806872407 ], [ 126.935815950818736, 37.538995855059817 ], [ 126.936633058136024, 37.541398133149535 ], [ 126.937061003894684, 37.542161813938307 ], [ 126.938767707295511, 37.544288137452511 ], [ 126.940731408753138, 37.546613890545075 ], [ 126.944528188807396, 37.545147999895136 ] ] ] } },
{ "type": "Feature", "properties": { "adm_nm": "서울특별시 마포구 대흥동", "ADM_CD": "1144060000", "sggnm": "마포구" }, "geometry": { "type": "Polygon", "coordinates": [ [ [ 126.946812204596114, 37.556849451336603 ], [ 126.946504408130039, 37.556739308144842 ], [ 126.946556351650159, 37.553878332820375 ], [ 126.946666760460204, 37.553057832620489 ], [ 126.945267713530598, 37.549524110677822 ], [ 126.945070904007977, 37.549538959469821 ], [ 126.944935501560181, 37.54947860871642 ], [ 126.944843589988096, 37.549374521576503 ], [ 126.943748573723283, 37.547433723625765 ], [ 126.943720222558724, 37.547063867763868 ], [ 126.943769982581941, 37.546837807834436 ], [ 126.944528188807396, 37.545147999895136 ], [ 126.940731408753138, 37.546613890545075 ], [ 126.939866002786189, 37.547384947974706 ], [ 126.939905229583601, 37.547626247402569 ], [ 126.937461337991081, 37.550648789161144 ], [ 126.937037086020368, 37.551033783260735 ], [ 126.936493608165151, 37.55137201278955 ], [ 126.935365485985557, 37.551781243223601 ], [ 126.934055974373791, 37.552607540112817 ], [ 126.93371808160218, 37.553109645101486 ], [ 126.93407931603565, 37.553424478912795 ], [ 126.93686652452007, 37.555103199908011 ], [ 126.941047680324473, 37.556443403455859 ], [ 126.944685153605519, 37.556838994773308 ], [ 126.946801312912854, 37.556957111278514 ], [ 126.946812204596114, 37.556849451336603 ] ] ] } },
{ "type": "Feature", "properties": { "adm_nm": "서울특별시 마포구 염리동", "ADM_CD": "1144061000", "sggnm": "마포구" }, "geometry": { "type": "Polygon", "coordinates": [ [ [ 126.949681604115952, 37.543818926683031 ], [ 126.949232564868254, 37.543310972488065 ], [ 126.947805133924135, 37.543360597883201 ], [ 126.945517840430156, 37.544494701765096 ], [ 126.944528188807396, 37.545147999895136 ], [ 126.943739296340311, 37.546968358803127 ], [ 126.943748573723283, 37.547433723625765 ], [ 126.944691748011721, 37.549145090471868 ], [ 126.944935501560181, 37.54947860871642 ], [ 126.945070904007977, 37.549538959469821 ], [ 126.945267713530598, 37.549524110677822 ], [ 126.946666760460204, 37.553057832620489 ], [ 126.946556351650159, 37.553878332820375 ], [ 126.946504408130039, 37.556739308144842 ], [ 126.946812204596114, 37.556849451336603 ], [ 126.948846951556831, 37.556970794758904 ], [ 126.948762709215785, 37.555427408559908 ], [ 126.949626134144665, 37.555020914250221 ], [ 126.950406528876726, 37.553974888734579 ], [ 126.950648087880268, 37.55297439022646 ], [ 126.949977000756419, 37.547625147213921 ], [ 126.948484383612296, 37.545952939673853 ], [ 126.948037354754632, 37.545548637494754 ], [ 126.947769138078158, 37.545369353496831 ], [ 126.947879226979552, 37.544643208927596 ], [ 126.949681604115952, 37.543818926683031 ] ] ] } },
{ "type": "Feature", "properties": { "adm_nm": "서울특별시 마포구 신수동", "ADM_CD": "1144063000", "sggnm": "마포구" }, "geometry": { "type": "Polygon", "coordinates": [ [ [ 126.940731408753138, 37.546613890545075 ], [ 126.938767707295511, 37.544288137452511 ], [ 126.937061003894684, 37.542161813938307 ], [ 126.936633058136024, 37.541398133149535 ], [ 126.935815950818736, 37.538995855059817 ], [ 126.930262404810932, 37.541319535649933 ], [ 126.928004658022218, 37.541496648265806 ], [ 126.930364497654395, 37.5451432532128 ], [ 126.931383188036648, 37.545085399929533 ], [ 126.931903896000861, 37.545460839094751 ], [ 126.93258034221185, 37.547332694374354 ], [ 126.932897741787912, 37.549317753132428 ], [ 126.932960611245306, 37.54998505230067 ], [ 126.93295985322726, 37.551482131783011 ], [ 126.93371808160218, 37.553109645101486 ], [ 126.934055974373791, 37.552607540112817 ], [ 126.935365485985557, 37.551781243223601 ], [ 126.936493608165151, 37.55137201278955 ], [ 126.937037086020368, 37.551033783260735 ], [ 126.937461337991081, 37.550648789161144 ], [ 126.939905229583601, 37.547626247402569 ], [ 126.939866002786189, 37.547384947974706 ], [ 126.940731408753138, 37.546613890545075 ] ] ] } },
{ "type": "Feature", "properties": { "adm_nm": "서울특별시 마포구 서교동", "ADM_CD": "1144066000", "sggnm": "마포구" }, "geometry": { "type": "Polygon", "coordinates": [ [ [ 126.913534779295262, 37.549483237084367 ], [ 126.911658235926708, 37.554219560993417 ], [ 126.908797589559725, 37.557418691645879 ], [ 126.909089265990858, 37.557656683789453 ], [ 126.910651707813102, 37.558030737045634 ], [ 126.912010661993435, 37.558261721503627 ], [ 126.91541674543241, 37.558231315619125 ], [ 126.916165391770193, 37.558303324027293 ], [ 126.917602078244144, 37.558838154880341 ], [ 126.91877993188389, 37.557540433902552 ], [ 126.921613654098223, 37.559465942040426 ], [ 126.926252452388411, 37.561220601914144 ], [ 126.927142875285298, 37.56175108622682 ], [ 126.92667753640022, 37.560583766094581 ], [ 126.92649438868574, 37.559200509570601 ], [ 126.926625304720801, 37.558831594500134 ], [ 126.935107637200673, 37.555667160193693 ], [ 126.936440135503929, 37.555198689398239 ], [ 126.93686652452007, 37.555103199908011 ], [ 126.93407931603565, 37.553424478912795 ], [ 126.930944905489355, 37.554713564545871 ], [ 126.929310670578133, 37.554151240365144 ], [ 126.925518325295101, 37.553331379860332 ], [ 126.925042726904991, 37.553174745270724 ], [ 126.924217921338709, 37.552393279177032 ], [ 126.924096081735982, 37.552227062475779 ], [ 126.924094419930796, 37.551891302656628 ], [ 126.924214481676671, 37.551552756419028 ], [ 126.924235535632889, 37.550929802965541 ], [ 126.921851748552797, 37.549099687003633 ], [ 126.921151550060429, 37.548698536982066 ], [ 126.920295420246148, 37.548313531134248 ], [ 126.918736324471141, 37.548428098031081 ], [ 126.915085567807907, 37.549177904658549 ], [ 126.914387707503565, 37.549765052210525 ], [ 126.915620023545856, 37.550701229505499 ], [ 126.915409112029849, 37.550882153836795 ], [ 126.913534779295262, 37.549483237084367 ] ] ] } },
{ "type": "Feature", "properties": { "adm_nm": "서울특별시 마포구 합정동", "ADM_CD": "1144068000", "sggnm": "마포구" }, "geometry": { "type": "Polygon", "coordinates": [ [ [ 126.913534779295262, 37.549483237084367 ], [ 126.915409112029849, 37.550882153836795 ], [ 126.915620023545856, 37.550701229505499 ], [ 126.914387707503565, 37.549765052210525 ], [ 126.915085567807907, 37.549177904658549 ], [ 126.918736324471141, 37.548428098031081 ], [ 126.920295420246148, 37.548313531134248 ], [ 126.919689225800226, 37.54730779007572 ], [ 126.916695908357738, 37.543462313717612 ], [ 126.917079992582586, 37.542780307604623 ], [ 126.917103683154579, 37.541422449014803 ], [ 126.904982932241595, 37.541320211396943 ], [ 126.902179871034605, 37.544066397874616 ], [ 126.90175156471895, 37.545129715948413 ], [ 126.899000403610387, 37.547915259506063 ], [ 126.90106404766631, 37.54998079137043 ], [ 126.902835256310581, 37.551463463644218 ], [ 126.911658235926708, 37.554219560993417 ], [ 126.913534779295262, 37.549483237084367 ] ] ] } },
{ "type": "Feature", "properties": { "adm_nm": "서울특별시 마포구 망원1동", "ADM_CD": "1144069000", "sggnm": "마포구" }, "geometry": { "type": "Polygon", "coordinates": [ [ [ 126.908188978122752, 37.558047751522338 ], [ 126.911658235926708, 37.554219560993417 ], [ 126.902835256310581, 37.551463463644218 ], [ 126.90106404766631, 37.54998079137043 ], [ 126.899000403610387, 37.547915259506063 ], [ 126.890629748393408, 37.551173273696101 ], [ 126.891792188109505, 37.553435589322795 ], [ 126.89440931780301, 37.5575438467325 ], [ 126.896867476362559, 37.555362784265391 ], [ 126.899939228068249, 37.556333317126388 ], [ 126.908188978122752, 37.558047751522338 ] ] ] } },
{ "type": "Feature", "properties": { "adm_nm": "서울특별시 마포구 망원2동", "ADM_CD": "1144070000", "sggnm": "마포구" }, "geometry": { "type": "Polygon", "coordinates": [ [ [ 126.904304870406591, 37.562397559411991 ], [ 126.908188978122752, 37.558047751522338 ], [ 126.899939228068249, 37.556333317126388 ], [ 126.896867476362559, 37.555362784265391 ], [ 126.89440931780301, 37.5575438467325 ], [ 126.892928088388501, 37.558977777536057 ], [ 126.894321512605686, 37.559890488821104 ], [ 126.902355399502113, 37.563174017211452 ], [ 126.903337288170633, 37.56330283738474 ], [ 126.903810082180129, 37.56278710340527 ], [ 126.904304870406591, 37.562397559411991 ] ] ] } },
{ "type": "Feature", "properties": { "adm_nm": "서울특별시 마포구 연남동", "ADM_CD": "1144071000", "sggnm": "마포구" }, "geometry": { "type": "Polygon", "coordinates": [ [ [ 126.928246698836716, 37.563343932616469 ], [ 126.927142875285298, 37.56175108622682 ], [ 126.926252452388411, 37.561220601914144 ], [ 126.921613654098223, 37.559465942040426 ], [ 126.91877993188389, 37.557540433902552 ], [ 126.917602078244144, 37.558838154880341 ], [ 126.91791422979226, 37.559290341815306 ], [ 126.917946542322099, 37.559409857293858 ], [ 126.918150714567673, 37.560534246554951 ], [ 126.91811477066679, 37.560983607272242 ], [ 126.91785818935071, 37.561840108469617 ], [ 126.917580454878419, 37.562504709211055 ], [ 126.9175513282173, 37.562548041896669 ], [ 126.917385862787071, 37.562531451023524 ], [ 126.917094716366464, 37.563570972646474 ], [ 126.916949231129649, 37.564437893230604 ], [ 126.916662923311947, 37.566938836606681 ], [ 126.917741801760783, 37.567443282041218 ], [ 126.924739512213648, 37.565725599088829 ], [ 126.925686206145215, 37.565291929303328 ], [ 126.926304020414761, 37.564915759848724 ], [ 126.926823008446434, 37.564522297268105 ], [ 126.928246698836716, 37.563343932616469 ] ] ] } },
{ "type": "Feature", "properties": { "adm_nm": "서울특별시 마포구 성산1동", "ADM_CD": "1144072000", "sggnm": "마포구" }, "geometry": { "type": "Polygon", "coordinates": [ [ [ 126.917602078244144, 37.558838154880341 ], [ 126.916434808035433, 37.558373709877138 ], [ 126.915756966287375, 37.558249899911999 ], [ 126.912010661993435, 37.558261721503627 ], [ 126.910651707813102, 37.558030737045634 ], [ 126.909089265990858, 37.557656683789453 ], [ 126.908797589559725, 37.557418691645879 ], [ 126.908188978122752, 37.558047751522338 ], [ 126.904304870406591, 37.562397559411991 ], [ 126.903584092417447, 37.563372541552958 ], [ 126.915437395609288, 37.566814467835428 ], [ 126.916662923311947, 37.566938836606681 ], [ 126.916949231129649, 37.564437893230604 ], [ 126.917094716366464, 37.563570972646474 ], [ 126.917385862787071, 37.562531451023524 ], [ 126.9175513282173, 37.562548041896669 ], [ 126.917580454878419, 37.562504709211055 ], [ 126.91785818935071, 37.561840108469617 ], [ 126.91811477066679, 37.560983607272242 ], [ 126.918150714567673, 37.560534246554951 ], [ 126.917946542322099, 37.559409857293858 ], [ 126.91791422979226, 37.559290341815306 ], [ 126.917602078244144, 37.558838154880341 ] ] ] } },
{ "type": "Feature", "properties": { "adm_nm": "서울특별시 마포구 성산2동", "ADM_CD": "1144073000", "sggnm": "마포구" }, "geometry": { "type": "Polygon", "coordinates": [ [ [ 126.911805113275136, 37.570278988464551 ], [ 126.917741801760783, 37.567443282041218 ], [ 126.916662923311947, 37.566938836606681 ], [ 126.915437395609288, 37.566814467835428 ], [ 126.903584092417447, 37.563372541552958 ], [ 126.904304870406591, 37.562397559411991 ], [ 126.903810082180129, 37.56278710340527 ], [ 126.903337288170633, 37.56330283738474 ], [ 126.902355399502113, 37.563174017211452 ], [ 126.894321512605686, 37.559890488821104 ], [ 126.893644012781962, 37.561411451230782 ], [ 126.894384496282839, 37.563025045317126 ], [ 126.894776031644511, 37.564063790620587 ], [ 126.895100856838411, 37.565201148513701 ], [ 126.894858296717857, 37.566491080099837 ], [ 126.893689286686836, 37.567174609781176 ], [ 126.892800826419673, 37.567629782603724 ], [ 126.891970685507346, 37.568385567549214 ], [ 126.891163375327977, 37.569704524121185 ], [ 126.891217356888887, 37.570897954051084 ], [ 126.892144193127024, 37.572853009951878 ], [ 126.892307711647419, 37.57293722599433 ], [ 126.8935373269602, 37.573259019234641 ], [ 126.893929417865181, 37.573261032906608 ], [ 126.89401596557299, 37.573216187464517 ], [ 126.894405164585976, 37.57272154230715 ], [ 126.894568510341827, 37.572652526114609 ], [ 126.896571770367231, 37.572882485339655 ], [ 126.899101299425539, 37.573251515130295 ], [ 126.900294056297312, 37.573838849188931 ], [ 126.901607445194486, 37.575462298173171 ], [ 126.904778560315862, 37.573392848705787 ], [ 126.911805113275136, 37.570278988464551 ] ] ] } },
{ "type": "Feature", "properties": { "adm_nm": "서울특별시 마포구 상암동", "ADM_CD": "1144074000", "sggnm": "마포구" }, "geometry": { "type": "Polygon", "coordinates": [ [ [ 126.898200252972842, 37.578261684023914 ], [ 126.90163847013622, 37.57591876001031 ], [ 126.902819815584564, 37.577147108356357 ], [ 126.903126961678183, 37.576891886512406 ], [ 126.901607445194486, 37.575462298173171 ], [ 126.900294056297312, 37.573838849188931 ], [ 126.899101299425539, 37.573251515130295 ], [ 126.896571770367231, 37.572882485339655 ], [ 126.894568510341827, 37.572652526114609 ], [ 126.894405164585976, 37.57272154230715 ], [ 126.89401596557299, 37.573216187464517 ], [ 126.893929417865181, 37.573261032906608 ], [ 126.8935373269602, 37.573259019234641 ], [ 126.892307711647419, 37.57293722599433 ], [ 126.892144193127024, 37.572853009951878 ], [ 126.892054710435048, 37.572716221119251 ], [ 126.891217356888887, 37.570897954051084 ], [ 126.891163375327977, 37.569704524121185 ], [ 126.891970685507346, 37.568385567549214 ], [ 126.892800826419673, 37.567629782603724 ], [ 126.893689286686836, 37.567174609781176 ], [ 126.894858296717857, 37.566491080099837 ], [ 126.895100856838411, 37.565201148513701 ], [ 126.894776031644511, 37.564063790620587 ], [ 126.894384496282839, 37.563025045317126 ], [ 126.893644012781962, 37.561411451230782 ], [ 126.894321512605686, 37.559890488821104 ], [ 126.892928088388501, 37.558977777536057 ], [ 126.89440931780301, 37.5575438467325 ], [ 126.891792188109505, 37.553435589322795 ], [ 126.890629748393408, 37.551173273696101 ], [ 126.8803807627434, 37.556175762833597 ], [ 126.872029543926232, 37.560038412294439 ], [ 126.863064434706743, 37.565004420184543 ], [ 126.859501441870606, 37.567325023915451 ], [ 126.855174220209321, 37.569975614797649 ], [ 126.853557333585314, 37.571805247320704 ], [ 126.8541170751827, 37.57385570359623 ], [ 126.859121881671769, 37.574864893382404 ], [ 126.86172335873313, 37.57585615430218 ], [ 126.864954081819732, 37.575836706681763 ], [ 126.866644572357842, 37.576453886507487 ], [ 126.867990670878868, 37.577392862108461 ], [ 126.873345125796192, 37.578846653578651 ], [ 126.876259257277937, 37.578962895675787 ], [ 126.877076568966586, 37.578902943249219 ], [ 126.877522204704164, 37.579515234992456 ], [ 126.877631667070119, 37.579748480666574 ], [ 126.877469584136875, 37.580308047155121 ], [ 126.876634428043374, 37.581559078118282 ], [ 126.876671821981873, 37.584121335104435 ], [ 126.877632064449656, 37.586202862908912 ], [ 126.880286489899774, 37.589640793863097 ], [ 126.882241017540835, 37.59093660473637 ], [ 126.887440648367473, 37.586467116132113 ], [ 126.889407924455284, 37.584817715450569 ], [ 126.889919955373344, 37.584441800020279 ], [ 126.892176867737476, 37.582939190977982 ], [ 126.895292683261161, 37.581463034049527 ], [ 126.896229836855298, 37.580854116993251 ], [ 126.896663248524249, 37.580488530797048 ], [ 126.897908384158029, 37.579169411550275 ], [ 126.898200252972842, 37.578261684023914 ] ] ] } },
{ "type": "Feature", "properties": { "adm_nm": "서울특별시 마포구 도화동", "ADM_CD": "1144058500", "sggnm": "마포구" }, "geometry": { "type": "Polygon", "coordinates": [ [ [ 126.956400908531023, 37.540584973834633 ], [ 126.953008125164189, 37.537847215186552 ], [ 126.952968467583588, 37.537425782751441 ], [ 126.952234664920326, 37.536803670046972 ], [ 126.951126913926601, 37.536212648753001 ], [ 126.949421705513785, 37.535870084438855 ], [ 126.947810606203603, 37.535622568392938 ], [ 126.946395538453771, 37.535742169963399 ], [ 126.946051963659627, 37.535595106098988 ], [ 126.945081515639444, 37.534934898649688 ], [ 126.944670246753162, 37.533752156148942 ], [ 126.941213383821022, 37.536451806872407 ], [ 126.943749464569095, 37.53798195499445 ], [ 126.949165550230262, 37.541841460491042 ], [ 126.949772862498065, 37.542373081166588 ], [ 126.950697124076569, 37.543397772139691 ], [ 126.956400908531023, 37.540584973834633 ] ] ] } },
{ "type": "Feature", "properties": { "adm_nm": "서울특별시 마포구 서강동", "ADM_CD": "1144065500", "sggnm": "마포구" }, "geometry": { "type": "Polygon", "coordinates": [ [ [ 126.93407931603565, 37.553424478912795 ], [ 126.93371808160218, 37.553109645101486 ], [ 126.93295985322726, 37.551482131783011 ], [ 126.932960611245306, 37.54998505230067 ], [ 126.932897741787912, 37.549317753132428 ], [ 126.93258034221185, 37.547332694374354 ], [ 126.931903896000861, 37.545460839094751 ], [ 126.931383188036648, 37.545085399929533 ], [ 126.930364497654395, 37.5451432532128 ], [ 126.928004658022218, 37.541496648265806 ], [ 126.930262404810932, 37.541319535649933 ], [ 126.927629959678214, 37.539029582790924 ], [ 126.923026539712694, 37.540594967898514 ], [ 126.922443226483765, 37.541386010063952 ], [ 126.917103683154579, 37.541422449014803 ], [ 126.917079992582586, 37.542780307604623 ], [ 126.916695908357738, 37.543462313717612 ], [ 126.919689225800226, 37.54730779007572 ], [ 126.920295420246148, 37.548313531134248 ], [ 126.921151550060429, 37.548698536982066 ], [ 126.921851748552797, 37.549099687003633 ], [ 126.924235535632889, 37.550929802965541 ], [ 126.924214481676671, 37.551552756419028 ], [ 126.924094419930796, 37.551891302656628 ], [ 126.924096081735982, 37.552227062475779 ], [ 126.924217921338709, 37.552393279177032 ], [ 126.925042726904991, 37.553174745270724 ], [ 126.925518325295101, 37.553331379860332 ], [ 126.929310670578133, 37.554151240365144 ], [ 126.930944905489355, 37.554713564545871 ], [ 126.93407931603565, 37.553424478912795 ] ] ] } },
{ "type": "Feature", "properties": { "adm_nm": "서울특별시 마포구 공덕동", "ADM_CD": "1144056500", "sggnm": "마포구" }, "geometry": { "type": "Polygon", "coordinates": [ [ [ 126.962386874394127, 37.551503993982486 ], [ 126.963942646073917, 37.549802681466161 ], [ 126.963686689820975, 37.548903165349337 ], [ 126.963199620272661, 37.548677481110552 ], [ 126.962934452889172, 37.548780050311578 ], [ 126.961620498465905, 37.547696956331272 ], [ 126.958629337918765, 37.545581887480026 ], [ 126.957803291916534, 37.542898836215194 ], [ 126.957700253941269, 37.542082640697977 ], [ 126.956400908531023, 37.540584973834633 ], [ 126.950465699546228, 37.543541550289497 ], [ 126.952057118123392, 37.54564452933743 ], [ 126.952210248215707, 37.545585592161167 ], [ 126.953989682833097, 37.54807647310308 ], [ 126.9577678217168, 37.555131099896023 ], [ 126.95870842292932, 37.556659821914863 ], [ 126.961483486396077, 37.558853771875881 ], [ 126.963036620826671, 37.558182581821903 ], [ 126.96321591360271, 37.557150258987349 ], [ 126.963098067438651, 37.556422980009167 ], [ 126.96205018456746, 37.55532645358582 ], [ 126.961838039218989, 37.555406608122212 ], [ 126.96170270446936, 37.555342928381336 ], [ 126.961661840271418, 37.553341718799274 ], [ 126.961707249935003, 37.552966388114619 ], [ 126.962136221591834, 37.55192200380381 ], [ 126.962386874394127, 37.551503993982486 ] ] ] } },
{ "type": "Feature", "properties": { "adm_nm": "서울특별시 마포구 아현동", "ADM_CD": "1144055500", "sggnm": "마포구" }, "geometry": { "type": "Polygon", "coordinates": [ [ [ 126.95870842292932, 37.556659821914863 ], [ 126.9577678217168, 37.555131099896023 ], [ 126.953989682833097, 37.54807647310308 ], [ 126.952210248215707, 37.545585592161167 ], [ 126.952057118123392, 37.54564452933743 ], [ 126.950465699546228, 37.543541550289497 ], [ 126.9506424895186, 37.543422322203959 ], [ 126.947879226979552, 37.544643208927596 ], [ 126.947769138078158, 37.545369353496831 ], [ 126.948037354754632, 37.545548637494754 ], [ 126.948484383612296, 37.545952939673853 ], [ 126.949977000756419, 37.547625147213921 ], [ 126.950648087880268, 37.55297439022646 ], [ 126.950406528876726, 37.553974888734579 ], [ 126.949626134144665, 37.555020914250221 ], [ 126.948762709215785, 37.555427408559908 ], [ 126.948846951556831, 37.556970794758904 ], [ 126.951952896665901, 37.55712665080523 ], [ 126.954315800009681, 37.557299837866019 ], [ 126.954984449856667, 37.557434435629155 ], [ 126.957069314416614, 37.557479147874361 ], [ 126.958485258860009, 37.557236822832543 ], [ 126.958684768316758, 37.556843372042259 ], [ 126.95870842292932, 37.556659821914863 ] ] ] } },
{ "type": "Feature", "properties": { "adm_nm": "서울특별시 양천구 목1동", "ADM_CD": "1147051000", "sggnm": "양천구" }, "geometry": { "type": "Polygon", "coordinates": [ [ [ 126.888481900902136, 37.530720970603063 ], [ 126.887607780364021, 37.52947935348697 ], [ 126.886955964820544, 37.528656871865266 ], [ 126.886314371996889, 37.528055268390773 ], [ 126.885346096208721, 37.527614205318613 ], [ 126.881731890778525, 37.526321580322012 ], [ 126.880509929506971, 37.525226275154431 ], [ 126.880276580805543, 37.524363134892802 ], [ 126.879822758019642, 37.522195303200064 ], [ 126.874453832883944, 37.522665896849958 ], [ 126.871158366848348, 37.523129662404727 ], [ 126.868590338383513, 37.523963223415215 ], [ 126.865396818593794, 37.52256707561142 ], [ 126.864317741393265, 37.526211143461502 ], [ 126.864174061260243, 37.527513381350637 ], [ 126.864011035351155, 37.529799695259463 ], [ 126.875046465155023, 37.531261311763004 ], [ 126.879614822287735, 37.531759733571477 ], [ 126.881480133065097, 37.53189457999602 ], [ 126.88252617417082, 37.531873013606472 ], [ 126.88373657230342, 37.531779061205377 ], [ 126.885065433122435, 37.531558397849864 ], [ 126.886427008910829, 37.531315355771625 ], [ 126.888481900902136, 37.530720970603063 ] ] ] } },
{ "type": "Feature", "properties": { "adm_nm": "서울특별시 양천구 목2동", "ADM_CD": "1147052000", "sggnm": "양천구" }, "geometry": { "type": "Polygon", "coordinates": [ [ [ 126.885156944634431, 37.543589608121742 ], [ 126.883489418610566, 37.54401468654914 ], [ 126.881887704518761, 37.543578173447322 ], [ 126.87749095637065, 37.541497753115912 ], [ 126.874373005495073, 37.53914002714675 ], [ 126.872669157001738, 37.537572784526198 ], [ 126.869446099719084, 37.539333524390841 ], [ 126.868467299833725, 37.539791367628908 ], [ 126.867930744694064, 37.54025493633177 ], [ 126.866162699431342, 37.544109979726244 ], [ 126.866329644914217, 37.544694440207024 ], [ 126.866857963806808, 37.54557053738057 ], [ 126.868534846979756, 37.547224445217722 ], [ 126.870048715915871, 37.546992570017608 ], [ 126.870701949465669, 37.547651760349119 ], [ 126.872421558382229, 37.547108837700947 ], [ 126.874018558186975, 37.546926905721193 ], [ 126.875013096853465, 37.546955834367203 ], [ 126.876846171578578, 37.547055657247121 ], [ 126.878135376191679, 37.547214556097884 ], [ 126.880713846322109, 37.547870316568748 ], [ 126.883247483155145, 37.545556978574879 ], [ 126.885156944634431, 37.543589608121742 ] ] ] } },
{ "type": "Feature", "properties": { "adm_nm": "서울특별시 양천구 목3동", "ADM_CD": "1147053000", "sggnm": "양천구" }, "geometry": { "type": "Polygon", "coordinates": [ [ [ 126.864982854506351, 37.550928043684614 ], [ 126.870701949465669, 37.547651760349119 ], [ 126.870048715915871, 37.546992570017608 ], [ 126.868534846979756, 37.547224445217722 ], [ 126.866857963806808, 37.54557053738057 ], [ 126.866329644914217, 37.544694440207024 ], [ 126.866266280259126, 37.544494734234057 ], [ 126.866162699431342, 37.544109979726244 ], [ 126.867930744694064, 37.54025493633177 ], [ 126.868467299833725, 37.539791367628908 ], [ 126.863672357831675, 37.539283396166034 ], [ 126.862939034815028, 37.542473490405392 ], [ 126.862343656747569, 37.543602820205905 ], [ 126.862159446398209, 37.544136870254761 ], [ 126.862174458124016, 37.544475505679891 ], [ 126.862541025976952, 37.54585374025271 ], [ 126.864284731134632, 37.551389512302173 ], [ 126.864982854506351, 37.550928043684614 ] ] ] } },
{ "type": "Feature", "properties": { "adm_nm": "서울특별시 양천구 목4동", "ADM_CD": "1147054000", "sggnm": "양천구" }, "geometry": { "type": "Polygon", "coordinates": [ [ [ 126.872669157001738, 37.537572784526198 ], [ 126.871367296202422, 37.536497765228305 ], [ 126.870151327787184, 37.535392769209949 ], [ 126.867898089105381, 37.531615189257792 ], [ 126.867187103558194, 37.530220089276213 ], [ 126.864011035351155, 37.529799695259463 ], [ 126.863494836339541, 37.535599312396734 ], [ 126.863672357831675, 37.539283396166034 ], [ 126.868467299833725, 37.539791367628908 ], [ 126.869446099719084, 37.539333524390841 ], [ 126.872669157001738, 37.537572784526198 ] ] ] } },
{ "type": "Feature", "properties": { "adm_nm": "서울특별시 양천구 신월1동", "ADM_CD": "1147056000", "sggnm": "양천구" }, "geometry": { "type": "Polygon", "coordinates": [ [ [ 126.840485322698953, 37.526537328449173 ], [ 126.834894841197979, 37.525551676324937 ], [ 126.832506588346675, 37.529722600598888 ], [ 126.82832436492329, 37.535754465703725 ], [ 126.835165350169419, 37.536912354093438 ], [ 126.834726674184935, 37.53603400665196 ], [ 126.840485322698953, 37.526537328449173 ] ] ] } },
{ "type": "Feature", "properties": { "adm_nm": "서울특별시 양천구 신월2동", "ADM_CD": "1147057000", "sggnm": "양천구" }, "geometry": { "type": "Polygon", "coordinates": [ [ [ 126.851612300657749, 37.521721523172722 ], [ 126.848534289758632, 37.52252368495845 ], [ 126.847998782256525, 37.522534250064972 ], [ 126.84759820752096, 37.522481337143923 ], [ 126.847292026812326, 37.52239063729067 ], [ 126.847020262360644, 37.522247172738339 ], [ 126.846810324834252, 37.522070249871064 ], [ 126.846924644949013, 37.521940344350391 ], [ 126.848663211785322, 37.520711774025685 ], [ 126.848505010799215, 37.517025298800384 ], [ 126.848480723470814, 37.51698365951524 ], [ 126.845676809206182, 37.517989881124372 ], [ 126.840485322698953, 37.526537328449173 ], [ 126.848895558325509, 37.527898817829517 ], [ 126.851680134462939, 37.522628877221329 ], [ 126.851612300657749, 37.521721523172722 ] ] ] } },
{ "type": "Feature", "properties": { "adm_nm": "서울특별시 양천구 신월3동", "ADM_CD": "1147058000", "sggnm": "양천구" }, "geometry": { "type": "Polygon", "coordinates": [ [ [ 126.82832436492329, 37.535754465703725 ], [ 126.832506588346675, 37.529722600598888 ], [ 126.834894841197979, 37.525551676324937 ], [ 126.825915911588268, 37.524076677363581 ], [ 126.826446868309816, 37.524960788819079 ], [ 126.828153978207126, 37.52579857207941 ], [ 126.828230152243208, 37.526214196010827 ], [ 126.828805190391137, 37.52651114665624 ], [ 126.828460629231387, 37.526702789372898 ], [ 126.82785606360801, 37.528179730603043 ], [ 126.828143412779625, 37.529033040568464 ], [ 126.827091705243575, 37.52980041242791 ], [ 126.82549355628521, 37.529820663399839 ], [ 126.824736469160314, 37.53063282949396 ], [ 126.823451557993053, 37.532540214095732 ], [ 126.823514168297862, 37.533774031692381 ], [ 126.82273976828229, 37.533769592973719 ], [ 126.822649916812793, 37.534190019884711 ], [ 126.821820138920415, 37.534870512199333 ], [ 126.822395551873768, 37.536489058402978 ], [ 126.822308862694513, 37.537917805923442 ], [ 126.821591769062636, 37.53972471742037 ], [ 126.822147107489741, 37.54067925643016 ], [ 126.824425887303349, 37.541380681052559 ], [ 126.825703316384406, 37.539838832535082 ], [ 126.82832436492329, 37.535754465703725 ] ] ] } },
{ "type": "Feature", "properties": { "adm_nm": "서울특별시 양천구 신월4동", "ADM_CD": "1147059000", "sggnm": "양천구" }, "geometry": { "type": "Polygon", "coordinates": [ [ [ 126.844437398425939, 37.520042560430248 ], [ 126.839445394292241, 37.51708655149897 ], [ 126.837903715814321, 37.520597651058488 ], [ 126.837200231204051, 37.521848831905608 ], [ 126.834894841197979, 37.525551676324937 ], [ 126.840485322698953, 37.526537328449173 ], [ 126.844437398425939, 37.520042560430248 ] ] ] } },
{ "type": "Feature", "properties": { "adm_nm": "서울특별시 양천구 신월5동", "ADM_CD": "1147060000", "sggnm": "양천구" }, "geometry": { "type": "Polygon", "coordinates": [ [ [ 126.829742069395749, 37.547666365362183 ], [ 126.83034918756907, 37.54577067857889 ], [ 126.829737353585799, 37.544073651212443 ], [ 126.830217040503868, 37.542676497034634 ], [ 126.830047120807038, 37.542430799475063 ], [ 126.830083826073761, 37.541719146783372 ], [ 126.833139886592491, 37.541841487902168 ], [ 126.833778638173897, 37.539871149768601 ], [ 126.835165350169419, 37.536912354093438 ], [ 126.82832436492329, 37.535754465703725 ], [ 126.825703316384406, 37.539838832535082 ], [ 126.824425887303349, 37.541380681052559 ], [ 126.825406971343213, 37.541650602252659 ], [ 126.82525495175453, 37.542148990176116 ], [ 126.826134176678465, 37.542809896953472 ], [ 126.825730556090889, 37.543943156418301 ], [ 126.825933838647288, 37.544702572414792 ], [ 126.826795944246641, 37.545779841696501 ], [ 126.827546743587817, 37.547056733689608 ], [ 126.827602587305179, 37.54768356917269 ], [ 126.829742069395749, 37.547666365362183 ] ] ] } },
{ "type": "Feature", "properties": { "adm_nm": "서울특별시 양천구 신월6동", "ADM_CD": "1147061000", "sggnm": "양천구" }, "geometry": { "type": "Polygon", "coordinates": [ [ [ 126.848480723470814, 37.51698365951524 ], [ 126.848566408447468, 37.515994467220885 ], [ 126.846224075585809, 37.51492607138799 ], [ 126.842535999688351, 37.513143462009651 ], [ 126.842253071339925, 37.513067525476046 ], [ 126.841447876947143, 37.51311261298428 ], [ 126.837665000356736, 37.513677337390462 ], [ 126.835403529667559, 37.514853287738411 ], [ 126.835268778940915, 37.514973174941943 ], [ 126.834928850379356, 37.515649385454267 ], [ 126.839445394292241, 37.51708655149897 ], [ 126.844437398425939, 37.520042560430248 ], [ 126.845676809206182, 37.517989881124372 ], [ 126.848480723470814, 37.51698365951524 ] ] ] } },
{ "type": "Feature", "properties": { "adm_nm": "서울특별시 양천구 신월7동", "ADM_CD": "1147061100", "sggnm": "양천구" }, "geometry": { "type": "Polygon", "coordinates": [ [ [ 126.839445394292241, 37.51708655149897 ], [ 126.833778764694429, 37.515266835180036 ], [ 126.833280583817796, 37.516008017730712 ], [ 126.832270689927995, 37.516309385708155 ], [ 126.831527717170076, 37.517100560512752 ], [ 126.830576051331263, 37.517470917392927 ], [ 126.829422813561621, 37.517587966336833 ], [ 126.827267886894219, 37.516341025569531 ], [ 126.82683391668084, 37.5153987718396 ], [ 126.825339586780856, 37.514842039841817 ], [ 126.826045022604291, 37.512927346919312 ], [ 126.827821612304945, 37.51215431939027 ], [ 126.827140660789681, 37.511347711917921 ], [ 126.826665305493108, 37.509543754281424 ], [ 126.826971894381956, 37.508587364308923 ], [ 126.826525016324311, 37.508745118578453 ], [ 126.826266925027227, 37.508748541430094 ], [ 126.824679337597459, 37.508328320612208 ], [ 126.823966162525238, 37.50905844576419 ], [ 126.823850727946095, 37.510956927582576 ], [ 126.824471016752227, 37.513035827821362 ], [ 126.824213415782708, 37.514346132326871 ], [ 126.823323666945939, 37.51488924385545 ], [ 126.823238264423736, 37.516180953390482 ], [ 126.824491776578967, 37.517720167822247 ], [ 126.825558780468285, 37.519845666650433 ], [ 126.825589698401984, 37.521974639821025 ], [ 126.825205357611821, 37.523027020391318 ], [ 126.825250928550034, 37.523148962583242 ], [ 126.825915911588268, 37.524076677363581 ], [ 126.834894841197979, 37.525551676324937 ], [ 126.837200231204051, 37.521848831905608 ], [ 126.837903715814321, 37.520597651058488 ], [ 126.839445394292241, 37.51708655149897 ] ] ] } },
{ "type": "Feature", "properties": { "adm_nm": "서울특별시 양천구 신정1동", "ADM_CD": "1147062000", "sggnm": "양천구" }, "geometry": { "type": "Polygon", "coordinates": [ [ [ 126.867329725546881, 37.518525854167954 ], [ 126.859211952439523, 37.515700302004618 ], [ 126.858879466426686, 37.515545268269825 ], [ 126.858768300534166, 37.515395942115191 ], [ 126.858769008939944, 37.515072460598944 ], [ 126.858947995060305, 37.514723394843372 ], [ 126.855937853825722, 37.513681529114081 ], [ 126.852460888732168, 37.521248464207709 ], [ 126.852916812853493, 37.521116887469489 ], [ 126.865396818593794, 37.52256707561142 ], [ 126.867329725546881, 37.518525854167954 ] ] ] } },
{ "type": "Feature", "properties": { "adm_nm": "서울특별시 양천구 신정2동", "ADM_CD": "1147063000", "sggnm": "양천구" }, "geometry": { "type": "Polygon", "coordinates": [ [ [ 126.879822758019642, 37.522195303200064 ], [ 126.879805480254106, 37.52138057002454 ], [ 126.879473001738461, 37.516771804930087 ], [ 126.878458152449795, 37.51428213956806 ], [ 126.876958407407628, 37.514602085297895 ], [ 126.871763552984433, 37.515904099410562 ], [ 126.870001332832246, 37.518494156257162 ], [ 126.870232168854571, 37.519162927741249 ], [ 126.871158366848348, 37.523129662404727 ], [ 126.874453832883944, 37.522665896849958 ], [ 126.879822758019642, 37.522195303200064 ] ] ] } },
{ "type": "Feature", "properties": { "adm_nm": "서울특별시 양천구 신정3동", "ADM_CD": "1147064000", "sggnm": "양천구" }, "geometry": { "type": "Polygon", "coordinates": [ [ [ 126.851612300657749, 37.521721523172722 ], [ 126.852460888732168, 37.521248464207709 ], [ 126.855937853825722, 37.513681529114081 ], [ 126.858155804753039, 37.509945140852281 ], [ 126.856085847295475, 37.509468514663723 ], [ 126.855074862604752, 37.509923791777432 ], [ 126.854024270984226, 37.51030337801248 ], [ 126.852902442663648, 37.510576655959589 ], [ 126.847181334471173, 37.508792049723084 ], [ 126.845294389122401, 37.507871004334319 ], [ 126.844538326627543, 37.506438483086484 ], [ 126.842328400736093, 37.504885943112541 ], [ 126.840617935426977, 37.503993083946796 ], [ 126.838982805020819, 37.502901197825302 ], [ 126.8383816221437, 37.501474824803033 ], [ 126.838363685705517, 37.500141950938684 ], [ 126.836888770966794, 37.500630442154232 ], [ 126.836413998580682, 37.500650318822153 ], [ 126.836526432381376, 37.500969803201556 ], [ 126.836417802668834, 37.502457548208994 ], [ 126.836171540799739, 37.50303866226453 ], [ 126.835696110827698, 37.503386389456857 ], [ 126.834337900036587, 37.503767450634633 ], [ 126.832642301880583, 37.505031040143507 ], [ 126.830642697310296, 37.506834818930045 ], [ 126.830675005104638, 37.507572981913199 ], [ 126.826971894381956, 37.508587364308923 ], [ 126.826665305493108, 37.509543754281424 ], [ 126.827140660789681, 37.511347711917921 ], [ 126.827821612304945, 37.51215431939027 ], [ 126.826045022604291, 37.512927346919312 ], [ 126.825339586780856, 37.514842039841817 ], [ 126.82683391668084, 37.5153987718396 ], [ 126.827267886894219, 37.516341025569531 ], [ 126.829422813561621, 37.517587966336833 ], [ 126.830576051331263, 37.517470917392927 ], [ 126.831527717170076, 37.517100560512752 ], [ 126.832270689927995, 37.516309385708155 ], [ 126.833280583817796, 37.516008017730712 ], [ 126.833778764694429, 37.515266835180036 ], [ 126.834928850379356, 37.515649385454267 ], [ 126.835268778940915, 37.514973174941943 ], [ 126.835403529667559, 37.514853287738411 ], [ 126.837665000356736, 37.513677337390462 ], [ 126.841447876947143, 37.51311261298428 ], [ 126.842253071339925, 37.513067525476046 ], [ 126.842535999688351, 37.513143462009651 ], [ 126.846224075585809, 37.51492607138799 ], [ 126.848566408447468, 37.515994467220885 ], [ 126.848480723470814, 37.51698365951524 ], [ 126.848663211785322, 37.520711774025685 ], [ 126.846924644949013, 37.521940344350391 ], [ 126.846810324834252, 37.522070249871064 ], [ 126.847020262360644, 37.522247172738339 ], [ 126.847292026812326, 37.52239063729067 ], [ 126.84759820752096, 37.522481337143923 ], [ 126.847998782256525, 37.522534250064972 ], [ 126.848534289758632, 37.52252368495845 ], [ 126.851612300657749, 37.521721523172722 ] ] ] } },
{ "type": "Feature", "properties": { "adm_nm": "서울특별시 양천구 신정6동", "ADM_CD": "1147067000", "sggnm": "양천구" }, "geometry": { "type": "Polygon", "coordinates": [ [ [ 126.871158366848348, 37.523129662404727 ], [ 126.870232168854571, 37.519162927741249 ], [ 126.870001332832246, 37.518494156257162 ], [ 126.871763552984433, 37.515904099410562 ], [ 126.876958407407628, 37.514602085297895 ], [ 126.878458152449795, 37.51428213956806 ], [ 126.873478843293853, 37.508523309994011 ], [ 126.871403556683092, 37.510842166542503 ], [ 126.87068147843847, 37.512118261202033 ], [ 126.869752180878052, 37.51405684310582 ], [ 126.864023888487566, 37.512065079512254 ], [ 126.862365500112944, 37.515063979559571 ], [ 126.863182391801018, 37.515361235347314 ], [ 126.862596666426057, 37.516874596643483 ], [ 126.867329725546881, 37.518525854167954 ], [ 126.865396818593794, 37.52256707561142 ], [ 126.868590338383513, 37.523963223415215 ], [ 126.871158366848348, 37.523129662404727 ] ] ] } },
{ "type": "Feature", "properties": { "adm_nm": "서울특별시 양천구 신정7동", "ADM_CD": "1147068000", "sggnm": "양천구" }, "geometry": { "type": "Polygon", "coordinates": [ [ [ 126.873478843293853, 37.508523309994011 ], [ 126.871260676167111, 37.505625984999156 ], [ 126.869637582512212, 37.505399883374352 ], [ 126.864574482305869, 37.505005973946417 ], [ 126.863528069084708, 37.504969399568814 ], [ 126.863167866760136, 37.505251383837191 ], [ 126.862753456559105, 37.50600072080718 ], [ 126.862459846536993, 37.5066863463882 ], [ 126.860105678136549, 37.506687327968386 ], [ 126.855937853825722, 37.513681529114081 ], [ 126.858947995060305, 37.514723394843372 ], [ 126.858769008939944, 37.515072460598944 ], [ 126.858768300534166, 37.515395942115191 ], [ 126.858879466426686, 37.515545268269825 ], [ 126.859211952439523, 37.515700302004618 ], [ 126.862596666426057, 37.516874596643483 ], [ 126.863182391801018, 37.515361235347314 ], [ 126.862365500112944, 37.515063979559571 ], [ 126.864023888487566, 37.512065079512254 ], [ 126.869752180878052, 37.51405684310582 ], [ 126.87068147843847, 37.512118261202033 ], [ 126.871403556683092, 37.510842166542503 ], [ 126.873478843293853, 37.508523309994011 ] ] ] } },
{ "type": "Feature", "properties": { "adm_nm": "서울특별시 양천구 목5동", "ADM_CD": "1147055000", "sggnm": "양천구" }, "geometry": { "type": "Polygon", "coordinates": [ [ [ 126.885156944634431, 37.543589608121742 ], [ 126.885523886149585, 37.541836865956014 ], [ 126.888319983974199, 37.53679554026094 ], [ 126.890252445580927, 37.534674557751082 ], [ 126.890027572926797, 37.533294528848081 ], [ 126.888798364826826, 37.532828550737939 ], [ 126.888804672819035, 37.532055581706999 ], [ 126.890540623490622, 37.531500470988746 ], [ 126.890043581592423, 37.530379718461255 ], [ 126.888481900902136, 37.530720970603063 ], [ 126.886427008910829, 37.531315355771625 ], [ 126.885065433122435, 37.531558397849864 ], [ 126.88373657230342, 37.531779061205377 ], [ 126.88252617417082, 37.531873013606472 ], [ 126.881480133065097, 37.53189457999602 ], [ 126.879614822287735, 37.531759733571477 ], [ 126.875046465155023, 37.531261311763004 ], [ 126.867187103558194, 37.530220089276213 ], [ 126.867898089105381, 37.531615189257792 ], [ 126.870151327787184, 37.535392769209949 ], [ 126.871367296202422, 37.536497765228305 ], [ 126.872669157001738, 37.537572784526198 ], [ 126.874373005495073, 37.53914002714675 ], [ 126.87749095637065, 37.541497753115912 ], [ 126.881887704518761, 37.543578173447322 ], [ 126.883489418610566, 37.54401468654914 ], [ 126.885156944634431, 37.543589608121742 ] ] ] } },
{ "type": "Feature", "properties": { "adm_nm": "서울특별시 양천구 신정4동", "ADM_CD": "1147065000", "sggnm": "양천구" }, "geometry": { "type": "Polygon", "coordinates": [ [ [ 126.865396818593794, 37.52256707561142 ], [ 126.852916812853493, 37.521116887469489 ], [ 126.852460888732168, 37.521248464207709 ], [ 126.851612300657749, 37.521721523172722 ], [ 126.851680134462939, 37.522628877221329 ], [ 126.848895558325509, 37.527898817829517 ], [ 126.864011035351155, 37.529799695259463 ], [ 126.864174061260243, 37.527513381350637 ], [ 126.864317741393265, 37.526211143461502 ], [ 126.865396818593794, 37.52256707561142 ] ] ] } },
{ "type": "Feature", "properties": { "adm_nm": "서울특별시 강서구 염창동", "ADM_CD": "1150051000", "sggnm": "강서구" }, "geometry": { "type": "Polygon", "coordinates": [ [ [ 126.872029543926232, 37.560038412294439 ], [ 126.8803807627434, 37.556175762833597 ], [ 126.879315965761336, 37.554833091758283 ], [ 126.879198279946579, 37.553202908585547 ], [ 126.877989325777435, 37.553426356220712 ], [ 126.878136149608594, 37.551546862570639 ], [ 126.880713846322109, 37.547870316568748 ], [ 126.878135376191679, 37.547214556097884 ], [ 126.876846171578578, 37.547055657247121 ], [ 126.874018558186975, 37.546926905721193 ], [ 126.872421558382229, 37.547108837700947 ], [ 126.870701949465669, 37.547651760349119 ], [ 126.864982854506351, 37.550928043684614 ], [ 126.867318990277056, 37.554197603421478 ], [ 126.864511779809973, 37.556065330157445 ], [ 126.863035845914766, 37.55687985282168 ], [ 126.865596349440736, 37.559094043644997 ], [ 126.867383702472353, 37.559780768449578 ], [ 126.867717682664434, 37.56033015961615 ], [ 126.862002499767598, 37.563348234050778 ], [ 126.863064434706743, 37.565004420184543 ], [ 126.872029543926232, 37.560038412294439 ] ] ] } },
{ "type": "Feature", "properties": { "adm_nm": "서울특별시 강서구 등촌1동", "ADM_CD": "1150052000", "sggnm": "강서구" }, "geometry": { "type": "Polygon", "coordinates": [ [ [ 126.855176421584417, 37.56106684831898 ], [ 126.864511779809973, 37.556065330157445 ], [ 126.867318990277056, 37.554197603421478 ], [ 126.864982854506351, 37.550928043684614 ], [ 126.864284731134632, 37.551389512302173 ], [ 126.857714591046744, 37.554070344130317 ], [ 126.852308367943351, 37.555888626944949 ], [ 126.855176421584417, 37.56106684831898 ] ] ] } },
{ "type": "Feature", "properties": { "adm_nm": "서울특별시 강서구 등촌2동", "ADM_CD": "1150053000", "sggnm": "강서구" }, "geometry": { "type": "Polygon", "coordinates": [ [ [ 126.864284731134632, 37.551389512302173 ], [ 126.862541025976952, 37.54585374025271 ], [ 126.862174458124016, 37.544475505679891 ], [ 126.862159446398209, 37.544136870254761 ], [ 126.862343656747569, 37.543602820205905 ], [ 126.862939034815028, 37.542473490405392 ], [ 126.863672357831675, 37.539283396166034 ], [ 126.863494836339541, 37.535599312396734 ], [ 126.861876639850038, 37.535516928326146 ], [ 126.860980308533101, 37.537143937721439 ], [ 126.860695730040092, 37.538578891002729 ], [ 126.860633941308421, 37.539100237582467 ], [ 126.860639383467984, 37.540367784854993 ], [ 126.860478534945912, 37.541557816979513 ], [ 126.859711087891426, 37.541952503533224 ], [ 126.857978785868411, 37.542410670572103 ], [ 126.857490293070526, 37.542215702512422 ], [ 126.855639015151425, 37.542755083925385 ], [ 126.854556876295106, 37.543452344756382 ], [ 126.854522669315045, 37.543568084277446 ], [ 126.854553204230754, 37.543882595298591 ], [ 126.854825771769654, 37.544190542214295 ], [ 126.854901454629342, 37.544603321964317 ], [ 126.854834108687854, 37.546095806475307 ], [ 126.855813316656437, 37.547000244104503 ], [ 126.856122290393827, 37.547361462223343 ], [ 126.856707147164926, 37.548455155297667 ], [ 126.857058477383433, 37.549233351792395 ], [ 126.856826744890938, 37.549779735735854 ], [ 126.857408162455769, 37.550863308512191 ], [ 126.857979894498584, 37.551438771326417 ], [ 126.857714591046744, 37.554070344130317 ], [ 126.864284731134632, 37.551389512302173 ] ] ] } },
{ "type": "Feature", "properties": { "adm_nm": "서울특별시 강서구 등촌3동", "ADM_CD": "1150053500", "sggnm": "강서구" }, "geometry": { "type": "Polygon", "coordinates": [ [ [ 126.848830038669163, 37.564402927037023 ], [ 126.855176421584417, 37.56106684831898 ], [ 126.852308367943351, 37.555888626944949 ], [ 126.845721382415945, 37.557822841806498 ], [ 126.838216109771338, 37.558565139365577 ], [ 126.839836970636171, 37.563492200490124 ], [ 126.840954050867666, 37.567155997857526 ], [ 126.845923443771127, 37.564733856948891 ], [ 126.848830038669163, 37.564402927037023 ] ] ] } },
{ "type": "Feature", "properties": { "adm_nm": "서울특별시 강서구 화곡본동", "ADM_CD": "1150059000", "sggnm": "강서구" }, "geometry": { "type": "Polygon", "coordinates": [ [ [ 126.854834108687854, 37.546095806475307 ], [ 126.854901454629342, 37.544603321964317 ], [ 126.854825771769654, 37.544190542214295 ], [ 126.854553204230754, 37.543882595298591 ], [ 126.854522669315045, 37.543568084277446 ], [ 126.854556876295106, 37.543452344756382 ], [ 126.855639015151425, 37.542755083925385 ], [ 126.855944539779756, 37.542695893722161 ], [ 126.855923502444341, 37.542334130374336 ], [ 126.855446178499633, 37.541815505603381 ], [ 126.854063063831063, 37.540913362394271 ], [ 126.852263850810942, 37.540109195945121 ], [ 126.852212218040506, 37.539535431573597 ], [ 126.852379943408849, 37.538138138963319 ], [ 126.853386936513587, 37.536792764994942 ], [ 126.851754903046455, 37.536628336797513 ], [ 126.852101628564554, 37.53849940396514 ], [ 126.85201688798584, 37.538709340133963 ], [ 126.851556141098001, 37.538994403307917 ], [ 126.847714079867998, 37.538902261860784 ], [ 126.847217014317621, 37.538782290607202 ], [ 126.845870517254198, 37.538272699842288 ], [ 126.844943304449131, 37.537736581821548 ], [ 126.843688987621618, 37.536690816343068 ], [ 126.840437342382998, 37.541624464385713 ], [ 126.841412870199335, 37.542035514438545 ], [ 126.841890268471147, 37.542293932680352 ], [ 126.842217088294859, 37.542540243469055 ], [ 126.843106906023451, 37.543448794982609 ], [ 126.843824411590248, 37.544324836153216 ], [ 126.847069767151282, 37.548856327800905 ], [ 126.847863080046181, 37.548934998079503 ], [ 126.849129367786858, 37.548301549477337 ], [ 126.84926136188534, 37.547762004065135 ], [ 126.851962878660188, 37.545702645334515 ], [ 126.852701248679423, 37.545488119256021 ], [ 126.853579464085428, 37.545383642262131 ], [ 126.854834108687854, 37.546095806475307 ] ] ] } },
{ "type": "Feature", "properties": { "adm_nm": "서울특별시 강서구 화곡2동", "ADM_CD": "1150055000", "sggnm": "강서구" }, "geometry": { "type": "Polygon", "coordinates": [ [ [ 126.858485426365121, 37.529105043098049 ], [ 126.851964345969193, 37.528284140825747 ], [ 126.851427545067295, 37.530889467192381 ], [ 126.851094738484562, 37.535582527731883 ], [ 126.851754903046455, 37.536628336797513 ], [ 126.853386936513587, 37.536792764994942 ], [ 126.854695810104005, 37.536285030722951 ], [ 126.857630687986514, 37.533424609841667 ], [ 126.858485426365121, 37.529105043098049 ] ] ] } },
{ "type": "Feature", "properties": { "adm_nm": "서울특별시 강서구 화곡3동", "ADM_CD": "1150056000", "sggnm": "강서구" }, "geometry": { "type": "Polygon", "coordinates": [ [ [ 126.836298912099892, 37.547972652269429 ], [ 126.836389976680422, 37.546722549699531 ], [ 126.836566531202109, 37.545965227708081 ], [ 126.836798347486067, 37.545510283167353 ], [ 126.837119566169477, 37.545029867825171 ], [ 126.840404398076075, 37.541664273034101 ], [ 126.833778638173897, 37.539871149768601 ], [ 126.833139886592491, 37.541841487902168 ], [ 126.830083826073761, 37.541719146783372 ], [ 126.830047120807038, 37.542430799475063 ], [ 126.830217040503868, 37.542676497034634 ], [ 126.829737353585799, 37.544073651212443 ], [ 126.83034918756907, 37.54577067857889 ], [ 126.829742069395749, 37.547666365362183 ], [ 126.830748456781961, 37.547867860576112 ], [ 126.831034814751305, 37.547468120505187 ], [ 126.833051696364791, 37.547411004673663 ], [ 126.833330391265619, 37.547975082449959 ], [ 126.836298912099892, 37.547972652269429 ] ] ] } },
{ "type": "Feature", "properties": { "adm_nm": "서울특별시 강서구 화곡4동", "ADM_CD": "1150057000", "sggnm": "강서구" }, "geometry": { "type": "Polygon", "coordinates": [ [ [ 126.863494836339541, 37.535599312396734 ], [ 126.864011035351155, 37.529799695259463 ], [ 126.858485426365121, 37.529105043098049 ], [ 126.857630687986514, 37.533424609841667 ], [ 126.854695810104005, 37.536285030722951 ], [ 126.853386936513587, 37.536792764994942 ], [ 126.852379943408849, 37.538138138963319 ], [ 126.852212218040506, 37.539535431573597 ], [ 126.852263850810942, 37.540109195945121 ], [ 126.854063063831063, 37.540913362394271 ], [ 126.855446178499633, 37.541815505603381 ], [ 126.855923502444341, 37.542334130374336 ], [ 126.855944539779756, 37.542695893722161 ], [ 126.857490293070526, 37.542215702512422 ], [ 126.857978785868411, 37.542410670572103 ], [ 126.859711087891426, 37.541952503533224 ], [ 126.860478534945912, 37.541557816979513 ], [ 126.860639383467984, 37.540367784854993 ], [ 126.860633941308421, 37.539100237582467 ], [ 126.860695730040092, 37.538578891002729 ], [ 126.860980308533101, 37.537143937721439 ], [ 126.861876639850038, 37.535516928326146 ], [ 126.863494836339541, 37.535599312396734 ] ] ] } },
{ "type": "Feature", "properties": { "adm_nm": "서울특별시 강서구 화곡6동", "ADM_CD": "1150059100", "sggnm": "강서구" }, "geometry": { "type": "Polygon", "coordinates": [ [ [ 126.852308367943351, 37.555888626944949 ], [ 126.857714591046744, 37.554070344130317 ], [ 126.857979894498584, 37.551438771326417 ], [ 126.857408162455769, 37.550863308512191 ], [ 126.856826744890938, 37.549779735735854 ], [ 126.857058477383433, 37.549233351792395 ], [ 126.856707147164926, 37.548455155297667 ], [ 126.856122290393827, 37.547361462223343 ], [ 126.855813316656437, 37.547000244104503 ], [ 126.854834108687854, 37.546095806475307 ], [ 126.853579464085428, 37.545383642262131 ], [ 126.852701248679423, 37.545488119256021 ], [ 126.851962878660188, 37.545702645334515 ], [ 126.84926136188534, 37.547762004065135 ], [ 126.849129367786858, 37.548301549477337 ], [ 126.847863080046181, 37.548934998079503 ], [ 126.847069767151282, 37.548856327800905 ], [ 126.846364200027807, 37.549200547400318 ], [ 126.844410180137686, 37.55175638475928 ], [ 126.844279046367035, 37.552030471664366 ], [ 126.844231276299396, 37.552314129516077 ], [ 126.844296666644382, 37.552968586687889 ], [ 126.845598479517719, 37.55608313708732 ], [ 126.845721382415945, 37.557822841806498 ], [ 126.852308367943351, 37.555888626944949 ] ] ] } },
{ "type": "Feature", "properties": { "adm_nm": "서울특별시 강서구 화곡8동", "ADM_CD": "1150059300", "sggnm": "강서구" }, "geometry": { "type": "Polygon", "coordinates": [ [ [ 126.851754903046455, 37.536628336797513 ], [ 126.851094738484562, 37.535582527731883 ], [ 126.851427545067295, 37.530889467192381 ], [ 126.851964345969193, 37.528284140825747 ], [ 126.848895558325509, 37.527898817829517 ], [ 126.847252680122438, 37.530866805752403 ], [ 126.847374815604525, 37.530919410063575 ], [ 126.846867013351925, 37.531823288894515 ], [ 126.846055428387103, 37.533089868111311 ], [ 126.845840271394991, 37.533208912452963 ], [ 126.843688987621618, 37.536690816343068 ], [ 126.844943304449131, 37.537736581821548 ], [ 126.845870517254198, 37.538272699842288 ], [ 126.847217014317621, 37.538782290607202 ], [ 126.847714079867998, 37.538902261860784 ], [ 126.851556141098001, 37.538994403307917 ], [ 126.85201688798584, 37.538709340133963 ], [ 126.852101628564554, 37.53849940396514 ], [ 126.851754903046455, 37.536628336797513 ] ] ] } },
{ "type": "Feature", "properties": { "adm_nm": "서울특별시 강서구 가양1동", "ADM_CD": "1150060300", "sggnm": "강서구" }, "geometry": { "type": "Polygon", "coordinates": [ [ [ 126.85162866224654, 37.573257093194968 ], [ 126.849517482778381, 37.570962846859302 ], [ 126.848135850957917, 37.569274736120853 ], [ 126.849688518071602, 37.568303706623702 ], [ 126.850846553098805, 37.567302833009229 ], [ 126.848830038669163, 37.564402927037023 ], [ 126.845923443771127, 37.564733856948891 ], [ 126.840954050867666, 37.567155997857526 ], [ 126.839836970636171, 37.563492200490124 ], [ 126.838216109771338, 37.558565139365577 ], [ 126.826963708099996, 37.559700354727745 ], [ 126.827797817477858, 37.566627928722724 ], [ 126.823156169900997, 37.567020007529933 ], [ 126.822607525387184, 37.568524351812599 ], [ 126.822594159652013, 37.568827350639637 ], [ 126.822760275743988, 37.569630496115487 ], [ 126.822701982324631, 37.570675715643958 ], [ 126.822395595634291, 37.57269859096845 ], [ 126.822294478084828, 37.573078826311843 ], [ 126.822081033078192, 37.57328040205018 ], [ 126.82104270240751, 37.574004375125227 ], [ 126.820847399419719, 37.575277646399542 ], [ 126.821276731606204, 37.577139478069469 ], [ 126.823227761576291, 37.579093608718878 ], [ 126.824193305783268, 37.579725891688717 ], [ 126.824900145643099, 37.579938853403206 ], [ 126.825936929304603, 37.581407197553212 ], [ 126.828827204944957, 37.584035129317648 ], [ 126.83209323243436, 37.58576677415693 ], [ 126.85162866224654, 37.573257093194968 ] ] ] } },
{ "type": "Feature", "properties": { "adm_nm": "서울특별시 강서구 가양2동", "ADM_CD": "1150060400", "sggnm": "강서구" }, "geometry": { "type": "Polygon", "coordinates": [ [ [ 126.853557333585314, 37.571805247320704 ], [ 126.855174220209321, 37.569975614797649 ], [ 126.859501441870606, 37.567325023915451 ], [ 126.857322656331846, 37.56460945153696 ], [ 126.855176421584417, 37.56106684831898 ], [ 126.848830038669163, 37.564402927037023 ], [ 126.850846553098805, 37.567302833009229 ], [ 126.849688518071602, 37.568303706623702 ], [ 126.848135850957917, 37.569274736120853 ], [ 126.849517482778381, 37.570962846859302 ], [ 126.85162866224654, 37.573257093194968 ], [ 126.853557333585314, 37.571805247320704 ] ] ] } },
{ "type": "Feature", "properties": { "adm_nm": "서울특별시 강서구 가양3동", "ADM_CD": "1150060500", "sggnm": "강서구" }, "geometry": { "type": "Polygon", "coordinates": [ [ [ 126.863064434706743, 37.565004420184543 ], [ 126.862002499767598, 37.563348234050778 ], [ 126.867717682664434, 37.56033015961615 ], [ 126.867383702472353, 37.559780768449578 ], [ 126.865596349440736, 37.559094043644997 ], [ 126.863035845914766, 37.55687985282168 ], [ 126.855176421584417, 37.56106684831898 ], [ 126.857322656331846, 37.56460945153696 ], [ 126.859501441870606, 37.567325023915451 ], [ 126.863064434706743, 37.565004420184543 ] ] ] } },
{ "type": "Feature", "properties": { "adm_nm": "서울특별시 강서구 발산1동", "ADM_CD": "1150061100", "sggnm": "강서구" }, "geometry": { "type": "Polygon", "coordinates": [ [ [ 126.823464685169725, 37.560061172725398 ], [ 126.838216109771338, 37.558565139365577 ], [ 126.836343369629603, 37.552597356482906 ], [ 126.836298912099892, 37.547972652269429 ], [ 126.833330391265619, 37.547975082449959 ], [ 126.833051696364791, 37.547411004673663 ], [ 126.831034814751305, 37.547468120505187 ], [ 126.830748456781961, 37.547867860576112 ], [ 126.829742069395749, 37.547666365362183 ], [ 126.827602587305179, 37.54768356917269 ], [ 126.827546743587817, 37.547056733689608 ], [ 126.826795944246641, 37.545779841696501 ], [ 126.825933838647288, 37.544702572414792 ], [ 126.825730556090889, 37.543943156418301 ], [ 126.826134176678465, 37.542809896953472 ], [ 126.82525495175453, 37.542148990176116 ], [ 126.825406971343213, 37.541650602252659 ], [ 126.822147107489741, 37.54067925643016 ], [ 126.819418496641006, 37.540779250040153 ], [ 126.816617434036388, 37.540567285816749 ], [ 126.812362474031218, 37.540709003146532 ], [ 126.813311645638777, 37.541771775179164 ], [ 126.813346993141309, 37.543279538441453 ], [ 126.814425602981146, 37.543638221846038 ], [ 126.815253155768971, 37.544563221160139 ], [ 126.8153664254246, 37.545621125890008 ], [ 126.813481041628165, 37.547430994309167 ], [ 126.814260342889114, 37.548257826292321 ], [ 126.812698662593874, 37.549619251715271 ], [ 126.816103741127975, 37.552163571128119 ], [ 126.817035407085285, 37.552977616411546 ], [ 126.817783955674969, 37.553340123731779 ], [ 126.821619396730313, 37.556204097199739 ], [ 126.823149704594272, 37.557409422840919 ], [ 126.823410306709306, 37.558013688701145 ], [ 126.823596539217718, 37.559328560029833 ], [ 126.823464685169725, 37.560061172725398 ] ] ] } },
{ "type": "Feature", "properties": { "adm_nm": "서울특별시 강서구 공항동", "ADM_CD": "1150062000", "sggnm": "강서구" }, "geometry": { "type": "Polygon", "coordinates": [ [ [ 126.811037743850292, 37.564057822914336 ], [ 126.811241417261371, 37.563915833481886 ], [ 126.812359838551529, 37.563967492261412 ], [ 126.813681637093396, 37.564361562186399 ], [ 126.81651368246348, 37.564614730038294 ], [ 126.816516112312726, 37.563090864330626 ], [ 126.82128705361329, 37.562457581530339 ], [ 126.827221123701818, 37.561838413479606 ], [ 126.826963708099996, 37.559700354727745 ], [ 126.823464685169725, 37.560061172725398 ], [ 126.823596539217718, 37.559328560029833 ], [ 126.823410306709306, 37.558013688701145 ], [ 126.823149704594272, 37.557409422840919 ], [ 126.821619396730313, 37.556204097199739 ], [ 126.817783955674969, 37.553340123731779 ], [ 126.817035407085285, 37.552977616411546 ], [ 126.816103741127975, 37.552163571128119 ], [ 126.812698662593874, 37.549619251715271 ], [ 126.814260342889114, 37.548257826292321 ], [ 126.813481041628165, 37.547430994309167 ], [ 126.8153664254246, 37.545621125890008 ], [ 126.815253155768971, 37.544563221160139 ], [ 126.814425602981146, 37.543638221846038 ], [ 126.813346993141309, 37.543279538441453 ], [ 126.813311645638777, 37.541771775179164 ], [ 126.812362474031218, 37.540709003146532 ], [ 126.810375534797913, 37.541609332998995 ], [ 126.807319692930719, 37.543616329528724 ], [ 126.80284918268174, 37.543081647758001 ], [ 126.801611962431295, 37.542455790221879 ], [ 126.800391356963132, 37.541695932034415 ], [ 126.800829301345388, 37.540876222142138 ], [ 126.798978623594166, 37.540268100495339 ], [ 126.798752664698782, 37.539454244253719 ], [ 126.799242774769468, 37.539287754136616 ], [ 126.799492875233696, 37.537862976163396 ], [ 126.799065930376742, 37.537508026574933 ], [ 126.798376351654966, 37.53763119273188 ], [ 126.797877952625953, 37.537031080880396 ], [ 126.796073711282986, 37.536726659318809 ], [ 126.794400800243409, 37.535830863040403 ], [ 126.793999927999792, 37.536855998432813 ], [ 126.79419086150547, 37.538242556525653 ], [ 126.793316328423245, 37.539725304372674 ], [ 126.794296259720554, 37.540103159341925 ], [ 126.794750117398166, 37.541515534183027 ], [ 126.792042639017183, 37.541812590978189 ], [ 126.791753851106947, 37.543749145282611 ], [ 126.787381599040842, 37.545856910605835 ], [ 126.784648039248282, 37.546290689811059 ], [ 126.781855610563539, 37.546142076290714 ], [ 126.780331432793972, 37.546162089039264 ], [ 126.777588068227715, 37.546580543218255 ], [ 126.776809949298297, 37.548220383680494 ], [ 126.775350880992875, 37.54907289687587 ], [ 126.772624938688224, 37.548703720590808 ], [ 126.771743552874554, 37.548306715518692 ], [ 126.770069958974972, 37.550978649560861 ], [ 126.768318171918665, 37.551574743182805 ], [ 126.767552059863547, 37.551961564916674 ], [ 126.767767370404954, 37.553252749263436 ], [ 126.766202903394145, 37.554126410657688 ], [ 126.766342577249006, 37.554930000459429 ], [ 126.764690571221919, 37.555370030715295 ], [ 126.766595999064236, 37.556674068255269 ], [ 126.770313741081196, 37.557192721345203 ], [ 126.772077017996409, 37.557001667155177 ], [ 126.773105106093681, 37.557497465808325 ], [ 126.772010311665511, 37.558802484844676 ], [ 126.775632504426213, 37.561802949346642 ], [ 126.777924727302008, 37.560111413327839 ], [ 126.777001936113223, 37.563982322285973 ], [ 126.775014699703135, 37.566006305271415 ], [ 126.774803139474912, 37.567532132774616 ], [ 126.775633301389249, 37.568163743034447 ], [ 126.776956476826513, 37.566340980493749 ], [ 126.780526562601878, 37.568328344251206 ], [ 126.782502688334162, 37.57022980054159 ], [ 126.781904963536604, 37.571845435098858 ], [ 126.782702186088784, 37.573560903782955 ], [ 126.784581308937192, 37.57467136245662 ], [ 126.787565649346618, 37.575597890343126 ], [ 126.799095714537145, 37.568462004684974 ], [ 126.797705944148944, 37.564538029883778 ], [ 126.799645178919192, 37.562317590973684 ], [ 126.802767762762812, 37.56218903900362 ], [ 126.80766609695479, 37.561706917763665 ], [ 126.809116123354443, 37.562546898492116 ], [ 126.811037743850292, 37.564057822914336 ] ] ] } },
{ "type": "Feature", "properties": { "adm_nm": "서울특별시 강서구 방화1동", "ADM_CD": "1150063000", "sggnm": "강서구" }, "geometry": { "type": "Polygon", "coordinates": [ [ [ 126.822081033078192, 37.57328040205018 ], [ 126.822294478084828, 37.573078826311843 ], [ 126.822395595634291, 37.57269859096845 ], [ 126.822701982324631, 37.570675715643958 ], [ 126.822760275743988, 37.569630496115487 ], [ 126.822594159652013, 37.568827350639637 ], [ 126.822607525387184, 37.568524351812599 ], [ 126.823156169900997, 37.567020007529933 ], [ 126.827797817477858, 37.566627928722724 ], [ 126.827221123701818, 37.561838413479606 ], [ 126.82128705361329, 37.562457581530339 ], [ 126.816516112312726, 37.563090864330626 ], [ 126.81651368246348, 37.564614730038294 ], [ 126.813681637093396, 37.564361562186399 ], [ 126.812359838551529, 37.563967492261412 ], [ 126.811241417261371, 37.563915833481886 ], [ 126.811037743850292, 37.564057822914336 ], [ 126.812312746470113, 37.565848692910585 ], [ 126.81259225299786, 37.566470019745516 ], [ 126.812746072966803, 37.567214844988634 ], [ 126.812821887018188, 37.568126413479483 ], [ 126.812795107267036, 37.569962735532414 ], [ 126.812450848234207, 37.570688563236317 ], [ 126.810667373437951, 37.573288099690053 ], [ 126.808843325666615, 37.572961966585609 ], [ 126.806351391003091, 37.572605405020255 ], [ 126.8041675877529, 37.572566639359295 ], [ 126.803623124190807, 37.572578536106619 ], [ 126.803356879475857, 37.57339992779368 ], [ 126.803944016125769, 37.574079634427839 ], [ 126.804137016279469, 37.574026627102633 ], [ 126.805141378370493, 37.574024656650423 ], [ 126.80733642215138, 37.574267385582445 ], [ 126.807544965949603, 37.574868011608736 ], [ 126.808594252033927, 37.575289904286173 ], [ 126.814213450971806, 37.575131148447952 ], [ 126.816552805535494, 37.57501853286788 ], [ 126.816511379665627, 37.573378978729764 ], [ 126.822081033078192, 37.57328040205018 ] ] ] } },
{ "type": "Feature", "properties": { "adm_nm": "서울특별시 강서구 방화2동", "ADM_CD": "1150064000", "sggnm": "강서구" }, "geometry": { "type": "Polygon", "coordinates": [ [ [ 126.804935933112219, 37.604021186084474 ], [ 126.805504915549875, 37.603688637598587 ], [ 126.806641185327308, 37.60279173168918 ], [ 126.811284251344418, 37.598680666325038 ], [ 126.814080432689678, 37.597592604973045 ], [ 126.816408868477112, 37.595642300760659 ], [ 126.817593571778943, 37.595293998716834 ], [ 126.818580611164094, 37.59358658667874 ], [ 126.814204273582035, 37.586959475883525 ], [ 126.814547651711493, 37.586731662144025 ], [ 126.814053857257235, 37.586185610133761 ], [ 126.814923406051207, 37.585835501866036 ], [ 126.814954060643842, 37.585355171325183 ], [ 126.814703998786584, 37.583995760881265 ], [ 126.814218844715796, 37.582509633925305 ], [ 126.813685597202493, 37.583404876866375 ], [ 126.812921073076595, 37.583755587633718 ], [ 126.811983939258667, 37.582893570193683 ], [ 126.810639787442497, 37.583470694654601 ], [ 126.809036971395855, 37.583628456340755 ], [ 126.808340708169681, 37.583035416235568 ], [ 126.807815582168558, 37.582284233145138 ], [ 126.806348300414498, 37.581983136305432 ], [ 126.806434220622222, 37.581210649158194 ], [ 126.806191411336684, 37.580618485866765 ], [ 126.805478512975824, 37.579533695431444 ], [ 126.806214065061212, 37.579475345891503 ], [ 126.805914010604639, 37.577864922111104 ], [ 126.805107300780492, 37.577108075113301 ], [ 126.804005313557795, 37.574488913109306 ], [ 126.803944016125769, 37.574079634427839 ], [ 126.803356879475857, 37.57339992779368 ], [ 126.803623124190807, 37.572578536106619 ], [ 126.8041675877529, 37.572566639359295 ], [ 126.806351391003091, 37.572605405020255 ], [ 126.808843325666615, 37.572961966585609 ], [ 126.810667373437951, 37.573288099690053 ], [ 126.812450848234207, 37.570688563236317 ], [ 126.812795107267036, 37.569962735532414 ], [ 126.812821887018188, 37.568126413479483 ], [ 126.812746072966803, 37.567214844988634 ], [ 126.81259225299786, 37.566470019745516 ], [ 126.812312746470113, 37.565848692910585 ], [ 126.811037743850292, 37.564057822914336 ], [ 126.809116123354443, 37.562546898492116 ], [ 126.80766609695479, 37.561706917763665 ], [ 126.802767762762812, 37.56218903900362 ], [ 126.799645178919192, 37.562317590973684 ], [ 126.797705944148944, 37.564538029883778 ], [ 126.799095714537145, 37.568462004684974 ], [ 126.787565649346618, 37.575597890343126 ], [ 126.790056026709522, 37.577570747719506 ], [ 126.790521986204965, 37.580314543089067 ], [ 126.791744159668298, 37.581144180616398 ], [ 126.792987466415724, 37.57974198032889 ], [ 126.793695674080837, 37.581540356106743 ], [ 126.793673641834985, 37.581604549950598 ], [ 126.794815762774959, 37.583312543922197 ], [ 126.795721800321303, 37.583120639139644 ], [ 126.795907333028779, 37.583157948168811 ], [ 126.79690298688628, 37.584019024120053 ], [ 126.797025348388331, 37.58418086857975 ], [ 126.79735831119396, 37.585583301262112 ], [ 126.798338523282922, 37.587792898627413 ], [ 126.798827897847445, 37.588223941277647 ], [ 126.79964164603058, 37.588021541079272 ], [ 126.800677886545657, 37.587898042486984 ], [ 126.800788047489846, 37.588003506064844 ], [ 126.800881568426561, 37.588752137212097 ], [ 126.800809090349304, 37.589007462801746 ], [ 126.800616177458508, 37.589273339655634 ], [ 126.799063301185896, 37.59210896857013 ], [ 126.797254095568164, 37.596592490497386 ], [ 126.797108147851972, 37.59728001547473 ], [ 126.797021709568497, 37.598490667550927 ], [ 126.797102010362437, 37.598911393736408 ], [ 126.797473443885849, 37.599994078513987 ], [ 126.797915833385957, 37.600754864449492 ], [ 126.800353286261696, 37.603817068765103 ], [ 126.800599858065567, 37.604103588722289 ], [ 126.800934699421077, 37.604336526723834 ], [ 126.801278017615843, 37.604498547479423 ], [ 126.801852270045757, 37.604648411826858 ], [ 126.80289056756088, 37.604619623875571 ], [ 126.803969470323096, 37.604413051102455 ], [ 126.804935933112219, 37.604021186084474 ] ] ] } },
{ "type": "Feature", "properties": { "adm_nm": "서울특별시 강서구 방화3동", "ADM_CD": "1150064100", "sggnm": "강서구" }, "geometry": { "type": "Polygon", "coordinates": [ [ [ 126.826822661459175, 37.587993134081664 ], [ 126.83209323243436, 37.58576677415693 ], [ 126.828827204944957, 37.584035129317648 ], [ 126.825936929304603, 37.581407197553212 ], [ 126.824900145643099, 37.579938853403206 ], [ 126.824193305783268, 37.579725891688717 ], [ 126.823227761576291, 37.579093608718878 ], [ 126.821276731606204, 37.577139478069469 ], [ 126.820847399419719, 37.575277646399542 ], [ 126.82104270240751, 37.574004375125227 ], [ 126.822081033078192, 37.57328040205018 ], [ 126.816511379665627, 37.573378978729764 ], [ 126.816552805535494, 37.57501853286788 ], [ 126.815778913969126, 37.575071505571167 ], [ 126.808594252033927, 37.575289904286173 ], [ 126.807544965949603, 37.574868011608736 ], [ 126.80733642215138, 37.574267385582445 ], [ 126.805141378370493, 37.574024656650423 ], [ 126.804137016279469, 37.574026627102633 ], [ 126.803944016125769, 37.574079634427839 ], [ 126.804005313557795, 37.574488913109306 ], [ 126.805107300780492, 37.577108075113301 ], [ 126.805914010604639, 37.577864922111104 ], [ 126.806214065061212, 37.579475345891503 ], [ 126.805478512975824, 37.579533695431444 ], [ 126.806191411336684, 37.580618485866765 ], [ 126.806434220622222, 37.581210649158194 ], [ 126.806348300414498, 37.581983136305432 ], [ 126.807815582168558, 37.582284233145138 ], [ 126.808340708169681, 37.583035416235568 ], [ 126.809036971395855, 37.583628456340755 ], [ 126.810639787442497, 37.583470694654601 ], [ 126.811983939258667, 37.582893570193683 ], [ 126.812921073076595, 37.583755587633718 ], [ 126.813685597202493, 37.583404876866375 ], [ 126.814218844715796, 37.582509633925305 ], [ 126.814703998786584, 37.583995760881265 ], [ 126.814954060643842, 37.585355171325183 ], [ 126.814923406051207, 37.585835501866036 ], [ 126.814053857257235, 37.586185610133761 ], [ 126.814547651711493, 37.586731662144025 ], [ 126.814204273582035, 37.586959475883525 ], [ 126.818580611164094, 37.59358658667874 ], [ 126.823257264738842, 37.590333504112671 ], [ 126.82452589731939, 37.589400646177992 ], [ 126.826822661459175, 37.587993134081664 ] ] ] } },
{ "type": "Feature", "properties": { "adm_nm": "서울특별시 강서구 화곡1동", "ADM_CD": "1150054000", "sggnm": "강서구" }, "geometry": { "type": "Polygon", "coordinates": [ [ [ 126.840404398076075, 37.541664273034101 ], [ 126.843688987621618, 37.536690816343068 ], [ 126.845840271394991, 37.533208912452963 ], [ 126.846055428387103, 37.533089868111311 ], [ 126.846435678763541, 37.532525949277193 ], [ 126.847374815604525, 37.530919410063575 ], [ 126.847252680122438, 37.530866805752403 ], [ 126.848895558325509, 37.527898817829517 ], [ 126.840485322698953, 37.526537328449173 ], [ 126.834726674184935, 37.53603400665196 ], [ 126.835165350169419, 37.536912354093438 ], [ 126.833778638173897, 37.539871149768601 ], [ 126.840404398076075, 37.541664273034101 ] ] ] } },
{ "type": "Feature", "properties": { "adm_nm": "서울특별시 강서구 우장산동", "ADM_CD": "1150061500", "sggnm": "강서구" }, "geometry": { "type": "Polygon", "coordinates": [ [ [ 126.845721382415945, 37.557822841806498 ], [ 126.845598479517719, 37.55608313708732 ], [ 126.844296666644382, 37.552968586687889 ], [ 126.844231276299396, 37.552314129516077 ], [ 126.844279046367035, 37.552030471664366 ], [ 126.844410180137686, 37.55175638475928 ], [ 126.846364200027807, 37.549200547400318 ], [ 126.847069767151282, 37.548856327800905 ], [ 126.843824411590248, 37.544324836153216 ], [ 126.843106906023451, 37.543448794982609 ], [ 126.842217088294859, 37.542540243469055 ], [ 126.841890268471147, 37.542293932680352 ], [ 126.841412870199335, 37.542035514438545 ], [ 126.840437342382998, 37.541624464385713 ], [ 126.837119566169477, 37.545029867825171 ], [ 126.836798347486067, 37.545510283167353 ], [ 126.836566531202109, 37.545965227708081 ], [ 126.836389976680422, 37.546722549699531 ], [ 126.836298912099892, 37.547972652269429 ], [ 126.836343369629603, 37.552597356482906 ], [ 126.838216109771338, 37.558565139365577 ], [ 126.845721382415945, 37.557822841806498 ] ] ] } },
{ "type": "Feature", "properties": { "adm_nm": "서울특별시 구로구 신도림동", "ADM_CD": "1153051000", "sggnm": "구로구" }, "geometry": { "type": "Polygon", "coordinates": [ [ [ 126.892969624494739, 37.509461071937523 ], [ 126.895139232044215, 37.508151590345683 ], [ 126.893855645138871, 37.507478069224469 ], [ 126.891423319851611, 37.507514478872416 ], [ 126.891049596487605, 37.507877465226805 ], [ 126.889992587074332, 37.508163476949704 ], [ 126.885453966950209, 37.505493370184425 ], [ 126.88291689608927, 37.503759686388292 ], [ 126.881976467569757, 37.503583512866093 ], [ 126.88172981649079, 37.503653203637541 ], [ 126.881232730933831, 37.503993114704997 ], [ 126.880136063683807, 37.504931585465755 ], [ 126.878416336303502, 37.504923621072564 ], [ 126.877029175366303, 37.505496964360717 ], [ 126.873478843293853, 37.508523309994011 ], [ 126.878458152449795, 37.51428213956806 ], [ 126.879473001738461, 37.516771804930087 ], [ 126.881733416601122, 37.51581502279236 ], [ 126.888521701142622, 37.512664896934957 ], [ 126.889627550557449, 37.512085852379926 ], [ 126.890445102359962, 37.511558289542577 ], [ 126.890675360124931, 37.511331886317379 ], [ 126.891216396886634, 37.510656015074446 ], [ 126.891748069343379, 37.509869355630087 ], [ 126.892969624494739, 37.509461071937523 ] ] ] } },
{ "type": "Feature", "properties": { "adm_nm": "서울특별시 구로구 구로1동", "ADM_CD": "1153052000", "sggnm": "구로구" }, "geometry": { "type": "Polygon", "coordinates": [ [ [ 126.880153488176276, 37.487343991276035 ], [ 126.880658857962615, 37.48596867912071 ], [ 126.878102027776876, 37.486293244200816 ], [ 126.877084237914559, 37.485838319784314 ], [ 126.876341062730063, 37.485605691050424 ], [ 126.874742468072512, 37.485382052103006 ], [ 126.875151726048585, 37.486484988740457 ], [ 126.875285960300729, 37.488532901045389 ], [ 126.872780308642263, 37.488803551466887 ], [ 126.870046435236574, 37.491917829173246 ], [ 126.869653244506381, 37.492517416932415 ], [ 126.869612446034793, 37.493401134951981 ], [ 126.868908244258719, 37.495100292797318 ], [ 126.868305776206668, 37.495103813075367 ], [ 126.868193453267949, 37.495525776623232 ], [ 126.868028418812827, 37.497061664493415 ], [ 126.868410767680473, 37.496442830463394 ], [ 126.871206039848673, 37.496963698714083 ], [ 126.873320026992701, 37.497991207666587 ], [ 126.875096843492685, 37.498669170876646 ], [ 126.878348422400919, 37.499810341945 ], [ 126.880164113740562, 37.500083979480848 ], [ 126.879865699222577, 37.499396934391335 ], [ 126.879713243280818, 37.498851942083284 ], [ 126.879565606749864, 37.497723213478231 ], [ 126.879583296654744, 37.497124041681019 ], [ 126.879851326389385, 37.49463771341577 ], [ 126.880004635961811, 37.49251357733047 ], [ 126.879980750979129, 37.492152910363437 ], [ 126.879820038667674, 37.49132394769115 ], [ 126.880008750390985, 37.488508205711838 ], [ 126.880153488176276, 37.487343991276035 ] ] ] } },
{ "type": "Feature", "properties": { "adm_nm": "서울특별시 구로구 구로3동", "ADM_CD": "1153054000", "sggnm": "구로구" }, "geometry": { "type": "Polygon", "coordinates": [ [ [ 126.903226979492047, 37.484986282537179 ], [ 126.899468525751971, 37.480344416596672 ], [ 126.898953017793346, 37.478953670652579 ], [ 126.896167553853147, 37.478553113037911 ], [ 126.896048377383664, 37.478785663281954 ], [ 126.894381433196699, 37.480201274100402 ], [ 126.893475591750544, 37.480254030311563 ], [ 126.892111505293187, 37.480649023916875 ], [ 126.891328693627941, 37.483383146757937 ], [ 126.891556647554509, 37.483691908611071 ], [ 126.890989201105313, 37.483905359011338 ], [ 126.887511419247645, 37.484839389829958 ], [ 126.886210131796304, 37.484975393178622 ], [ 126.888017141396162, 37.487115755103261 ], [ 126.888352264528763, 37.487442623811738 ], [ 126.889522432557413, 37.488272299405324 ], [ 126.891748661062138, 37.489740992952662 ], [ 126.895397261157598, 37.492032179019837 ], [ 126.897417642807184, 37.487758894161381 ], [ 126.897561064058607, 37.487595128214252 ], [ 126.898598056373061, 37.486728350904755 ], [ 126.900450572270557, 37.48566520354548 ], [ 126.902762920013686, 37.485007803678407 ], [ 126.903226979492047, 37.484986282537179 ] ] ] } },
{ "type": "Feature", "properties": { "adm_nm": "서울특별시 구로구 구로4동", "ADM_CD": "1153055000", "sggnm": "구로구" }, "geometry": { "type": "Polygon", "coordinates": [ [ [ 126.894546253590789, 37.494322393523348 ], [ 126.895397261157598, 37.492032179019837 ], [ 126.891748661062138, 37.489740992952662 ], [ 126.889522432557413, 37.488272299405324 ], [ 126.888352264528763, 37.487442623811738 ], [ 126.888017141396162, 37.487115755103261 ], [ 126.886210131796304, 37.484975393178622 ], [ 126.886053065430744, 37.484983406754438 ], [ 126.884809874816995, 37.487896720317316 ], [ 126.884444735926522, 37.488929687297606 ], [ 126.884071543157148, 37.490515733461223 ], [ 126.884189894511351, 37.490562626880632 ], [ 126.885520390489532, 37.490243499644613 ], [ 126.887988012108835, 37.489929332449726 ], [ 126.889659487841868, 37.492090640751854 ], [ 126.890410820644647, 37.493207105091386 ], [ 126.888818872101538, 37.495286001344482 ], [ 126.893526473804528, 37.497723718574854 ], [ 126.894546253590789, 37.494322393523348 ] ] ] } },
{ "type": "Feature", "properties": { "adm_nm": "서울특별시 구로구 구로5동", "ADM_CD": "1153056000", "sggnm": "구로구" }, "geometry": { "type": "Polygon", "coordinates": [ [ [ 126.893855645138871, 37.507478069224469 ], [ 126.893685131217993, 37.504415462533927 ], [ 126.89340355629605, 37.503134608666826 ], [ 126.893338716264182, 37.502517371638149 ], [ 126.893309911180808, 37.501512818837639 ], [ 126.893450823287566, 37.498254023832423 ], [ 126.893526473804528, 37.497723718574854 ], [ 126.888818872101538, 37.495286001344482 ], [ 126.887223333902426, 37.497172933053747 ], [ 126.884695700103094, 37.499057143386985 ], [ 126.8839840958764, 37.499350317884762 ], [ 126.883526950641809, 37.499653829800529 ], [ 126.880822588739647, 37.502026016291957 ], [ 126.879820400483922, 37.503015804271705 ], [ 126.881232730933831, 37.503993114704997 ], [ 126.88172981649079, 37.503653203637541 ], [ 126.881976467569757, 37.503583512866093 ], [ 126.88291689608927, 37.503759686388292 ], [ 126.885453966950209, 37.505493370184425 ], [ 126.889992587074332, 37.508163476949704 ], [ 126.891049596487605, 37.507877465226805 ], [ 126.891423319851611, 37.507514478872416 ], [ 126.893855645138871, 37.507478069224469 ] ] ] } },
{ "type": "Feature", "properties": { "adm_nm": "서울특별시 구로구 고척1동", "ADM_CD": "1153072000", "sggnm": "구로구" }, "geometry": { "type": "Polygon", "coordinates": [ [ [ 126.871260676167111, 37.505625984999156 ], [ 126.868028418812827, 37.497061664493415 ], [ 126.868193453267949, 37.495525776623232 ], [ 126.864189570514455, 37.494005759577981 ], [ 126.864110699359941, 37.494791742121073 ], [ 126.863608302022385, 37.496100527641232 ], [ 126.863099553779435, 37.496810981142175 ], [ 126.862560308303401, 37.496617661858345 ], [ 126.86049861001014, 37.496858897609521 ], [ 126.856640643425393, 37.497552271232394 ], [ 126.855551534773156, 37.499308478799854 ], [ 126.855821232769841, 37.501165606821516 ], [ 126.856045311927389, 37.50224394455855 ], [ 126.857146184186774, 37.502172199214087 ], [ 126.857409902811796, 37.50316511980121 ], [ 126.856620344649372, 37.503791767911082 ], [ 126.85667074202965, 37.503932878528012 ], [ 126.857323702195501, 37.504168178417125 ], [ 126.861357502094336, 37.504766146945045 ], [ 126.862753456559105, 37.50600072080718 ], [ 126.863167866760136, 37.505251383837191 ], [ 126.863528069084708, 37.504969399568814 ], [ 126.864574482305869, 37.505005973946417 ], [ 126.869637582512212, 37.505399883374352 ], [ 126.871260676167111, 37.505625984999156 ] ] ] } },
{ "type": "Feature", "properties": { "adm_nm": "서울특별시 구로구 고척2동", "ADM_CD": "1153073000", "sggnm": "구로구" }, "geometry": { "type": "Polygon", "coordinates": [ [ [ 126.858155804753039, 37.509945140852281 ], [ 126.860105678136549, 37.506687327968386 ], [ 126.862459846536993, 37.5066863463882 ], [ 126.862753456559105, 37.50600072080718 ], [ 126.861357502094336, 37.504766146945045 ], [ 126.857323702195501, 37.504168178417125 ], [ 126.85667074202965, 37.503932878528012 ], [ 126.856620344649372, 37.503791767911082 ], [ 126.857409902811796, 37.50316511980121 ], [ 126.857146184186774, 37.502172199214087 ], [ 126.856045311927389, 37.50224394455855 ], [ 126.854627199615678, 37.50261022552575 ], [ 126.853534792457083, 37.500635925053302 ], [ 126.85300515998108, 37.499577357848572 ], [ 126.852739435185995, 37.499479006851608 ], [ 126.849976803987943, 37.501324001304518 ], [ 126.848443262213735, 37.502894044644826 ], [ 126.847357802996882, 37.504812039798338 ], [ 126.845294389122401, 37.507871004334319 ], [ 126.847181334471173, 37.508792049723084 ], [ 126.852902442663648, 37.510576655959589 ], [ 126.854024270984226, 37.51030337801248 ], [ 126.855074862604752, 37.509923791777432 ], [ 126.856085847295475, 37.509468514663723 ], [ 126.858155804753039, 37.509945140852281 ] ] ] } },
{ "type": "Feature", "properties": { "adm_nm": "서울특별시 구로구 개봉2동", "ADM_CD": "1153075000", "sggnm": "구로구" }, "geometry": { "type": "Polygon", "coordinates": [ [ [ 126.864189570514455, 37.494005759577981 ], [ 126.868193453267949, 37.495525776623232 ], [ 126.868305776206668, 37.495103813075367 ], [ 126.867039841802267, 37.492955180210139 ], [ 126.863091881335521, 37.490958820466595 ], [ 126.861700811826992, 37.490770000047895 ], [ 126.85873797597273, 37.490170328400026 ], [ 126.855409119374755, 37.489964055707304 ], [ 126.850973226037567, 37.489851561902825 ], [ 126.850474237165329, 37.489896465044055 ], [ 126.848142030769097, 37.490459364147455 ], [ 126.848285387958242, 37.493885290477309 ], [ 126.84861953566562, 37.49521323350411 ], [ 126.850765232525873, 37.49572756359747 ], [ 126.8532678049108, 37.495851710047894 ], [ 126.855506434533609, 37.495423404034227 ], [ 126.857854533571256, 37.494842426024967 ], [ 126.858616587053447, 37.494335004973841 ], [ 126.859289681221014, 37.494200717148381 ], [ 126.86319162205298, 37.493962076809552 ], [ 126.864189570514455, 37.494005759577981 ] ] ] } },
{ "type": "Feature", "properties": { "adm_nm": "서울특별시 구로구 개봉3동", "ADM_CD": "1153076000", "sggnm": "구로구" }, "geometry": { "type": "Polygon", "coordinates": [ [ [ 126.856509190340248, 37.485686381321983 ], [ 126.853241630658303, 37.482404497705794 ], [ 126.852564875477071, 37.481941100382109 ], [ 126.851891747642455, 37.481630949320667 ], [ 126.851085140144235, 37.481552160130953 ], [ 126.850012563416655, 37.481656680146529 ], [ 126.848241345671596, 37.48211111994312 ], [ 126.848171171121592, 37.482214388527829 ], [ 126.848269602410056, 37.482356895713785 ], [ 126.849865363511086, 37.48387770900181 ], [ 126.847586093130573, 37.484625098456156 ], [ 126.845807512601326, 37.485508166818008 ], [ 126.844655494093217, 37.486525944925468 ], [ 126.846369310836849, 37.489104295717162 ], [ 126.847619678933214, 37.490236796752129 ], [ 126.848142030769097, 37.490459364147455 ], [ 126.850474237165329, 37.489896465044055 ], [ 126.850973226037567, 37.489851561902825 ], [ 126.855409119374755, 37.489964055707304 ], [ 126.85873797597273, 37.490170328400026 ], [ 126.861700811826992, 37.490770000047895 ], [ 126.863091881335521, 37.490958820466595 ], [ 126.861867345539409, 37.490391214473981 ], [ 126.861613920517115, 37.490182529494859 ], [ 126.861255665288255, 37.489825680584055 ], [ 126.858175080490412, 37.486301591111996 ], [ 126.857704167555312, 37.485899056060831 ], [ 126.856509190340248, 37.485686381321983 ] ] ] } },
{ "type": "Feature", "properties": { "adm_nm": "서울특별시 구로구 오류1동", "ADM_CD": "1153077000", "sggnm": "구로구" }, "geometry": { "type": "Polygon", "coordinates": [ [ [ 126.838363685705517, 37.500141950938684 ], [ 126.838744746840234, 37.50022848626508 ], [ 126.841089486893537, 37.500141313122015 ], [ 126.843360399065574, 37.499845245576886 ], [ 126.844148008536749, 37.499693011272029 ], [ 126.848376304932074, 37.497662458076981 ], [ 126.849956665424514, 37.496631846736214 ], [ 126.850765232525873, 37.49572756359747 ], [ 126.847784880861198, 37.495015978700906 ], [ 126.845552521340025, 37.49439747342128 ], [ 126.845070848947742, 37.494013982745287 ], [ 126.8441106593949, 37.49377655742628 ], [ 126.839806984527158, 37.493378523686559 ], [ 126.838078821607056, 37.493162668991225 ], [ 126.837368589736485, 37.494487055542777 ], [ 126.836887309259097, 37.496192747941464 ], [ 126.834415269724119, 37.497679825334444 ], [ 126.834270314385194, 37.497840688371454 ], [ 126.834120106880732, 37.498432425996391 ], [ 126.83424098528161, 37.498914257469067 ], [ 126.835689874646476, 37.500338661934613 ], [ 126.836218676207565, 37.500629503473313 ], [ 126.836888770966794, 37.500630442154232 ], [ 126.838363685705517, 37.500141950938684 ] ] ] } },
{ "type": "Feature", "properties": { "adm_nm": "서울특별시 구로구 항동", "ADM_CD": "1153080000", "sggnm": "구로구" }, "geometry": { "type": "Polygon", "coordinates": [ [ [ 126.824051609593539, 37.48884914198792 ], [ 126.825973255895121, 37.488229793416359 ], [ 126.827797508919957, 37.488173855745572 ], [ 126.828195957467173, 37.487623495297171 ], [ 126.82818275038143, 37.486967036238589 ], [ 126.828876892525869, 37.485760663024898 ], [ 126.829936581367178, 37.485516028084092 ], [ 126.830439215143997, 37.484414868859268 ], [ 126.832073088419776, 37.483936594366455 ], [ 126.832075397109364, 37.482905048576093 ], [ 126.831151330648126, 37.48173151655628 ], [ 126.830843596778493, 37.481215301683172 ], [ 126.832124194149941, 37.480818574926452 ], [ 126.831993438690745, 37.480091615498758 ], [ 126.832554710199048, 37.479049140344266 ], [ 126.832350541048001, 37.478263466237536 ], [ 126.831793689308398, 37.477574560161877 ], [ 126.829646341394124, 37.476693580340545 ], [ 126.829280652696923, 37.476247607044904 ], [ 126.828760308999037, 37.476100435416392 ], [ 126.825970236057529, 37.476847581980287 ], [ 126.825132048440622, 37.476764289350733 ], [ 126.824192084908603, 37.476176786456584 ], [ 126.822648464792323, 37.475857981255636 ], [ 126.82167903237476, 37.475305580566101 ], [ 126.821220819685237, 37.476254383282466 ], [ 126.819220719562068, 37.476157562822628 ], [ 126.819148760085284, 37.475501011659702 ], [ 126.819502685542957, 37.475114721472075 ], [ 126.818458257671836, 37.475177593312701 ], [ 126.818666691185712, 37.474134640793451 ], [ 126.81792555074226, 37.473471198748989 ], [ 126.817838072467893, 37.473154565431756 ], [ 126.817308539281456, 37.473177192233031 ], [ 126.817094263946842, 37.473592997638583 ], [ 126.816658213509399, 37.473917647410495 ], [ 126.815392250294764, 37.474008213545709 ], [ 126.814753069322677, 37.474667789533662 ], [ 126.81486798616335, 37.475781575028556 ], [ 126.815292879069673, 37.476450403125639 ], [ 126.816093835913321, 37.47671540107099 ], [ 126.816070782229673, 37.477119779666559 ], [ 126.816444743792545, 37.477571664285009 ], [ 126.817053819224853, 37.478117689213704 ], [ 126.818201036587254, 37.47814290424062 ], [ 126.819567810100395, 37.480276346374382 ], [ 126.819927979548623, 37.481761833088882 ], [ 126.819454995444332, 37.482710605338944 ], [ 126.819389209679471, 37.485369987191014 ], [ 126.819433860404004, 37.485470081790979 ], [ 126.819508122830726, 37.485557928106061 ], [ 126.821296090743857, 37.48619012001911 ], [ 126.822328004065866, 37.486736863096759 ], [ 126.823473383635729, 37.487745295015962 ], [ 126.823028137438214, 37.488075585129373 ], [ 126.822999946184282, 37.488476790203556 ], [ 126.824051609593539, 37.48884914198792 ] ] ] } },
{ "type": "Feature", "properties": { "adm_nm": "서울특별시 구로구 수궁동", "ADM_CD": "1153079000", "sggnm": "구로구" }, "geometry": { "type": "Polygon", "coordinates": [ [ [ 126.836413998580682, 37.500650318822153 ], [ 126.836218676207565, 37.500629503473313 ], [ 126.835689874646476, 37.500338661934613 ], [ 126.83424098528161, 37.498914257469067 ], [ 126.834142404713589, 37.498628649603639 ], [ 126.8341247176742, 37.498311950371239 ], [ 126.834270314385194, 37.497840688371454 ], [ 126.834415269724119, 37.497679825334444 ], [ 126.836887309259097, 37.496192747941464 ], [ 126.837368589736485, 37.494487055542777 ], [ 126.838078821607056, 37.493162668991225 ], [ 126.835896163111627, 37.493094084696835 ], [ 126.832501255628372, 37.493073823624073 ], [ 126.832500694919787, 37.493210420308181 ], [ 126.83223551118158, 37.493222171508044 ], [ 126.82693604697144, 37.493206744942086 ], [ 126.826785727462862, 37.493154060704768 ], [ 126.826845153926556, 37.491259307640135 ], [ 126.827023742927153, 37.491211877465908 ], [ 126.826409626280352, 37.490631512382208 ], [ 126.824051609593539, 37.48884914198792 ], [ 126.822999946184282, 37.488476790203556 ], [ 126.822740642862513, 37.489982875903408 ], [ 126.820617457201351, 37.490756286446604 ], [ 126.820259007938546, 37.490843027964985 ], [ 126.818542886646782, 37.491647736594643 ], [ 126.817857866778354, 37.491583708082267 ], [ 126.815936718030102, 37.49243018760815 ], [ 126.815586835069112, 37.493074262712568 ], [ 126.814392051714208, 37.493198831681951 ], [ 126.814294837068559, 37.49463307701938 ], [ 126.812977316540852, 37.496289622251147 ], [ 126.814001093415015, 37.497196197678996 ], [ 126.81435947151455, 37.498314270987287 ], [ 126.815172865726652, 37.498044885802273 ], [ 126.815926773233656, 37.497640120958714 ], [ 126.816507093509131, 37.497813611751077 ], [ 126.818212364797034, 37.498884777973515 ], [ 126.818951322823196, 37.498693252410412 ], [ 126.819757423494451, 37.499226525252965 ], [ 126.819377280854738, 37.500496958735269 ], [ 126.820203007126494, 37.501578548333228 ], [ 126.821594143691911, 37.502061252630341 ], [ 126.821516869147729, 37.503034934218491 ], [ 126.822447832099215, 37.506074992704512 ], [ 126.822237425446474, 37.507600931838908 ], [ 126.824679337597459, 37.508328320612208 ], [ 126.826266925027227, 37.508748541430094 ], [ 126.826525016324311, 37.508745118578453 ], [ 126.826971894381956, 37.508587364308923 ], [ 126.830675005104638, 37.507572981913199 ], [ 126.830642697310296, 37.506834818930045 ], [ 126.832642301880583, 37.505031040143507 ], [ 126.834337900036587, 37.503767450634633 ], [ 126.835696110827698, 37.503386389456857 ], [ 126.836171540799739, 37.50303866226453 ], [ 126.836417802668834, 37.502457548208994 ], [ 126.836526432381376, 37.500969803201556 ], [ 126.836413998580682, 37.500650318822153 ] ] ] } },
{ "type": "Feature", "properties": { "adm_nm": "서울특별시 구로구 가리봉동", "ADM_CD": "1153059500", "sggnm": "구로구" }, "geometry": { "type": "Polygon", "coordinates": [ [ [ 126.885944161247039, 37.484988963683335 ], [ 126.887511419247645, 37.484839389829958 ], [ 126.890989201105313, 37.483905359011338 ], [ 126.891556647554509, 37.483691908611071 ], [ 126.891328693627941, 37.483383146757937 ], [ 126.892111505293187, 37.480649023916875 ], [ 126.893475591750544, 37.480254030311563 ], [ 126.894381433196699, 37.480201274100402 ], [ 126.896048377383664, 37.478785663281954 ], [ 126.896167553853147, 37.478553113037911 ], [ 126.895863002859869, 37.478455720329713 ], [ 126.894807882289498, 37.478512287930968 ], [ 126.890409271293152, 37.479258082125845 ], [ 126.889519069809509, 37.479459672029101 ], [ 126.88853149447263, 37.479899610719826 ], [ 126.888161267738937, 37.480137679290152 ], [ 126.887625981227245, 37.480591218568755 ], [ 126.887180671216086, 37.481106061822167 ], [ 126.885467753621342, 37.482842414127106 ], [ 126.882271431400255, 37.48502956123891 ], [ 126.880658857962615, 37.48596867912071 ], [ 126.880153488176276, 37.487343991276035 ], [ 126.88287706490425, 37.48660333583112 ], [ 126.885944161247039, 37.484988963683335 ] ] ] } },
{ "type": "Feature", "properties": { "adm_nm": "서울특별시 구로구 구로2동", "ADM_CD": "1153053000", "sggnm": "구로구" }, "geometry": { "type": "Polygon", "coordinates": [ [ [ 126.881232730933831, 37.503993114704997 ], [ 126.879820400483922, 37.503015804271705 ], [ 126.880822588739647, 37.502026016291957 ], [ 126.883526950641809, 37.499653829800529 ], [ 126.8839840958764, 37.499350317884762 ], [ 126.884695700103094, 37.499057143386985 ], [ 126.887223333902426, 37.497172933053747 ], [ 126.888818872101538, 37.495286001344482 ], [ 126.890410820644647, 37.493207105091386 ], [ 126.889659487841868, 37.492090640751854 ], [ 126.887988012108835, 37.489929332449726 ], [ 126.885520390489532, 37.490243499644613 ], [ 126.884189894511351, 37.490562626880632 ], [ 126.884071543157148, 37.490515733461223 ], [ 126.884444735926522, 37.488929687297606 ], [ 126.884809874816995, 37.487896720317316 ], [ 126.886053065430744, 37.484983406754438 ], [ 126.885944161247039, 37.484988963683335 ], [ 126.88287706490425, 37.48660333583112 ], [ 126.880153488176276, 37.487343991276035 ], [ 126.880008750390985, 37.488508205711838 ], [ 126.879820038667674, 37.49132394769115 ], [ 126.879980750979129, 37.492152910363437 ], [ 126.880004635961811, 37.49251357733047 ], [ 126.879851326389385, 37.49463771341577 ], [ 126.879583296654744, 37.497124041681019 ], [ 126.879565606749864, 37.497723213478231 ], [ 126.879713243280818, 37.498851942083284 ], [ 126.879865699222577, 37.499396934391335 ], [ 126.880164113740562, 37.500083979480848 ], [ 126.878348422400919, 37.499810341945 ], [ 126.875096843492685, 37.498669170876646 ], [ 126.873320026992701, 37.497991207666587 ], [ 126.871206039848673, 37.496963698714083 ], [ 126.868410767680473, 37.496442830463394 ], [ 126.868028418812827, 37.497061664493415 ], [ 126.871260676167111, 37.505625984999156 ], [ 126.873478843293853, 37.508523309994011 ], [ 126.877029175366303, 37.505496964360717 ], [ 126.878416336303502, 37.504923621072564 ], [ 126.880136063683807, 37.504931585465755 ], [ 126.881232730933831, 37.503993114704997 ] ] ] } },
{ "type": "Feature", "properties": { "adm_nm": "서울특별시 구로구 개봉1동", "ADM_CD": "1153074000", "sggnm": "구로구" }, "geometry": { "type": "Polygon", "coordinates": [ [ [ 126.856045311927389, 37.50224394455855 ], [ 126.855821232769841, 37.501165606821516 ], [ 126.855551534773156, 37.499308478799854 ], [ 126.856640643425393, 37.497552271232394 ], [ 126.86049861001014, 37.496858897609521 ], [ 126.862560308303401, 37.496617661858345 ], [ 126.863099553779435, 37.496810981142175 ], [ 126.863608302022385, 37.496100527641232 ], [ 126.864110699359941, 37.494791742121073 ], [ 126.864189570514455, 37.494005759577981 ], [ 126.86319162205298, 37.493962076809552 ], [ 126.859289681221014, 37.494200717148381 ], [ 126.858616587053447, 37.494335004973841 ], [ 126.857854533571256, 37.494842426024967 ], [ 126.855506434533609, 37.495423404034227 ], [ 126.8532678049108, 37.495851710047894 ], [ 126.850765232525873, 37.49572756359747 ], [ 126.849956665424514, 37.496631846736214 ], [ 126.848376304932074, 37.497662458076981 ], [ 126.844148008536749, 37.499693011272029 ], [ 126.843360399065574, 37.499845245576886 ], [ 126.841089486893537, 37.500141313122015 ], [ 126.838744746840234, 37.50022848626508 ], [ 126.838363685705517, 37.500141950938684 ], [ 126.8383816221437, 37.501474824803033 ], [ 126.838982805020819, 37.502901197825302 ], [ 126.840617935426977, 37.503993083946796 ], [ 126.842328400736093, 37.504885943112541 ], [ 126.844538326627543, 37.506438483086484 ], [ 126.845294389122401, 37.507871004334319 ], [ 126.847357802996882, 37.504812039798338 ], [ 126.848443262213735, 37.502894044644826 ], [ 126.849976803987943, 37.501324001304518 ], [ 126.852739435185995, 37.499479006851608 ], [ 126.85300515998108, 37.499577357848572 ], [ 126.853534792457083, 37.500635925053302 ], [ 126.854627199615678, 37.50261022552575 ], [ 126.856045311927389, 37.50224394455855 ] ] ] } },
{ "type": "Feature", "properties": { "adm_nm": "서울특별시 금천구 가산동", "ADM_CD": "1154551000", "sggnm": "금천구" }, "geometry": { "type": "Polygon", "coordinates": [ [ [ 126.880658857962615, 37.48596867912071 ], [ 126.882271431400255, 37.48502956123891 ], [ 126.885467753621342, 37.482842414127106 ], [ 126.887747713876919, 37.480476993241666 ], [ 126.888161267738937, 37.480137679290152 ], [ 126.888716936736714, 37.479799101017399 ], [ 126.889519069809509, 37.479459672029101 ], [ 126.89013105865574, 37.479307347682592 ], [ 126.894807882289498, 37.478512287930968 ], [ 126.895863002859869, 37.478455720329713 ], [ 126.896525256870547, 37.475750634011632 ], [ 126.894057605192344, 37.474518810892782 ], [ 126.893878234624182, 37.472226311997396 ], [ 126.891869394056883, 37.47230186606518 ], [ 126.890170769044644, 37.472246547360712 ], [ 126.887119888821019, 37.472029147336841 ], [ 126.889104832814184, 37.467562995820821 ], [ 126.889400659852015, 37.46575583668659 ], [ 126.886767133261486, 37.464677716408808 ], [ 126.880654494170173, 37.471850131701657 ], [ 126.879895799953559, 37.472781972913261 ], [ 126.878460318134415, 37.474702568892894 ], [ 126.876657451625917, 37.47756163707637 ], [ 126.875621456337953, 37.479481688488555 ], [ 126.874716850663063, 37.481408058904137 ], [ 126.873909017617024, 37.483333832104861 ], [ 126.873977419204891, 37.485051251491683 ], [ 126.874742468072512, 37.485382052103006 ], [ 126.876341062730063, 37.485605691050424 ], [ 126.877084237914559, 37.485838319784314 ], [ 126.878102027776876, 37.486293244200816 ], [ 126.880658857962615, 37.48596867912071 ] ] ] } },
{ "type": "Feature", "properties": { "adm_nm": "서울특별시 금천구 독산1동", "ADM_CD": "1154561000", "sggnm": "금천구" }, "geometry": { "type": "Polygon", "coordinates": [ [ [ 126.898010368611793, 37.471422571364194 ], [ 126.897631334468699, 37.466512744415738 ], [ 126.897323455730273, 37.463572743557329 ], [ 126.897417152145863, 37.462641442195384 ], [ 126.897703021422103, 37.461716752833752 ], [ 126.898062982659098, 37.460805960435721 ], [ 126.898743605672223, 37.459393178353949 ], [ 126.896815213954198, 37.458834633882461 ], [ 126.893104346958921, 37.457364428104789 ], [ 126.893541514912599, 37.455981975192216 ], [ 126.894028596228409, 37.454908475919829 ], [ 126.894855925421368, 37.453613628617198 ], [ 126.895232096181772, 37.452779800037156 ], [ 126.894463933407664, 37.452536749124242 ], [ 126.894073761845817, 37.452639507246523 ], [ 126.892628850394019, 37.451918913780652 ], [ 126.889622864290189, 37.452350724259865 ], [ 126.889526460226932, 37.452527396829908 ], [ 126.889481116642727, 37.45275345995212 ], [ 126.887170018165733, 37.455571661727284 ], [ 126.886379085283934, 37.456198509418826 ], [ 126.886202186781631, 37.456572782648912 ], [ 126.885274025924502, 37.460061851705603 ], [ 126.886055223442838, 37.460642832304792 ], [ 126.886673984357756, 37.460976686431714 ], [ 126.887618648349886, 37.461129742006158 ], [ 126.888392126552489, 37.460829539059255 ], [ 126.88865074523811, 37.460834257382679 ], [ 126.888862025949862, 37.460924359457159 ], [ 126.8890657195399, 37.461252155406036 ], [ 126.889099889823299, 37.461395422820068 ], [ 126.889084637740382, 37.46153280123432 ], [ 126.888650115573952, 37.46247360090581 ], [ 126.886767133261486, 37.464677716408808 ], [ 126.889400659852015, 37.46575583668659 ], [ 126.889104832814184, 37.467562995820821 ], [ 126.887119888821019, 37.472029147336841 ], [ 126.890170769044644, 37.472246547360712 ], [ 126.891869394056883, 37.47230186606518 ], [ 126.893878234624182, 37.472226311997396 ], [ 126.894057605192344, 37.474518810892782 ], [ 126.896525256870547, 37.475750634011632 ], [ 126.895863002859869, 37.478455720329713 ], [ 126.896167553853147, 37.478553113037911 ], [ 126.898953017793346, 37.478953670652579 ], [ 126.898010368611793, 37.471422571364194 ] ] ] } },
{ "type": "Feature", "properties": { "adm_nm": "서울특별시 금천구 독산2동", "ADM_CD": "1154562000", "sggnm": "금천구" }, "geometry": { "type": "Polygon", "coordinates": [ [ [ 126.912399603382838, 37.466010239142577 ], [ 126.912436172870386, 37.465676914383444 ], [ 126.910964008231701, 37.465257754863877 ], [ 126.910723000362509, 37.465402497761566 ], [ 126.909931072642451, 37.465720767451444 ], [ 126.90966577535012, 37.465664234116581 ], [ 126.907279240709116, 37.464451567653832 ], [ 126.904364961475451, 37.46229358918918 ], [ 126.902898507716529, 37.46220393936445 ], [ 126.902560957987518, 37.461637757713241 ], [ 126.902480980399289, 37.460586142543931 ], [ 126.901811667529117, 37.459438023003742 ], [ 126.900144864933523, 37.458163168556851 ], [ 126.899366941862169, 37.457968804026464 ], [ 126.898062982659098, 37.460805960435721 ], [ 126.897703021422103, 37.461716752833752 ], [ 126.897417152145863, 37.462641442195384 ], [ 126.897323455730273, 37.463572743557329 ], [ 126.897631334468699, 37.466512744415738 ], [ 126.901744766922334, 37.466467121527238 ], [ 126.904324156603707, 37.466812573688209 ], [ 126.90531785720114, 37.466993343815027 ], [ 126.906435156881642, 37.467365138608969 ], [ 126.906782476019487, 37.467417584200696 ], [ 126.9077274825366, 37.467322048429558 ], [ 126.908077379642478, 37.467226905595766 ], [ 126.908123743217644, 37.467163898484571 ], [ 126.912399603382838, 37.466010239142577 ] ] ] } },
{ "type": "Feature", "properties": { "adm_nm": "서울특별시 금천구 독산3동", "ADM_CD": "1154563000", "sggnm": "금천구" }, "geometry": { "type": "Polygon", "coordinates": [ [ [ 126.909881698027917, 37.473260385354578 ], [ 126.907361802517698, 37.472281066658347 ], [ 126.906321575159495, 37.47198515667845 ], [ 126.903189507680807, 37.472359216700021 ], [ 126.900449233570228, 37.471288500818247 ], [ 126.898010368611793, 37.471422571364194 ], [ 126.898953017793346, 37.478953670652579 ], [ 126.899468525751971, 37.480344416596672 ], [ 126.900674141344453, 37.479326371640951 ], [ 126.902118715158537, 37.479542128360237 ], [ 126.909723721389639, 37.480949313461437 ], [ 126.908822842374917, 37.479442643491879 ], [ 126.908824324203309, 37.478864916942833 ], [ 126.909240045277457, 37.478396155132387 ], [ 126.90948515762085, 37.478202351925788 ], [ 126.910648484519356, 37.478100876320845 ], [ 126.911621636353388, 37.478165690161546 ], [ 126.911937578086949, 37.476905361448907 ], [ 126.911639551055814, 37.475519166773708 ], [ 126.910934013126379, 37.473819971574649 ], [ 126.910721256532881, 37.47363976575862 ], [ 126.909881698027917, 37.473260385354578 ] ] ] } },
{ "type": "Feature", "properties": { "adm_nm": "서울특별시 금천구 독산4동", "ADM_CD": "1154564000", "sggnm": "금천구" }, "geometry": { "type": "Polygon", "coordinates": [ [ [ 126.912399603382838, 37.466010239142577 ], [ 126.908123743217644, 37.467163898484571 ], [ 126.908077379642478, 37.467226905595766 ], [ 126.9077274825366, 37.467322048429558 ], [ 126.906782476019487, 37.467417584200696 ], [ 126.906435156881642, 37.467365138608969 ], [ 126.90531785720114, 37.466993343815027 ], [ 126.904324156603707, 37.466812573688209 ], [ 126.901744766922334, 37.466467121527238 ], [ 126.897631334468699, 37.466512744415738 ], [ 126.898010368611793, 37.471422571364194 ], [ 126.900449233570228, 37.471288500818247 ], [ 126.903189507680807, 37.472359216700021 ], [ 126.906321575159495, 37.47198515667845 ], [ 126.907361802517698, 37.472281066658347 ], [ 126.908228470828874, 37.472625673092324 ], [ 126.908635638315076, 37.472083516526503 ], [ 126.909007209101276, 37.471213311308453 ], [ 126.91012524491768, 37.469072537613592 ], [ 126.911617354110973, 37.466627153421534 ], [ 126.912399603382838, 37.466010239142577 ] ] ] } },
{ "type": "Feature", "properties": { "adm_nm": "서울특별시 금천구 시흥1동", "ADM_CD": "1154567000", "sggnm": "금천구" }, "geometry": { "type": "Polygon", "coordinates": [ [ [ 126.906131085255851, 37.453712513851066 ], [ 126.905926472336233, 37.450903744361959 ], [ 126.905703843178429, 37.449836765072639 ], [ 126.905375908510592, 37.449399081893738 ], [ 126.904749659397808, 37.448977924702021 ], [ 126.902920579029384, 37.448520319423082 ], [ 126.903440814883083, 37.447137054124916 ], [ 126.903572389584511, 37.446488742092903 ], [ 126.90349275082076, 37.446338945728598 ], [ 126.90065617575803, 37.444476340536774 ], [ 126.900273990566021, 37.444338197902731 ], [ 126.89948540771644, 37.444389275123719 ], [ 126.898225616184661, 37.444654364934472 ], [ 126.896123188511808, 37.445846998308959 ], [ 126.895091643082253, 37.448425475088207 ], [ 126.894826612733084, 37.450848554414037 ], [ 126.894073761845817, 37.452639507246523 ], [ 126.894463933407664, 37.452536749124242 ], [ 126.895232096181772, 37.452779800037156 ], [ 126.894855925421368, 37.453613628617198 ], [ 126.894028596228409, 37.454908475919829 ], [ 126.893541514912599, 37.455981975192216 ], [ 126.893104346958921, 37.457364428104789 ], [ 126.896815213954198, 37.458834633882461 ], [ 126.898743605672223, 37.459393178353949 ], [ 126.899366941862169, 37.457968804026464 ], [ 126.900144864933523, 37.458163168556851 ], [ 126.901811667529117, 37.459438023003742 ], [ 126.902480980399289, 37.460586142543931 ], [ 126.902560957987518, 37.461637757713241 ], [ 126.902898507716529, 37.46220393936445 ], [ 126.904364961475451, 37.46229358918918 ], [ 126.904608363466082, 37.461544434750238 ], [ 126.906025505397182, 37.454551747893632 ], [ 126.906131085255851, 37.453712513851066 ] ] ] } },
{ "type": "Feature", "properties": { "adm_nm": "서울특별시 금천구 시흥2동", "ADM_CD": "1154568000", "sggnm": "금천구" }, "geometry": { "type": "Polygon", "coordinates": [ [ [ 126.92874943387082, 37.450192651427095 ], [ 126.928339839537827, 37.449689284396968 ], [ 126.925352642463665, 37.447518286538376 ], [ 126.923730657676913, 37.446645080715285 ], [ 126.922123930799287, 37.445170267474644 ], [ 126.921093316316302, 37.444125276278079 ], [ 126.91262831979941, 37.448430330982283 ], [ 126.912462919461092, 37.448538745810197 ], [ 126.912324715079222, 37.448942598061748 ], [ 126.912210713402672, 37.449515522674027 ], [ 126.912210144874521, 37.44967776498806 ], [ 126.912630188272558, 37.450902325293598 ], [ 126.913728049014125, 37.452923447396529 ], [ 126.913940744873443, 37.453142458762933 ], [ 126.914137020318876, 37.453217290395315 ], [ 126.914687260127337, 37.453066785414343 ], [ 126.91493998220588, 37.453099584457689 ], [ 126.916452766333904, 37.453843926955976 ], [ 126.918185231150346, 37.455516607296339 ], [ 126.918445194949513, 37.456805706640807 ], [ 126.918410725052041, 37.457162677883808 ], [ 126.922468437286511, 37.457247949955203 ], [ 126.92250890979318, 37.456947318440733 ], [ 126.922430006483538, 37.456731732842876 ], [ 126.922638428047151, 37.455542954313422 ], [ 126.923184056764867, 37.454427930434264 ], [ 126.925301730614621, 37.45288001830184 ], [ 126.92707175557058, 37.451689800869701 ], [ 126.92874943387082, 37.450192651427095 ] ] ] } },
{ "type": "Feature", "properties": { "adm_nm": "서울특별시 금천구 시흥3동", "ADM_CD": "1154569000", "sggnm": "금천구" }, "geometry": { "type": "Polygon", "coordinates": [ [ [ 126.9152195932067, 37.440055999842095 ], [ 126.914801025534203, 37.440095616248534 ], [ 126.914333037205239, 37.44003921643165 ], [ 126.912356939210241, 37.438589479988813 ], [ 126.911345373159762, 37.437543503922846 ], [ 126.910820343055391, 37.436599957062491 ], [ 126.910381082649891, 37.435409093963955 ], [ 126.909335415202364, 37.434159990851818 ], [ 126.909114193234956, 37.433992132809195 ], [ 126.908734048372878, 37.433821226083623 ], [ 126.908203866987918, 37.433684494006187 ], [ 126.907237696652118, 37.433593393108829 ], [ 126.904469394323243, 37.43405783101786 ], [ 126.902790232236555, 37.435512998819732 ], [ 126.901921856475212, 37.436370485591574 ], [ 126.899384128797379, 37.438143444323991 ], [ 126.898882877722357, 37.438804524661663 ], [ 126.898722704275883, 37.439309599879905 ], [ 126.899098552939122, 37.439600618919421 ], [ 126.899116510439143, 37.441041092376523 ], [ 126.898927047316675, 37.442380905758732 ], [ 126.89851101781035, 37.443866037050512 ], [ 126.898225616184661, 37.444654364934472 ], [ 126.899767309428796, 37.44434732996411 ], [ 126.900273990566021, 37.444338197902731 ], [ 126.90065617575803, 37.444476340536774 ], [ 126.90349275082076, 37.446338945728598 ], [ 126.903572389584511, 37.446488742092903 ], [ 126.903440814883083, 37.447137054124916 ], [ 126.903321858354815, 37.447435029737186 ], [ 126.907214357694869, 37.445835544801156 ], [ 126.913510337313852, 37.441889692802469 ], [ 126.9152195932067, 37.440055999842095 ] ] ] } },
{ "type": "Feature", "properties": { "adm_nm": "서울특별시 금천구 시흥4동", "ADM_CD": "1154570000", "sggnm": "금천구" }, "geometry": { "type": "Polygon", "coordinates": [ [ [ 126.912436172870386, 37.465676914383444 ], [ 126.913748824647229, 37.465282329054304 ], [ 126.91303063237504, 37.464401064822781 ], [ 126.912859408502143, 37.463974321718261 ], [ 126.913962578242149, 37.458644929883825 ], [ 126.914151283322582, 37.458092596853064 ], [ 126.913228639232145, 37.458055344931431 ], [ 126.910450664470147, 37.456702999160711 ], [ 126.909874994308183, 37.456114185506365 ], [ 126.909119139283504, 37.453938184670022 ], [ 126.908827820804518, 37.453242679668442 ], [ 126.906131085255851, 37.453712513851066 ], [ 126.906025505397182, 37.454551747893632 ], [ 126.904608363466082, 37.461544434750238 ], [ 126.904364961475451, 37.46229358918918 ], [ 126.907279240709116, 37.464451567653832 ], [ 126.90966577535012, 37.465664234116581 ], [ 126.909931072642451, 37.465720767451444 ], [ 126.910723000362509, 37.465402497761566 ], [ 126.910964008231701, 37.465257754863877 ], [ 126.912436172870386, 37.465676914383444 ] ] ] } },
{ "type": "Feature", "properties": { "adm_nm": "서울특별시 금천구 시흥5동", "ADM_CD": "1154571000", "sggnm": "금천구" }, "geometry": { "type": "Polygon", "coordinates": [ [ [ 126.918410725052041, 37.457162677883808 ], [ 126.918445194949513, 37.456805706640807 ], [ 126.918185231150346, 37.455516607296339 ], [ 126.916452766333904, 37.453843926955976 ], [ 126.91493998220588, 37.453099584457689 ], [ 126.914687260127337, 37.453066785414343 ], [ 126.914137020318876, 37.453217290395315 ], [ 126.913940744873443, 37.453142458762933 ], [ 126.913728049014125, 37.452923447396529 ], [ 126.912630188272558, 37.450902325293598 ], [ 126.912210144874521, 37.44967776498806 ], [ 126.912324715079222, 37.448942598061748 ], [ 126.912462919461092, 37.448538745810197 ], [ 126.91262831979941, 37.448430330982283 ], [ 126.921093316316302, 37.444125276278079 ], [ 126.920960125599052, 37.443623240578631 ], [ 126.91989851603914, 37.441291390740226 ], [ 126.919429127841752, 37.440775308817877 ], [ 126.918108197757945, 37.43991815113953 ], [ 126.9152195932067, 37.440055999842095 ], [ 126.913510337313852, 37.441889692802469 ], [ 126.907214357694869, 37.445835544801156 ], [ 126.903321858354815, 37.447435029737186 ], [ 126.902920579029384, 37.448520319423082 ], [ 126.904749659397808, 37.448977924702021 ], [ 126.905375908510592, 37.449399081893738 ], [ 126.905703843178429, 37.449836765072639 ], [ 126.905926472336233, 37.450903744361959 ], [ 126.906131085255851, 37.453712513851066 ], [ 126.908827820804518, 37.453242679668442 ], [ 126.909119139283504, 37.453938184670022 ], [ 126.909874994308183, 37.456114185506365 ], [ 126.910450664470147, 37.456702999160711 ], [ 126.913228639232145, 37.458055344931431 ], [ 126.914151283322582, 37.458092596853064 ], [ 126.914833864140419, 37.457667571013509 ], [ 126.918410725052041, 37.457162677883808 ] ] ] } },
{ "type": "Feature", "properties": { "adm_nm": "서울특별시 영등포구 여의동", "ADM_CD": "1156054000", "sggnm": "영등포구" }, "geometry": { "type": "Polygon", "coordinates": [ [ [ 126.917103683154579, 37.541422449014803 ], [ 126.922443226483765, 37.541386010063952 ], [ 126.923026539712694, 37.540594967898514 ], [ 126.927629959678214, 37.539029582790924 ], [ 126.930262404810932, 37.541319535649933 ], [ 126.935815950818736, 37.538995855059817 ], [ 126.941213383821022, 37.536451806872407 ], [ 126.944670246753162, 37.533752156148942 ], [ 126.948643734932745, 37.528547774796586 ], [ 126.949653742775439, 37.526755772745851 ], [ 126.94956205011006, 37.517813555975103 ], [ 126.939397777366011, 37.516136169893947 ], [ 126.933038657393013, 37.515764553536151 ], [ 126.932153449020419, 37.515654315471593 ], [ 126.926011164675373, 37.516097884185179 ], [ 126.925249656403167, 37.516237314860369 ], [ 126.919741000006226, 37.518256420404917 ], [ 126.918309294383306, 37.518913052154893 ], [ 126.917491921296488, 37.519448613328251 ], [ 126.916647445316343, 37.519894034951292 ], [ 126.916015190053855, 37.520342712813928 ], [ 126.915227706885346, 37.521551197826085 ], [ 126.913200736490111, 37.524416576069271 ], [ 126.911978982281312, 37.526259293477295 ], [ 126.911628742208478, 37.527353848724765 ], [ 126.909302063961221, 37.532609064633682 ], [ 126.907873258237331, 37.534147913669102 ], [ 126.906469706011151, 37.539113149489076 ], [ 126.904982932241595, 37.541320211396943 ], [ 126.917103683154579, 37.541422449014803 ] ] ] } },
{ "type": "Feature", "properties": { "adm_nm": "서울특별시 영등포구 당산1동", "ADM_CD": "1156055000", "sggnm": "영등포구" }, "geometry": { "type": "Polygon", "coordinates": [ [ [ 126.902835729596816, 37.52612206788627 ], [ 126.902134920756268, 37.524241460776942 ], [ 126.90100417884365, 37.520406117757226 ], [ 126.900974276920593, 37.520165981470889 ], [ 126.901009655275473, 37.519456347149742 ], [ 126.901095757589218, 37.519037658335641 ], [ 126.900594456499192, 37.519282984045773 ], [ 126.899690317420749, 37.519491336127835 ], [ 126.892254621542094, 37.520737733434927 ], [ 126.891380617184765, 37.521933155158706 ], [ 126.892634950216944, 37.527217014033766 ], [ 126.89414529897023, 37.52921334658074 ], [ 126.897232631810866, 37.527747579744826 ], [ 126.902835729596816, 37.52612206788627 ] ] ] } },
{ "type": "Feature", "properties": { "adm_nm": "서울특별시 영등포구 당산2동", "ADM_CD": "1156056000", "sggnm": "영등포구" }, "geometry": { "type": "Polygon", "coordinates": [ [ [ 126.904982932241595, 37.541320211396943 ], [ 126.906469706011151, 37.539113149489076 ], [ 126.907873258237331, 37.534147913669102 ], [ 126.909302063961221, 37.532609064633682 ], [ 126.911628742208478, 37.527353848724765 ], [ 126.911978982281312, 37.526259293477295 ], [ 126.913200736490111, 37.524416576069271 ], [ 126.912474174040156, 37.524090543527372 ], [ 126.911395473630577, 37.52590023079339 ], [ 126.910312695815378, 37.526329766880814 ], [ 126.908894651758303, 37.526130014303135 ], [ 126.908251925262036, 37.525921738467964 ], [ 126.907456775422091, 37.525582105971509 ], [ 126.90701292928135, 37.525670966886508 ], [ 126.906623584900927, 37.526733796899997 ], [ 126.906400973699391, 37.527780498365921 ], [ 126.906507639235201, 37.532079462951998 ], [ 126.906400853726808, 37.532349179559446 ], [ 126.905466340850438, 37.532149239983006 ], [ 126.904866744743089, 37.530917513243232 ], [ 126.902835729596816, 37.52612206788627 ], [ 126.897232631810866, 37.527747579744826 ], [ 126.89414529897023, 37.52921334658074 ], [ 126.89893430529402, 37.53535919585763 ], [ 126.900762119962735, 37.537621888765543 ], [ 126.894297773227109, 37.542143346194379 ], [ 126.895638522618341, 37.541815945362558 ], [ 126.896521459841566, 37.542948624181285 ], [ 126.897810413507813, 37.542537366382192 ], [ 126.898779820103229, 37.542709441428194 ], [ 126.900046371580942, 37.541817531039896 ], [ 126.900934725210945, 37.542281663374062 ], [ 126.900693915424128, 37.542865415015179 ], [ 126.902179871034605, 37.544066397874616 ], [ 126.904982932241595, 37.541320211396943 ] ] ] } },
{ "type": "Feature", "properties": { "adm_nm": "서울특별시 영등포구 양평1동", "ADM_CD": "1156061000", "sggnm": "영등포구" }, "geometry": { "type": "Polygon", "coordinates": [ [ [ 126.890043581592423, 37.530379718461255 ], [ 126.89414529897023, 37.52921334658074 ], [ 126.892634950216944, 37.527217014033766 ], [ 126.891554247153152, 37.522761037513241 ], [ 126.891380617184765, 37.521933155158706 ], [ 126.892254621542094, 37.520737733434927 ], [ 126.891054959621883, 37.520838588590323 ], [ 126.885359194676454, 37.52179268230676 ], [ 126.885195767146428, 37.521367070569468 ], [ 126.885009784121621, 37.520587561277289 ], [ 126.879805480254106, 37.52138057002454 ], [ 126.879822758019642, 37.522195303200064 ], [ 126.880276580805543, 37.524363134892802 ], [ 126.880509929506971, 37.525226275154431 ], [ 126.881731890778525, 37.526321580322012 ], [ 126.885346096208721, 37.527614205318613 ], [ 126.886314371996889, 37.528055268390773 ], [ 126.886955964820544, 37.528656871865266 ], [ 126.887607780364021, 37.52947935348697 ], [ 126.888481900902136, 37.530720970603063 ], [ 126.890043581592423, 37.530379718461255 ] ] ] } },
{ "type": "Feature", "properties": { "adm_nm": "서울특별시 영등포구 양평2동", "ADM_CD": "1156062000", "sggnm": "영등포구" }, "geometry": { "type": "Polygon", "coordinates": [ [ [ 126.899000403610387, 37.547915259506063 ], [ 126.90175156471895, 37.545129715948413 ], [ 126.902179871034605, 37.544066397874616 ], [ 126.900693915424128, 37.542865415015179 ], [ 126.900934725210945, 37.542281663374062 ], [ 126.900046371580942, 37.541817531039896 ], [ 126.898779820103229, 37.542709441428194 ], [ 126.897810413507813, 37.542537366382192 ], [ 126.896521459841566, 37.542948624181285 ], [ 126.895638522618341, 37.541815945362558 ], [ 126.894297773227109, 37.542143346194379 ], [ 126.900762119962735, 37.537621888765543 ], [ 126.89893430529402, 37.53535919585763 ], [ 126.89414529897023, 37.52921334658074 ], [ 126.890043581592423, 37.530379718461255 ], [ 126.890540623490622, 37.531500470988746 ], [ 126.888804672819035, 37.532055581706999 ], [ 126.888798364826826, 37.532828550737939 ], [ 126.890027572926797, 37.533294528848081 ], [ 126.890252445580927, 37.534674557751082 ], [ 126.888319983974199, 37.53679554026094 ], [ 126.885523886149585, 37.541836865956014 ], [ 126.885156944634431, 37.543589608121742 ], [ 126.883247483155145, 37.545556978574879 ], [ 126.880713846322109, 37.547870316568748 ], [ 126.878136149608594, 37.551546862570639 ], [ 126.877989325777435, 37.553426356220712 ], [ 126.879198279946579, 37.553202908585547 ], [ 126.879315965761336, 37.554833091758283 ], [ 126.8803807627434, 37.556175762833597 ], [ 126.890629748393408, 37.551173273696101 ], [ 126.899000403610387, 37.547915259506063 ] ] ] } },
{ "type": "Feature", "properties": { "adm_nm": "서울특별시 영등포구 신길1동", "ADM_CD": "1156063000", "sggnm": "영등포구" }, "geometry": { "type": "Polygon", "coordinates": [ [ [ 126.926011164675373, 37.516097884185179 ], [ 126.925164571381487, 37.51490067462138 ], [ 126.92478580541561, 37.514485277440755 ], [ 126.923520484122932, 37.512784277037625 ], [ 126.922452978187266, 37.510133879552484 ], [ 126.922104333640107, 37.508851126006718 ], [ 126.922062806311246, 37.508000270549736 ], [ 126.920552340948788, 37.507174976945073 ], [ 126.917138555199173, 37.506216658844878 ], [ 126.916123453789183, 37.505646713217516 ], [ 126.914812492810086, 37.507794443309173 ], [ 126.913735098268305, 37.5113832931942 ], [ 126.916045185033397, 37.511855414365876 ], [ 126.917054770560355, 37.512174839135973 ], [ 126.918288177463396, 37.513450781612008 ], [ 126.918840745831616, 37.514225117106093 ], [ 126.918256113411175, 37.514567092860254 ], [ 126.917694361456867, 37.515051054934162 ], [ 126.917247392680466, 37.515778945727206 ], [ 126.916690457134749, 37.517094423796159 ], [ 126.916706939918939, 37.517334003399434 ], [ 126.916655822716081, 37.517455920168906 ], [ 126.917491921296488, 37.519448613328251 ], [ 126.918309294383306, 37.518913052154893 ], [ 126.919741000006226, 37.518256420404917 ], [ 126.925249656403167, 37.516237314860369 ], [ 126.926011164675373, 37.516097884185179 ] ] ] } },
{ "type": "Feature", "properties": { "adm_nm": "서울특별시 영등포구 신길3동", "ADM_CD": "1156065000", "sggnm": "영등포구" }, "geometry": { "type": "Polygon", "coordinates": [ [ [ 126.910160155436031, 37.503834641745222 ], [ 126.908896813997757, 37.504225940726542 ], [ 126.90852497799699, 37.504499014777245 ], [ 126.907499147918926, 37.504756445180256 ], [ 126.903048526148794, 37.504205652271608 ], [ 126.900906627598545, 37.503285545946163 ], [ 126.900479516820752, 37.503025687499814 ], [ 126.898219022467941, 37.505333752228779 ], [ 126.90433154556446, 37.507995558445209 ], [ 126.910294901312511, 37.510705880231171 ], [ 126.910685538207261, 37.50968254030527 ], [ 126.910891382010035, 37.508865589445534 ], [ 126.910968599575781, 37.508037856523991 ], [ 126.911044149539222, 37.506072156680702 ], [ 126.910996034216851, 37.505819760472882 ], [ 126.910160155436031, 37.503834641745222 ] ] ] } },
{ "type": "Feature", "properties": { "adm_nm": "서울특별시 영등포구 신길4동", "ADM_CD": "1156066000", "sggnm": "영등포구" }, "geometry": { "type": "Polygon", "coordinates": [ [ [ 126.916123453789183, 37.505646713217516 ], [ 126.915454403958108, 37.504193340705783 ], [ 126.913072367042318, 37.504247997529603 ], [ 126.912938966586452, 37.504307049301481 ], [ 126.911525935202732, 37.504062286247859 ], [ 126.911355447629134, 37.503955077057398 ], [ 126.911267833729298, 37.503818054698826 ], [ 126.911130756067706, 37.503877768427856 ], [ 126.911008351872709, 37.503830827681334 ], [ 126.910928479895603, 37.503863553241622 ], [ 126.910868974197172, 37.503776897787347 ], [ 126.910803117406473, 37.503809684147811 ], [ 126.91072413569573, 37.503782249556885 ], [ 126.910660324727544, 37.503696394554531 ], [ 126.910583740225633, 37.50374211487506 ], [ 126.910382121097072, 37.503740369556397 ], [ 126.910402161384781, 37.503633046259296 ], [ 126.910215596847863, 37.503619645582468 ], [ 126.910160155436031, 37.503834641745222 ], [ 126.910996034216851, 37.505819760472882 ], [ 126.911044149539222, 37.506072156680702 ], [ 126.910968599575781, 37.508037856523991 ], [ 126.910891382010035, 37.508865589445534 ], [ 126.910685538207261, 37.50968254030527 ], [ 126.910294901312511, 37.510705880231171 ], [ 126.913735098268305, 37.5113832931942 ], [ 126.914812492810086, 37.507794443309173 ], [ 126.916123453789183, 37.505646713217516 ] ] ] } },
{ "type": "Feature", "properties": { "adm_nm": "서울특별시 영등포구 신길5동", "ADM_CD": "1156067000", "sggnm": "영등포구" }, "geometry": { "type": "Polygon", "coordinates": [ [ [ 126.910160155436031, 37.503834641745222 ], [ 126.910285450286906, 37.503189652936207 ], [ 126.910256410621244, 37.502025655603639 ], [ 126.909819835598213, 37.501253943393017 ], [ 126.909189586242576, 37.500475629348365 ], [ 126.909043057100092, 37.500316032744728 ], [ 126.908738571585104, 37.500180820272725 ], [ 126.908264702797339, 37.498426323974201 ], [ 126.908168864419011, 37.497927573362652 ], [ 126.908166292528435, 37.497447571206145 ], [ 126.90728508751522, 37.497152313067751 ], [ 126.903744165323616, 37.497291275313593 ], [ 126.903127610628786, 37.497558567993416 ], [ 126.902058669262018, 37.498428603310018 ], [ 126.901169328772951, 37.499382913656163 ], [ 126.901015212782099, 37.499689719303348 ], [ 126.901657210513562, 37.500535738683986 ], [ 126.901893078530492, 37.501015777330572 ], [ 126.902175619245511, 37.501432224137787 ], [ 126.900479516820752, 37.503025687499814 ], [ 126.900906627598545, 37.503285545946163 ], [ 126.903048526148794, 37.504205652271608 ], [ 126.907499147918926, 37.504756445180256 ], [ 126.90852497799699, 37.504499014777245 ], [ 126.908896813997757, 37.504225940726542 ], [ 126.910160155436031, 37.503834641745222 ] ] ] } },
{ "type": "Feature", "properties": { "adm_nm": "서울특별시 영등포구 신길6동", "ADM_CD": "1156068000", "sggnm": "영등포구" }, "geometry": { "type": "Polygon", "coordinates": [ [ [ 126.915454403958108, 37.504193340705783 ], [ 126.914465084143927, 37.502839783859223 ], [ 126.913549672891406, 37.501762631487807 ], [ 126.912910867092634, 37.501484545367134 ], [ 126.912634082084622, 37.50125332413559 ], [ 126.912022988022514, 37.500552861247726 ], [ 126.911852559605691, 37.500284986645404 ], [ 126.91184282360733, 37.500157593043404 ], [ 126.915554739348124, 37.500306211444141 ], [ 126.916603558370667, 37.501091596474112 ], [ 126.917416780178897, 37.501809933193044 ], [ 126.917599600359665, 37.501897590036499 ], [ 126.920261222384369, 37.501565914622709 ], [ 126.92082676829817, 37.501398550074342 ], [ 126.920188246451588, 37.498201251224245 ], [ 126.919684497997636, 37.497694018899544 ], [ 126.918367125137479, 37.4973495463394 ], [ 126.915105358172397, 37.496675689686938 ], [ 126.912525132883317, 37.496385476369298 ], [ 126.911816923380258, 37.495903098539912 ], [ 126.910287299210253, 37.493549182529371 ], [ 126.909451084859555, 37.492586778220982 ], [ 126.908166292528435, 37.497447571206145 ], [ 126.908168864419011, 37.497927573362652 ], [ 126.908738571585104, 37.500180820272725 ], [ 126.909043057100092, 37.500316032744728 ], [ 126.909189586242576, 37.500475629348365 ], [ 126.909819835598213, 37.501253943393017 ], [ 126.910256410621244, 37.502025655603639 ], [ 126.910285450286906, 37.503189652936207 ], [ 126.910215596847863, 37.503619645582468 ], [ 126.910402161384781, 37.503633046259296 ], [ 126.910382121097072, 37.503740369556397 ], [ 126.910583740225633, 37.50374211487506 ], [ 126.910660324727544, 37.503696394554531 ], [ 126.91072413569573, 37.503782249556885 ], [ 126.910803117406473, 37.503809684147811 ], [ 126.910868974197172, 37.503776897787347 ], [ 126.910928479895603, 37.503863553241622 ], [ 126.911008351872709, 37.503830827681334 ], [ 126.911130756067706, 37.503877768427856 ], [ 126.911267833729298, 37.503818054698826 ], [ 126.911355447629134, 37.503955077057398 ], [ 126.911525935202732, 37.504062286247859 ], [ 126.912938966586452, 37.504307049301481 ], [ 126.913072367042318, 37.504247997529603 ], [ 126.915454403958108, 37.504193340705783 ] ] ] } },
{ "type": "Feature", "properties": { "adm_nm": "서울특별시 영등포구 신길7동", "ADM_CD": "1156069000", "sggnm": "영등포구" }, "geometry": { "type": "Polygon", "coordinates": [ [ [ 126.92082676829817, 37.501398550074342 ], [ 126.920261222384369, 37.501565914622709 ], [ 126.917599600359665, 37.501897590036499 ], [ 126.917416780178897, 37.501809933193044 ], [ 126.916603558370667, 37.501091596474112 ], [ 126.915554739348124, 37.500306211444141 ], [ 126.91184282360733, 37.500157593043404 ], [ 126.911852559605691, 37.500284986645404 ], [ 126.912022988022514, 37.500552861247726 ], [ 126.912634082084622, 37.50125332413559 ], [ 126.912910867092634, 37.501484545367134 ], [ 126.913549672891406, 37.501762631487807 ], [ 126.914465084143927, 37.502839783859223 ], [ 126.915454403958108, 37.504193340705783 ], [ 126.916123453789183, 37.505646713217516 ], [ 126.917138555199173, 37.506216658844878 ], [ 126.920552340948788, 37.507174976945073 ], [ 126.922062806311246, 37.508000270549736 ], [ 126.922104333640107, 37.508851126006718 ], [ 126.922452978187266, 37.510133879552484 ], [ 126.923520484122932, 37.512784277037625 ], [ 126.92478580541561, 37.514485277440755 ], [ 126.925164571381487, 37.51490067462138 ], [ 126.927060231811922, 37.513929614650671 ], [ 126.927104118228556, 37.512999172592735 ], [ 126.926411616042984, 37.512741179495627 ], [ 126.925756767301166, 37.512646735628771 ], [ 126.92539528035735, 37.512652177631082 ], [ 126.922097740134703, 37.504386012043447 ], [ 126.921152399976293, 37.502085184528411 ], [ 126.92082676829817, 37.501398550074342 ] ] ] } },
{ "type": "Feature", "properties": { "adm_nm": "서울특별시 영등포구 대림1동", "ADM_CD": "1156070000", "sggnm": "영등포구" }, "geometry": { "type": "Polygon", "coordinates": [ [ [ 126.909451084859555, 37.492586778220982 ], [ 126.906330459119459, 37.488926320200605 ], [ 126.901925024896286, 37.492400118367129 ], [ 126.899927301975339, 37.494830444521234 ], [ 126.903744165323616, 37.497291275313593 ], [ 126.90728508751522, 37.497152313067751 ], [ 126.908166292528435, 37.497447571206145 ], [ 126.909451084859555, 37.492586778220982 ] ] ] } },
{ "type": "Feature", "properties": { "adm_nm": "서울특별시 영등포구 대림2동", "ADM_CD": "1156071000", "sggnm": "영등포구" }, "geometry": { "type": "Polygon", "coordinates": [ [ [ 126.906330459119459, 37.488926320200605 ], [ 126.903226979492047, 37.484986282537179 ], [ 126.902762920013686, 37.485007803678407 ], [ 126.900450572270557, 37.48566520354548 ], [ 126.898598056373061, 37.486728350904755 ], [ 126.897417642807184, 37.487758894161381 ], [ 126.895370396129294, 37.492104011098093 ], [ 126.899927301975339, 37.494830444521234 ], [ 126.901925024896286, 37.492400118367129 ], [ 126.906330459119459, 37.488926320200605 ] ] ] } },
{ "type": "Feature", "properties": { "adm_nm": "서울특별시 영등포구 대림3동", "ADM_CD": "1156072000", "sggnm": "영등포구" }, "geometry": { "type": "Polygon", "coordinates": [ [ [ 126.898219022467941, 37.505333752228779 ], [ 126.900479516820752, 37.503025687499814 ], [ 126.902175619245511, 37.501432224137787 ], [ 126.901893078530492, 37.501015777330572 ], [ 126.901657210513562, 37.500535738683986 ], [ 126.901015212782099, 37.499689719303348 ], [ 126.901169328772951, 37.499382913656163 ], [ 126.902058669262018, 37.498428603310018 ], [ 126.903127610628786, 37.497558567993416 ], [ 126.903744165323616, 37.497291275313593 ], [ 126.899927301975339, 37.494830444521234 ], [ 126.895370396129294, 37.492104011098093 ], [ 126.894546253590789, 37.494322393523348 ], [ 126.893526473804528, 37.497723718574854 ], [ 126.893450823287566, 37.498254023832423 ], [ 126.893309911180808, 37.501512818837639 ], [ 126.893338716264182, 37.502517371638149 ], [ 126.89340355629605, 37.503134608666826 ], [ 126.893685131217993, 37.504415462533927 ], [ 126.893855645138871, 37.507478069224469 ], [ 126.895139232044215, 37.508151590345683 ], [ 126.898219022467941, 37.505333752228779 ] ] ] } },
{ "type": "Feature", "properties": { "adm_nm": "서울특별시 영등포구 영등포본동", "ADM_CD": "1156051500", "sggnm": "영등포구" }, "geometry": { "type": "Polygon", "coordinates": [ [ [ 126.916045185033397, 37.511855414365876 ], [ 126.910294901312511, 37.510705880231171 ], [ 126.910193000161229, 37.512535597286977 ], [ 126.907624971854048, 37.512355515340673 ], [ 126.905952259656047, 37.511146106772642 ], [ 126.905323444482434, 37.510433082531897 ], [ 126.901913525062028, 37.510004340608866 ], [ 126.900618804772591, 37.512260454494111 ], [ 126.898157155190233, 37.511453621630849 ], [ 126.897794496375553, 37.511965542870207 ], [ 126.904003603182261, 37.514636848356311 ], [ 126.903863414650061, 37.514931356089825 ], [ 126.90597348441031, 37.515679969791513 ], [ 126.911198953442153, 37.516972533341836 ], [ 126.915928826557334, 37.517265224687421 ], [ 126.916655822716081, 37.517455920168906 ], [ 126.916706939918939, 37.517334003399434 ], [ 126.916690457134749, 37.517094423796159 ], [ 126.917247392680466, 37.515778945727206 ], [ 126.917694361456867, 37.515051054934162 ], [ 126.918256113411175, 37.514567092860254 ], [ 126.918840745831616, 37.514225117106093 ], [ 126.918288177463396, 37.513450781612008 ], [ 126.917054770560355, 37.512174839135973 ], [ 126.916045185033397, 37.511855414365876 ] ] ] } },
{ "type": "Feature", "properties": { "adm_nm": "서울특별시 영등포구 영등포동", "ADM_CD": "1156053500", "sggnm": "영등포구" }, "geometry": { "type": "Polygon", "coordinates": [ [ [ 126.913200736490111, 37.524416576069271 ], [ 126.915227706885346, 37.521551197826085 ], [ 126.916015190053855, 37.520342712813928 ], [ 126.916647445316343, 37.519894034951292 ], [ 126.917491921296488, 37.519448613328251 ], [ 126.916655822716081, 37.517455920168906 ], [ 126.915928826557334, 37.517265224687421 ], [ 126.911198953442153, 37.516972533341836 ], [ 126.90597348441031, 37.515679969791513 ], [ 126.903863414650061, 37.514931356089825 ], [ 126.903418638881305, 37.515010232024842 ], [ 126.903194420231728, 37.51510261451881 ], [ 126.902892563247107, 37.515263331269331 ], [ 126.902564269101617, 37.515547850252098 ], [ 126.902109710810677, 37.516233012658731 ], [ 126.901425688202977, 37.518019675766965 ], [ 126.901074719868973, 37.519102896892022 ], [ 126.900978916305306, 37.519939540623376 ], [ 126.90100417884365, 37.520406117757226 ], [ 126.902134920756268, 37.524241460776942 ], [ 126.902835729596816, 37.52612206788627 ], [ 126.904866744743089, 37.530917513243232 ], [ 126.905466340850438, 37.532149239983006 ], [ 126.906400853726808, 37.532349179559446 ], [ 126.906507639235201, 37.532079462951998 ], [ 126.906400973699391, 37.527780498365921 ], [ 126.906623584900927, 37.526733796899997 ], [ 126.90701292928135, 37.525670966886508 ], [ 126.907456775422091, 37.525582105971509 ], [ 126.908251925262036, 37.525921738467964 ], [ 126.908894651758303, 37.526130014303135 ], [ 126.910312695815378, 37.526329766880814 ], [ 126.911395473630577, 37.52590023079339 ], [ 126.912474174040156, 37.524090543527372 ], [ 126.913200736490111, 37.524416576069271 ] ] ] } },
{ "type": "Feature", "properties": { "adm_nm": "서울특별시 영등포구 도림동", "ADM_CD": "1156058500", "sggnm": "영등포구" }, "geometry": { "type": "Polygon", "coordinates": [ [ [ 126.910294901312511, 37.510705880231171 ], [ 126.90433154556446, 37.507995558445209 ], [ 126.898219022467941, 37.505333752228779 ], [ 126.895139232044215, 37.508151590345683 ], [ 126.892969624494739, 37.509461071937523 ], [ 126.898157155190233, 37.511453621630849 ], [ 126.900618804772591, 37.512260454494111 ], [ 126.901913525062028, 37.510004340608866 ], [ 126.905323444482434, 37.510433082531897 ], [ 126.905952259656047, 37.511146106772642 ], [ 126.907624971854048, 37.512355515340673 ], [ 126.910193000161229, 37.512535597286977 ], [ 126.910294901312511, 37.510705880231171 ] ] ] } },
{ "type": "Feature", "properties": { "adm_nm": "서울특별시 영등포구 문래동", "ADM_CD": "1156060500", "sggnm": "영등포구" }, "geometry": { "type": "Polygon", "coordinates": [ [ [ 126.892254621542094, 37.520737733434927 ], [ 126.899690317420749, 37.519491336127835 ], [ 126.900594456499192, 37.519282984045773 ], [ 126.901095757589218, 37.519037658335641 ], [ 126.901919354345011, 37.516689303533532 ], [ 126.902109710810677, 37.516233012658731 ], [ 126.902356979507204, 37.515822840441167 ], [ 126.902564269101617, 37.515547850252098 ], [ 126.902892563247107, 37.515263331269331 ], [ 126.903418638881305, 37.515010232024842 ], [ 126.903863414650061, 37.514931356089825 ], [ 126.904003603182261, 37.514636848356311 ], [ 126.897794496375553, 37.511965542870207 ], [ 126.898157155190233, 37.511453621630849 ], [ 126.892969624494739, 37.509461071937523 ], [ 126.891748069343379, 37.509869355630087 ], [ 126.891216396886634, 37.510656015074446 ], [ 126.890675360124931, 37.511331886317379 ], [ 126.890445102359962, 37.511558289542577 ], [ 126.889627550557449, 37.512085852379926 ], [ 126.888521701142622, 37.512664896934957 ], [ 126.881733416601122, 37.51581502279236 ], [ 126.879473001738461, 37.516771804930087 ], [ 126.879805480254106, 37.52138057002454 ], [ 126.885009784121621, 37.520587561277289 ], [ 126.885195767146428, 37.521367070569468 ], [ 126.885359194676454, 37.52179268230676 ], [ 126.891054959621883, 37.520838588590323 ], [ 126.892254621542094, 37.520737733434927 ] ] ] } },
{ "type": "Feature", "properties": { "adm_nm": "서울특별시 동작구 노량진2동", "ADM_CD": "1159052000", "sggnm": "동작구" }, "geometry": { "type": "Polygon", "coordinates": [ [ [ 126.940592740653031, 37.505976917406436 ], [ 126.94055285987622, 37.50592040739317 ], [ 126.939242909655405, 37.505397044738565 ], [ 126.938651602182105, 37.505407779040418 ], [ 126.938347159956678, 37.505466024071296 ], [ 126.938224464035216, 37.505515015109651 ], [ 126.938213459191786, 37.505756075097729 ], [ 126.937832463114432, 37.506113675758179 ], [ 126.936285982566886, 37.507048220837824 ], [ 126.935902144266578, 37.507123003515083 ], [ 126.935256425481541, 37.507041049576365 ], [ 126.934851915531794, 37.509014207737422 ], [ 126.934850135644254, 37.51056340003435 ], [ 126.934375697978183, 37.513082665195242 ], [ 126.933040137612807, 37.514530856476419 ], [ 126.933038657393013, 37.515764553536151 ], [ 126.939397777366011, 37.516136169893947 ], [ 126.939133257101034, 37.514192609678723 ], [ 126.940240692117627, 37.513242303350573 ], [ 126.941714171562893, 37.509388674406665 ], [ 126.942805558939241, 37.509855325572751 ], [ 126.943796850049054, 37.509497202562734 ], [ 126.944037714932307, 37.508859484608251 ], [ 126.942667338823725, 37.507126473399083 ], [ 126.942431562357143, 37.506902818987832 ], [ 126.942303343339972, 37.506808046481147 ], [ 126.940901353279486, 37.506790737787412 ], [ 126.94030302314323, 37.506147906516262 ], [ 126.940592740653031, 37.505976917406436 ] ] ] } },
{ "type": "Feature", "properties": { "adm_nm": "서울특별시 동작구 상도1동", "ADM_CD": "1159053000", "sggnm": "동작구" }, "geometry": { "type": "Polygon", "coordinates": [ [ [ 126.95397704793902, 37.507690164545117 ], [ 126.954429183609648, 37.506779630984553 ], [ 126.953873847104802, 37.504093280703366 ], [ 126.956676294834523, 37.499300803042381 ], [ 126.956753280179086, 37.499209943460279 ], [ 126.957550482583983, 37.498773069003967 ], [ 126.961169346159565, 37.49778011101165 ], [ 126.96297706436242, 37.494555851485501 ], [ 126.962230485022403, 37.494154731461443 ], [ 126.961237976308638, 37.492559401125817 ], [ 126.961198801352936, 37.493388266586585 ], [ 126.960227277172081, 37.493887582129865 ], [ 126.95912518013165, 37.493865640972906 ], [ 126.958948965674907, 37.49379047209878 ], [ 126.958675890256458, 37.492930678430277 ], [ 126.957370762880089, 37.491811173971918 ], [ 126.956713987297036, 37.491554989423385 ], [ 126.956106476859944, 37.491582558113706 ], [ 126.954804276139811, 37.491177762855465 ], [ 126.954041023034478, 37.491039034475818 ], [ 126.953396065965634, 37.491158861187628 ], [ 126.951246819859477, 37.492410797473575 ], [ 126.948517627445966, 37.493676889616154 ], [ 126.947679774593809, 37.493739746983152 ], [ 126.94739248742782, 37.493909343967395 ], [ 126.947850917014847, 37.496075890486047 ], [ 126.948269428145039, 37.496853012244713 ], [ 126.948280569318356, 37.498703097638071 ], [ 126.947878413227514, 37.499255551682801 ], [ 126.947908207598104, 37.500394778370918 ], [ 126.947261880001392, 37.501337770033452 ], [ 126.946452664407346, 37.502262787893741 ], [ 126.947952188878503, 37.50412096356493 ], [ 126.948172204090227, 37.504209459988203 ], [ 126.949272307157528, 37.504894371757231 ], [ 126.949806132712169, 37.505592177276633 ], [ 126.950347112816885, 37.506449739115951 ], [ 126.95019105901558, 37.506803921313228 ], [ 126.950314627849494, 37.507794850896666 ], [ 126.953737017350548, 37.507926787063056 ], [ 126.95397704793902, 37.507690164545117 ] ] ] } },
{ "type": "Feature", "properties": { "adm_nm": "서울특별시 동작구 상도2동", "ADM_CD": "1159054000", "sggnm": "동작구" }, "geometry": { "type": "Polygon", "coordinates": [ [ [ 126.947878413227514, 37.499255551682801 ], [ 126.93978188658096, 37.500460166141316 ], [ 126.936357534510876, 37.503268459133544 ], [ 126.933172736003016, 37.503637469917791 ], [ 126.932664279988998, 37.504089088126108 ], [ 126.932584319109097, 37.504397417063345 ], [ 126.932565873501744, 37.504592246353738 ], [ 126.932711526484752, 37.50562161748995 ], [ 126.933119355314119, 37.505647235045643 ], [ 126.933471063256547, 37.505237679485134 ], [ 126.933940128967834, 37.505207282078487 ], [ 126.934468143016005, 37.505609759261802 ], [ 126.934595737436425, 37.506206255400748 ], [ 126.934718961793521, 37.506294863307296 ], [ 126.934897155226196, 37.506765546816666 ], [ 126.935256425481541, 37.507041049576365 ], [ 126.935902144266578, 37.507123003515083 ], [ 126.936285982566886, 37.507048220837824 ], [ 126.937832463114432, 37.506113675758179 ], [ 126.938213459191786, 37.505756075097729 ], [ 126.938224464035216, 37.505515015109651 ], [ 126.938651602182105, 37.505407779040418 ], [ 126.939242909655405, 37.505397044738565 ], [ 126.94055285987622, 37.50592040739317 ], [ 126.940592740653031, 37.505976917406436 ], [ 126.942485993031781, 37.506326145019685 ], [ 126.947324639299254, 37.506659848977691 ], [ 126.949779827672273, 37.507146770165903 ], [ 126.950314627849494, 37.507794850896666 ], [ 126.95019105901558, 37.506803921313228 ], [ 126.950347112816885, 37.506449739115951 ], [ 126.949806132712169, 37.505592177276633 ], [ 126.949272307157528, 37.504894371757231 ], [ 126.948172204090227, 37.504209459988203 ], [ 126.947952188878503, 37.50412096356493 ], [ 126.946452664407346, 37.502262787893741 ], [ 126.947261880001392, 37.501337770033452 ], [ 126.947908207598104, 37.500394778370918 ], [ 126.947878413227514, 37.499255551682801 ] ] ] } },
{ "type": "Feature", "properties": { "adm_nm": "서울특별시 동작구 상도3동", "ADM_CD": "1159055000", "sggnm": "동작구" }, "geometry": { "type": "Polygon", "coordinates": [ [ [ 126.936357534510876, 37.503268459133544 ], [ 126.931944874336509, 37.500517242121141 ], [ 126.935658167716213, 37.49650838341519 ], [ 126.938890775003983, 37.493961678151955 ], [ 126.939718889618703, 37.493362885069267 ], [ 126.941646201998054, 37.492251951827555 ], [ 126.939509208700557, 37.490876298687873 ], [ 126.939146822529509, 37.491583312026492 ], [ 126.936121735749595, 37.492404920025528 ], [ 126.933451646720783, 37.493020841296634 ], [ 126.931115470031102, 37.493418604898402 ], [ 126.929869515770022, 37.494000734997506 ], [ 126.929385059701261, 37.495347505671667 ], [ 126.929419658683145, 37.495824898243278 ], [ 126.929703962421414, 37.496979659151016 ], [ 126.930165603987845, 37.497836304200618 ], [ 126.929730978659563, 37.497808292915721 ], [ 126.928584507044533, 37.498866230312203 ], [ 126.929049869772371, 37.498985093255143 ], [ 126.930296031588213, 37.499553987930213 ], [ 126.930381612514253, 37.499732333532258 ], [ 126.930111502604461, 37.500397018532368 ], [ 126.929868171248174, 37.500595269153457 ], [ 126.929354378487645, 37.500746018606321 ], [ 126.928893673055086, 37.500797873451724 ], [ 126.928766502437995, 37.501154497018355 ], [ 126.928326379307393, 37.502957253010969 ], [ 126.928315036867161, 37.503146483460107 ], [ 126.92836890119068, 37.503315748092056 ], [ 126.928670453472265, 37.503459174809009 ], [ 126.931099489772862, 37.503634264228658 ], [ 126.932055808942962, 37.503781956110494 ], [ 126.932664279988998, 37.504089088126108 ], [ 126.933172736003016, 37.503637469917791 ], [ 126.936357534510876, 37.503268459133544 ] ] ] } },
{ "type": "Feature", "properties": { "adm_nm": "서울특별시 동작구 상도4동", "ADM_CD": "1159056000", "sggnm": "동작구" }, "geometry": { "type": "Polygon", "coordinates": [ [ [ 126.947878413227514, 37.499255551682801 ], [ 126.948280569318356, 37.498703097638071 ], [ 126.948280607856702, 37.496967987375641 ], [ 126.948269428145039, 37.496853012244713 ], [ 126.947850917014847, 37.496075890486047 ], [ 126.94739248742782, 37.493909343967395 ], [ 126.94338797715929, 37.492082217187736 ], [ 126.942829000084686, 37.492237319640807 ], [ 126.941646201998054, 37.492251951827555 ], [ 126.939718889618703, 37.493362885069267 ], [ 126.938890775003983, 37.493961678151955 ], [ 126.935658167716213, 37.49650838341519 ], [ 126.931944874336509, 37.500517242121141 ], [ 126.936357534510876, 37.503268459133544 ], [ 126.93978188658096, 37.500460166141316 ], [ 126.947878413227514, 37.499255551682801 ] ] ] } },
{ "type": "Feature", "properties": { "adm_nm": "서울특별시 동작구 사당1동", "ADM_CD": "1159062000", "sggnm": "동작구" }, "geometry": { "type": "Polygon", "coordinates": [ [ [ 126.982070172479325, 37.484805906531214 ], [ 126.981609752905854, 37.477153299346831 ], [ 126.981722822363253, 37.476364805634546 ], [ 126.979388069586406, 37.476620157920763 ], [ 126.976918618638862, 37.476572070166043 ], [ 126.974941485463802, 37.476273738695895 ], [ 126.972367501544014, 37.475813845643849 ], [ 126.970490592555066, 37.475368330993597 ], [ 126.970186766862355, 37.476625451796934 ], [ 126.974328883096348, 37.480434679863471 ], [ 126.974711335477494, 37.480415961429834 ], [ 126.975589251397892, 37.481499996676369 ], [ 126.975669929551856, 37.482187919923881 ], [ 126.975685588476509, 37.483286242691655 ], [ 126.979176430159683, 37.484391179252214 ], [ 126.98179213987838, 37.484854320714909 ], [ 126.982070172479325, 37.484805906531214 ] ] ] } },
{ "type": "Feature", "properties": { "adm_nm": "서울특별시 동작구 사당3동", "ADM_CD": "1159064000", "sggnm": "동작구" }, "geometry": { "type": "Polygon", "coordinates": [ [ [ 126.979176430159683, 37.484391179252214 ], [ 126.975685588476509, 37.483286242691655 ], [ 126.974560126619011, 37.483290958523952 ], [ 126.970035872915673, 37.48508065383961 ], [ 126.969439692198989, 37.485511756979541 ], [ 126.966366519714441, 37.488005945181449 ], [ 126.963367402733326, 37.492276063601132 ], [ 126.962230485022403, 37.494154731461443 ], [ 126.96297706436242, 37.494555851485501 ], [ 126.965037983428587, 37.493206026456413 ], [ 126.966016802947095, 37.493535322066407 ], [ 126.968058494389126, 37.493961410808851 ], [ 126.972405964790795, 37.493264327227998 ], [ 126.97262792965661, 37.492761612554702 ], [ 126.972702119482364, 37.49166686601253 ], [ 126.973622728190549, 37.490350522416335 ], [ 126.975718092052432, 37.488042212895913 ], [ 126.976493596649121, 37.487238904219815 ], [ 126.976714125259804, 37.487088790933086 ], [ 126.978015434540737, 37.486767917649829 ], [ 126.978578257811279, 37.486762534115805 ], [ 126.979176430159683, 37.484391179252214 ] ] ] } },
{ "type": "Feature", "properties": { "adm_nm": "서울특별시 동작구 사당4동", "ADM_CD": "1159065000", "sggnm": "동작구" }, "geometry": { "type": "Polygon", "coordinates": [ [ [ 126.975685588476509, 37.483286242691655 ], [ 126.975669929551856, 37.482187919923881 ], [ 126.975589251397892, 37.481499996676369 ], [ 126.974711335477494, 37.480415961429834 ], [ 126.974328883096348, 37.480434679863471 ], [ 126.970186766862355, 37.476625451796934 ], [ 126.968801821285638, 37.476654161212764 ], [ 126.967817548817237, 37.477794459192467 ], [ 126.96682013817005, 37.478582109008109 ], [ 126.965320976209966, 37.479564499860466 ], [ 126.965498278905912, 37.479831820568513 ], [ 126.967047311034761, 37.481368465528995 ], [ 126.968430945363835, 37.482009950657456 ], [ 126.969006446860945, 37.482100421046347 ], [ 126.969659961894223, 37.482124780722131 ], [ 126.971075111948039, 37.484474640284205 ], [ 126.970842453981135, 37.484783422590588 ], [ 126.974560126619011, 37.483290958523952 ], [ 126.975685588476509, 37.483286242691655 ] ] ] } },
{ "type": "Feature", "properties": { "adm_nm": "서울특별시 동작구 사당5동", "ADM_CD": "1159065100", "sggnm": "동작구" }, "geometry": { "type": "Polygon", "coordinates": [ [ [ 126.970842453981135, 37.484783422590588 ], [ 126.971075111948039, 37.484474640284205 ], [ 126.969659961894223, 37.482124780722131 ], [ 126.969006446860945, 37.482100421046347 ], [ 126.968430945363835, 37.482009950657456 ], [ 126.967047311034761, 37.481368465528995 ], [ 126.965498278905912, 37.479831820568513 ], [ 126.965320976209966, 37.479564499860466 ], [ 126.964441913635852, 37.480215130797987 ], [ 126.961344843331617, 37.483485379509418 ], [ 126.961406061677224, 37.483820287129191 ], [ 126.962148068573995, 37.485238800423687 ], [ 126.962139233069209, 37.486471368757925 ], [ 126.962066899912827, 37.48729127546256 ], [ 126.96106727939393, 37.491129695118502 ], [ 126.961237976308638, 37.492559401125817 ], [ 126.962230485022403, 37.494154731461443 ], [ 126.963367402733326, 37.492276063601132 ], [ 126.966366519714441, 37.488005945181449 ], [ 126.969439692198989, 37.485511756979541 ], [ 126.969972632818511, 37.485125438090058 ], [ 126.970842453981135, 37.484783422590588 ] ] ] } },
{ "type": "Feature", "properties": { "adm_nm": "서울특별시 동작구 대방동", "ADM_CD": "1159066000", "sggnm": "동작구" }, "geometry": { "type": "Polygon", "coordinates": [ [ [ 126.933038657393013, 37.515764553536151 ], [ 126.933040137612807, 37.514530856476419 ], [ 126.934375697978183, 37.513082665195242 ], [ 126.934850135644254, 37.51056340003435 ], [ 126.934851915531794, 37.509014207737422 ], [ 126.935256425481541, 37.507041049576365 ], [ 126.934897155226196, 37.506765546816666 ], [ 126.934718961793521, 37.506294863307296 ], [ 126.934595737436425, 37.506206255400748 ], [ 126.934468143016005, 37.505609759261802 ], [ 126.934009153526517, 37.50524363906505 ], [ 126.933727393675667, 37.50519158748493 ], [ 126.933471063256547, 37.505237679485134 ], [ 126.933119355314119, 37.505647235045643 ], [ 126.932711526484752, 37.50562161748995 ], [ 126.932565873501744, 37.504592246353738 ], [ 126.932664279988998, 37.504089088126108 ], [ 126.932055808942962, 37.503781956110494 ], [ 126.931099489772862, 37.503634264228658 ], [ 126.928670453472265, 37.503459174809009 ], [ 126.92836890119068, 37.503315748092056 ], [ 126.928315036867161, 37.503146483460107 ], [ 126.928326379307393, 37.502957253010969 ], [ 126.928766502437995, 37.501154497018355 ], [ 126.928893673055086, 37.500797873451724 ], [ 126.929354378487645, 37.500746018606321 ], [ 126.929868171248174, 37.500595269153457 ], [ 126.930111502604461, 37.500397018532368 ], [ 126.930381612514253, 37.499732333532258 ], [ 126.930296031588213, 37.499553987930213 ], [ 126.929049869772371, 37.498985093255143 ], [ 126.928584507044533, 37.498866230312203 ], [ 126.927132246054583, 37.499232253879221 ], [ 126.926560222918368, 37.49923173096429 ], [ 126.925929370745308, 37.499065296329668 ], [ 126.9229024276205, 37.498048916964287 ], [ 126.92220030213312, 37.497867386994912 ], [ 126.922005216733737, 37.49786200428013 ], [ 126.921146748859641, 37.498130517484988 ], [ 126.920230393383079, 37.498511298814876 ], [ 126.92082676829817, 37.501398550074342 ], [ 126.921152399976293, 37.502085184528411 ], [ 126.922097740134703, 37.504386012043447 ], [ 126.92539528035735, 37.512652177631082 ], [ 126.925756767301166, 37.512646735628771 ], [ 126.926411616042984, 37.512741179495627 ], [ 126.927104118228556, 37.512999172592735 ], [ 126.927060231811922, 37.513929614650671 ], [ 126.925164571381487, 37.51490067462138 ], [ 126.926011164675373, 37.516097884185179 ], [ 126.932153449020419, 37.515654315471593 ], [ 126.933038657393013, 37.515764553536151 ] ] ] } },
{ "type": "Feature", "properties": { "adm_nm": "서울특별시 동작구 신대방1동", "ADM_CD": "1159067000", "sggnm": "동작구" }, "geometry": { "type": "Polygon", "coordinates": [ [ [ 126.915968443282566, 37.488762426706543 ], [ 126.913238885512072, 37.487205301242724 ], [ 126.911154959757667, 37.486469368227603 ], [ 126.907766778916312, 37.485424462704344 ], [ 126.905963490197578, 37.484988815554821 ], [ 126.903226979492047, 37.484986282537179 ], [ 126.906330459119459, 37.488926320200605 ], [ 126.910287299210253, 37.493549182529371 ], [ 126.911816923380258, 37.495903098539912 ], [ 126.912525132883317, 37.496385476369298 ], [ 126.91423889186764, 37.496584388690486 ], [ 126.914598059611563, 37.493052857775048 ], [ 126.915550010169582, 37.490505157274491 ], [ 126.915968443282566, 37.488762426706543 ] ] ] } },
{ "type": "Feature", "properties": { "adm_nm": "서울특별시 동작구 신대방2동", "ADM_CD": "1159068000", "sggnm": "동작구" }, "geometry": { "type": "Polygon", "coordinates": [ [ [ 126.928584507044533, 37.498866230312203 ], [ 126.929730978659563, 37.497808292915721 ], [ 126.930165603987845, 37.497836304200618 ], [ 126.929703962421414, 37.496979659151016 ], [ 126.929392774079844, 37.495636360724916 ], [ 126.929385059701261, 37.495347505671667 ], [ 126.929869515770022, 37.494000734997506 ], [ 126.928475624147239, 37.494788317740877 ], [ 126.928099766971073, 37.494936349166316 ], [ 126.927721811033976, 37.494988600180314 ], [ 126.927365907950971, 37.494930540813414 ], [ 126.926600679153793, 37.494125750056192 ], [ 126.925827431804123, 37.492606165323195 ], [ 126.924881201846148, 37.490897297548777 ], [ 126.924300928752857, 37.489964910696678 ], [ 126.918890701452483, 37.489562142469516 ], [ 126.915968443282566, 37.488762426706543 ], [ 126.915550010169582, 37.490505157274491 ], [ 126.914598059611563, 37.493052857775048 ], [ 126.91423889186764, 37.496584388690486 ], [ 126.915105358172397, 37.496675689686938 ], [ 126.916031265511208, 37.496856908918858 ], [ 126.918367125137479, 37.4973495463394 ], [ 126.919684497997636, 37.497694018899544 ], [ 126.920188246451588, 37.498201251224245 ], [ 126.920230393383079, 37.498511298814876 ], [ 126.921146748859641, 37.498130517484988 ], [ 126.922005216733737, 37.49786200428013 ], [ 126.92220030213312, 37.497867386994912 ], [ 126.9229024276205, 37.498048916964287 ], [ 126.925929370745308, 37.499065296329668 ], [ 126.926560222918368, 37.49923173096429 ], [ 126.927132246054583, 37.499232253879221 ], [ 126.928584507044533, 37.498866230312203 ] ] ] } },
{ "type": "Feature", "properties": { "adm_nm": "서울특별시 동작구 흑석동", "ADM_CD": "1159060500", "sggnm": "동작구" }, "geometry": { "type": "Polygon", "coordinates": [ [ [ 126.974054745011614, 37.507332873727748 ], [ 126.971705183134517, 37.504251953242921 ], [ 126.971423134662572, 37.504107763465683 ], [ 126.968777763460665, 37.50351114184685 ], [ 126.966522871676688, 37.501906707248779 ], [ 126.961995482177656, 37.497431261125868 ], [ 126.961169346159565, 37.49778011101165 ], [ 126.957550482583983, 37.498773069003967 ], [ 126.956753280179086, 37.499209943460279 ], [ 126.953873847104802, 37.504093280703366 ], [ 126.954429183609648, 37.506779630984553 ], [ 126.95397704793902, 37.507690164545117 ], [ 126.954289161850312, 37.507655552711647 ], [ 126.957086543816374, 37.509874106188164 ], [ 126.959823982483883, 37.511677378696902 ], [ 126.961741807253262, 37.512834702331787 ], [ 126.965849793349435, 37.510513437885763 ], [ 126.974054745011614, 37.507332873727748 ] ] ] } },
{ "type": "Feature", "properties": { "adm_nm": "서울특별시 동작구 노량진1동", "ADM_CD": "1159051000", "sggnm": "동작구" }, "geometry": { "type": "Polygon", "coordinates": [ [ [ 126.957198161034725, 37.51541394716002 ], [ 126.961741807253262, 37.512834702331787 ], [ 126.959823982483883, 37.511677378696902 ], [ 126.957086543816374, 37.509874106188164 ], [ 126.954289161850312, 37.507655552711647 ], [ 126.95397704793902, 37.507690164545117 ], [ 126.953737017350548, 37.507926787063056 ], [ 126.950314627849494, 37.507794850896666 ], [ 126.949779827672273, 37.507146770165903 ], [ 126.947324639299254, 37.506659848977691 ], [ 126.942485993031781, 37.506326145019685 ], [ 126.940592740653031, 37.505976917406436 ], [ 126.94030302314323, 37.506147906516262 ], [ 126.940901353279486, 37.506790737787412 ], [ 126.942303343339972, 37.506808046481147 ], [ 126.942667338823725, 37.507126473399083 ], [ 126.944037714932307, 37.508859484608251 ], [ 126.943796850049054, 37.509497202562734 ], [ 126.942805558939241, 37.509855325572751 ], [ 126.941714171562893, 37.509388674406665 ], [ 126.940240692117627, 37.513242303350573 ], [ 126.939133257101034, 37.514192609678723 ], [ 126.939397777366011, 37.516136169893947 ], [ 126.94956205011006, 37.517813555975103 ], [ 126.957198161034725, 37.51541394716002 ] ] ] } },
{ "type": "Feature", "properties": { "adm_nm": "서울특별시 동작구 사당2동", "ADM_CD": "1159063000", "sggnm": "동작구" }, "geometry": { "type": "Polygon", "coordinates": [ [ [ 126.980131725682199, 37.506492752972662 ], [ 126.980297400758388, 37.504841184374698 ], [ 126.980315931360948, 37.504004131230893 ], [ 126.980445180882, 37.503309623282512 ], [ 126.980703887452506, 37.502743736405222 ], [ 126.981149473721004, 37.50228958451801 ], [ 126.986200025191451, 37.499037471472199 ], [ 126.986947324418637, 37.498631737520476 ], [ 126.987842501623092, 37.49860813145191 ], [ 126.98774761094846, 37.49823523403149 ], [ 126.986249112514813, 37.498576875017008 ], [ 126.984766486985492, 37.499277879623271 ], [ 126.98348802943417, 37.497546300982684 ], [ 126.983244867264133, 37.497126106316337 ], [ 126.982900199874734, 37.496352810695527 ], [ 126.982778132061014, 37.495240227141316 ], [ 126.982651561595361, 37.490891745800234 ], [ 126.982082981406819, 37.485386555251374 ], [ 126.982070172479325, 37.484805906531214 ], [ 126.98179213987838, 37.484854320714909 ], [ 126.979176430159683, 37.484391179252214 ], [ 126.978578257811279, 37.486762534115805 ], [ 126.978015434540737, 37.486767917649829 ], [ 126.976714125259804, 37.487088790933086 ], [ 126.976493596649121, 37.487238904219815 ], [ 126.975718092052432, 37.488042212895913 ], [ 126.973622728190549, 37.490350522416335 ], [ 126.972702119482364, 37.49166686601253 ], [ 126.97262792965661, 37.492761612554702 ], [ 126.972405964790795, 37.493264327227998 ], [ 126.968058494389126, 37.493961410808851 ], [ 126.966016802947095, 37.493535322066407 ], [ 126.965037983428587, 37.493206026456413 ], [ 126.96297706436242, 37.494555851485501 ], [ 126.961169346159565, 37.49778011101165 ], [ 126.961995482177656, 37.497431261125868 ], [ 126.966522871676688, 37.501906707248779 ], [ 126.968777763460665, 37.50351114184685 ], [ 126.971423134662572, 37.504107763465683 ], [ 126.971705183134517, 37.504251953242921 ], [ 126.974054745011614, 37.507332873727748 ], [ 126.980131725682199, 37.506492752972662 ] ] ] } },
{ "type": "Feature", "properties": { "adm_nm": "서울특별시 관악구 보라매동", "ADM_CD": "1162052500", "sggnm": "관악구" }, "geometry": { "type": "Polygon", "coordinates": [ [ [ 126.929869515770022, 37.494000734997506 ], [ 126.931115470031102, 37.493418604898402 ], [ 126.933451646720783, 37.493020841296634 ], [ 126.936121735749595, 37.492404920025528 ], [ 126.939146822529509, 37.491583312026492 ], [ 126.939509208700557, 37.490876298687873 ], [ 126.938989503006567, 37.489454114603902 ], [ 126.938679221936908, 37.488219029989551 ], [ 126.938916140158554, 37.487829191728693 ], [ 126.939101811012279, 37.487865000966998 ], [ 126.939376553570085, 37.48808939093918 ], [ 126.93963783773188, 37.488034295705532 ], [ 126.940142197533177, 37.487707564377644 ], [ 126.939329134761309, 37.486208692044656 ], [ 126.934909927270141, 37.486397220056524 ], [ 126.927334972521322, 37.489536902332766 ], [ 126.924300928752857, 37.489964910696678 ], [ 126.924881201846148, 37.490897297548777 ], [ 126.925827431804123, 37.492606165323195 ], [ 126.926600679153793, 37.494125750056192 ], [ 126.927365907950971, 37.494930540813414 ], [ 126.927721811033976, 37.494988600180314 ], [ 126.928099766971073, 37.494936349166316 ], [ 126.928475624147239, 37.494788317740877 ], [ 126.929869515770022, 37.494000734997506 ] ] ] } },
{ "type": "Feature", "properties": { "adm_nm": "서울특별시 관악구 청림동", "ADM_CD": "1162054500", "sggnm": "관악구" }, "geometry": { "type": "Polygon", "coordinates": [ [ [ 126.961237976308638, 37.492559401125817 ], [ 126.96106727939393, 37.491129695118502 ], [ 126.962066899912827, 37.48729127546256 ], [ 126.962139233069209, 37.486471368757925 ], [ 126.962148068573995, 37.485238800423687 ], [ 126.961468265551986, 37.48529767209088 ], [ 126.956894280749438, 37.486378644789255 ], [ 126.957967890252661, 37.487687160802963 ], [ 126.958059146762523, 37.488167556166566 ], [ 126.958053905207976, 37.488403011875235 ], [ 126.957966236773046, 37.488697804385779 ], [ 126.957142502324103, 37.489786918461306 ], [ 126.956106476859944, 37.491582558113706 ], [ 126.956713987297036, 37.491554989423385 ], [ 126.957370762880089, 37.491811173971918 ], [ 126.958675890256458, 37.492930678430277 ], [ 126.958948965674907, 37.49379047209878 ], [ 126.95912518013165, 37.493865640972906 ], [ 126.960227277172081, 37.493887582129865 ], [ 126.961198801352936, 37.493388266586585 ], [ 126.961237976308638, 37.492559401125817 ] ] ] } },
{ "type": "Feature", "properties": { "adm_nm": "서울특별시 관악구 행운동", "ADM_CD": "1162057500", "sggnm": "관악구" }, "geometry": { "type": "Polygon", "coordinates": [ [ [ 126.962148068573995, 37.485238800423687 ], [ 126.961406061677224, 37.483820287129191 ], [ 126.961344843331617, 37.483485379509418 ], [ 126.964441913635852, 37.480215130797987 ], [ 126.965320976209966, 37.479564499860466 ], [ 126.96682013817005, 37.478582109008109 ], [ 126.967817548817237, 37.477794459192467 ], [ 126.968801821285638, 37.476654161212764 ], [ 126.970186766862355, 37.476625451796934 ], [ 126.970490592555066, 37.475368330993597 ], [ 126.969653412227046, 37.475295449137178 ], [ 126.968879661650419, 37.475309618643372 ], [ 126.967901337282257, 37.475449046116701 ], [ 126.967230722995225, 37.475620662741228 ], [ 126.963647991117156, 37.477047260618839 ], [ 126.963478374648702, 37.476955778585882 ], [ 126.96230965099744, 37.477589241430856 ], [ 126.95276527007492, 37.481293957607505 ], [ 126.952790118246156, 37.481376302752039 ], [ 126.956894280749438, 37.486378644789255 ], [ 126.961468265551986, 37.48529767209088 ], [ 126.962148068573995, 37.485238800423687 ] ] ] } },
{ "type": "Feature", "properties": { "adm_nm": "서울특별시 관악구 낙성대동", "ADM_CD": "1162058500", "sggnm": "관악구" }, "geometry": { "type": "Polygon", "coordinates": [ [ [ 126.95276527007492, 37.481293957607505 ], [ 126.96230965099744, 37.477589241430856 ], [ 126.961522759538312, 37.476237114579384 ], [ 126.961387704627867, 37.475347424614057 ], [ 126.961643945706712, 37.474833947366541 ], [ 126.962438328816006, 37.473733131987494 ], [ 126.963379652405138, 37.471683444638245 ], [ 126.963384695841228, 37.471473901192752 ], [ 126.963275728288721, 37.47099455840813 ], [ 126.962678433191726, 37.469716418261633 ], [ 126.962753670004901, 37.469672255668236 ], [ 126.963007921817038, 37.469304416757062 ], [ 126.963305100065682, 37.468673043013418 ], [ 126.963727133711529, 37.468357873799278 ], [ 126.964135094044067, 37.467842568584835 ], [ 126.964532851073812, 37.467556003699258 ], [ 126.965296679864437, 37.465312746897837 ], [ 126.965722880745204, 37.464317547734169 ], [ 126.966774092082872, 37.463481775912243 ], [ 126.967796360017502, 37.462938806894527 ], [ 126.970133325467586, 37.461266014639321 ], [ 126.970300253463606, 37.460944525911152 ], [ 126.969587202585117, 37.459540835408177 ], [ 126.969426943036027, 37.45931702871485 ], [ 126.968964596426559, 37.459041163051275 ], [ 126.968703752437563, 37.458949854342237 ], [ 126.966390566883845, 37.456383599477647 ], [ 126.965723250976069, 37.455033508941298 ], [ 126.963291274552248, 37.455175728075048 ], [ 126.96155446715629, 37.4555464000535 ], [ 126.959601860434503, 37.456835449881964 ], [ 126.958231487303024, 37.457833068088902 ], [ 126.957668846611725, 37.458533550068601 ], [ 126.955652076940012, 37.462122966313899 ], [ 126.955503948566104, 37.462574150033447 ], [ 126.955698209886123, 37.464338274071103 ], [ 126.955962831932624, 37.465270149194893 ], [ 126.95563516070662, 37.466112539612141 ], [ 126.953496217246993, 37.470810023058739 ], [ 126.953327648008468, 37.470955714351675 ], [ 126.953140498081666, 37.471031463981653 ], [ 126.952534978362422, 37.471098515451828 ], [ 126.952918477257114, 37.472108687523033 ], [ 126.953109135270992, 37.472813758606577 ], [ 126.953094035210256, 37.473528016517498 ], [ 126.952554337899315, 37.480460351140621 ], [ 126.952260039895521, 37.481352688910292 ], [ 126.95276527007492, 37.481293957607505 ] ] ] } },
{ "type": "Feature", "properties": { "adm_nm": "서울특별시 관악구 중앙동", "ADM_CD": "1162061500", "sggnm": "관악구" }, "geometry": { "type": "Polygon", "coordinates": [ [ [ 126.956304195644378, 37.485664983542108 ], [ 126.952790118246156, 37.481376302752039 ], [ 126.95276527007492, 37.481293957607505 ], [ 126.946337294644053, 37.481972702412655 ], [ 126.946952633504125, 37.486930814675937 ], [ 126.956304195644378, 37.485664983542108 ] ] ] } },
{ "type": "Feature", "properties": { "adm_nm": "서울특별시 관악구 인헌동", "ADM_CD": "1162062500", "sggnm": "관악구" }, "geometry": { "type": "Polygon", "coordinates": [ [ [ 126.970490592555066, 37.475368330993597 ], [ 126.970789803546893, 37.475001256676038 ], [ 126.971567146170202, 37.473129847147042 ], [ 126.971320554319959, 37.469805061141017 ], [ 126.970594974187023, 37.468560101741218 ], [ 126.969534230289412, 37.468039315178359 ], [ 126.96570608651038, 37.46678949217462 ], [ 126.964135094044067, 37.467842568584835 ], [ 126.963727133711529, 37.468357873799278 ], [ 126.963284368720196, 37.468699507454751 ], [ 126.963007921817038, 37.469304416757062 ], [ 126.962753670004901, 37.469672255668236 ], [ 126.962678433191726, 37.469716418261633 ], [ 126.963275728288721, 37.47099455840813 ], [ 126.963384695841228, 37.471473901192752 ], [ 126.963379652405138, 37.471683444638245 ], [ 126.962438328816006, 37.473733131987494 ], [ 126.961643945706712, 37.474833947366541 ], [ 126.961387704627867, 37.475347424614057 ], [ 126.961522759538312, 37.476237114579384 ], [ 126.96230965099744, 37.477589241430856 ], [ 126.963478374648702, 37.476955778585882 ], [ 126.963647991117156, 37.477047260618839 ], [ 126.967283132570358, 37.475606251943077 ], [ 126.968036520033365, 37.475423740707519 ], [ 126.968879661650419, 37.475309618643372 ], [ 126.969653412227046, 37.475295449137178 ], [ 126.970490592555066, 37.475368330993597 ] ] ] } },
{ "type": "Feature", "properties": { "adm_nm": "서울특별시 관악구 남현동", "ADM_CD": "1162063000", "sggnm": "관악구" }, "geometry": { "type": "Polygon", "coordinates": [ [ [ 126.981722822363253, 37.476364805634546 ], [ 126.981860324740964, 37.474698129271999 ], [ 126.982537541737102, 37.472770534916627 ], [ 126.98323495774352, 37.47157026974844 ], [ 126.984527623968262, 37.469744953206892 ], [ 126.986862993493204, 37.467849969562394 ], [ 126.987591577505071, 37.466937119197382 ], [ 126.988163830260774, 37.465524429698803 ], [ 126.988234454944276, 37.463872988570785 ], [ 126.98792118158778, 37.46224129135372 ], [ 126.987639232945369, 37.46130377836149 ], [ 126.987467278227697, 37.46040934010766 ], [ 126.987639488840841, 37.459401902982989 ], [ 126.988620463878362, 37.458135323217356 ], [ 126.986836168455099, 37.457407529743463 ], [ 126.982355746662549, 37.455158240783824 ], [ 126.978660607673021, 37.451899331747185 ], [ 126.973983145834708, 37.447599378096996 ], [ 126.970812223112873, 37.447461294950671 ], [ 126.968697196801841, 37.44679042965236 ], [ 126.96881412759565, 37.446841647992521 ], [ 126.969493440478345, 37.447402427514987 ], [ 126.969743162962274, 37.447860990675039 ], [ 126.969832366502303, 37.448736841057645 ], [ 126.969847532073942, 37.44909182129242 ], [ 126.969808582589849, 37.449303467174239 ], [ 126.969726600338959, 37.449505906320233 ], [ 126.965723250976069, 37.455033508941298 ], [ 126.966390566883845, 37.456383599477647 ], [ 126.968703752437563, 37.458949854342237 ], [ 126.968964596426559, 37.459041163051275 ], [ 126.969426943036027, 37.45931702871485 ], [ 126.969587202585117, 37.459540835408177 ], [ 126.970300253463606, 37.460944525911152 ], [ 126.970133325467586, 37.461266014639321 ], [ 126.967796360017502, 37.462938806894527 ], [ 126.966774092082872, 37.463481775912243 ], [ 126.965722880745204, 37.464317547734169 ], [ 126.965296679864437, 37.465312746897837 ], [ 126.964532851073812, 37.467556003699258 ], [ 126.96570608651038, 37.46678949217462 ], [ 126.969534230289412, 37.468039315178359 ], [ 126.970594974187023, 37.468560101741218 ], [ 126.971320554319959, 37.469805061141017 ], [ 126.971567146170202, 37.473129847147042 ], [ 126.970789803546893, 37.475001256676038 ], [ 126.970490592555066, 37.475368330993597 ], [ 126.972367501544014, 37.475813845643849 ], [ 126.974941485463802, 37.476273738695895 ], [ 126.976918618638862, 37.476572070166043 ], [ 126.979388069586406, 37.476620157920763 ], [ 126.981722822363253, 37.476364805634546 ] ] ] } },
{ "type": "Feature", "properties": { "adm_nm": "서울특별시 관악구 서원동", "ADM_CD": "1162064500", "sggnm": "관악구" }, "geometry": { "type": "Polygon", "coordinates": [ [ [ 126.937854540318313, 37.484107232771869 ], [ 126.937849180653529, 37.48331958640626 ], [ 126.937065294871118, 37.482268084059697 ], [ 126.936745841753762, 37.481978068401943 ], [ 126.935735619254658, 37.481427939935784 ], [ 126.935648748159693, 37.481315968439112 ], [ 126.935642576842355, 37.481101866415649 ], [ 126.93573298589655, 37.480823048470668 ], [ 126.936951907123657, 37.479575803390581 ], [ 126.937147923350395, 37.479453927257623 ], [ 126.938191115275046, 37.479195244876166 ], [ 126.939478649802581, 37.478115222912599 ], [ 126.938228163209132, 37.47726876242902 ], [ 126.935216553663736, 37.476279815476722 ], [ 126.930210628551549, 37.475343139984588 ], [ 126.931811158583599, 37.478754528815465 ], [ 126.926661006289379, 37.483833684152714 ], [ 126.934201313874198, 37.484836734645839 ], [ 126.937854540318313, 37.484107232771869 ] ] ] } },
{ "type": "Feature", "properties": { "adm_nm": "서울특별시 관악구 신원동", "ADM_CD": "1162065500", "sggnm": "관악구" }, "geometry": { "type": "Polygon", "coordinates": [ [ [ 126.930210628551549, 37.475343139984588 ], [ 126.929412004017408, 37.475048455425657 ], [ 126.926591989374842, 37.474460310053807 ], [ 126.924176322755073, 37.477165122282912 ], [ 126.923008994686086, 37.478872187196274 ], [ 126.921573711485607, 37.483121595046541 ], [ 126.926661006289379, 37.483833684152714 ], [ 126.931811158583599, 37.478754528815465 ], [ 126.930210628551549, 37.475343139984588 ] ] ] } },
{ "type": "Feature", "properties": { "adm_nm": "서울특별시 관악구 서림동", "ADM_CD": "1162066500", "sggnm": "관악구" }, "geometry": { "type": "Polygon", "coordinates": [ [ [ 126.946545461533972, 37.472745969698018 ], [ 126.946749142139325, 37.472423605785011 ], [ 126.946790667881061, 37.470047715982354 ], [ 126.945842706666696, 37.469590214319936 ], [ 126.94544645726674, 37.469458784790781 ], [ 126.944741688201432, 37.469970521335263 ], [ 126.936808025847768, 37.471055022347151 ], [ 126.935015866117553, 37.471388982476483 ], [ 126.934139183472325, 37.471794905923218 ], [ 126.933533008340703, 37.473069678277987 ], [ 126.929443829731525, 37.474580060272125 ], [ 126.929412004017408, 37.475048455425657 ], [ 126.930210628551549, 37.475343139984588 ], [ 126.935216553663736, 37.476279815476722 ], [ 126.938228163209132, 37.47726876242902 ], [ 126.939478649802581, 37.478115222912599 ], [ 126.940107442626399, 37.477292144969503 ], [ 126.941164600978183, 37.476495129577678 ], [ 126.943138495967645, 37.475116355825435 ], [ 126.943250578572474, 37.475060558065159 ], [ 126.943297058769858, 37.475085555437275 ], [ 126.94360531446597, 37.475407242342492 ], [ 126.944494261237736, 37.474730647230373 ], [ 126.946545461533972, 37.472745969698018 ] ] ] } },
{ "type": "Feature", "properties": { "adm_nm": "서울특별시 관악구 신사동", "ADM_CD": "1162068500", "sggnm": "관악구" }, "geometry": { "type": "Polygon", "coordinates": [ [ [ 126.926180657941401, 37.483780643591892 ], [ 126.921573711485607, 37.483121595046541 ], [ 126.914538719853951, 37.481813777710485 ], [ 126.913323500570073, 37.487247376735048 ], [ 126.915968443282566, 37.488762426706543 ], [ 126.918890701452483, 37.489562142469516 ], [ 126.919787209008433, 37.489443739042635 ], [ 126.920954113248584, 37.489028080148117 ], [ 126.921653594757785, 37.488533507070741 ], [ 126.922153292225886, 37.488092034167977 ], [ 126.923290484716915, 37.486479655648317 ], [ 126.925155505558905, 37.484625189303031 ], [ 126.926180657941401, 37.483780643591892 ] ] ] } },
{ "type": "Feature", "properties": { "adm_nm": "서울특별시 관악구 신림동", "ADM_CD": "1162069500", "sggnm": "관악구" }, "geometry": { "type": "Polygon", "coordinates": [ [ [ 126.934909927270141, 37.486397220056524 ], [ 126.934201313874198, 37.484836734645839 ], [ 126.926180657941401, 37.483780643591892 ], [ 126.925155505558905, 37.484625189303031 ], [ 126.923290484716915, 37.486479655648317 ], [ 126.922153292225886, 37.488092034167977 ], [ 126.921653594757785, 37.488533507070741 ], [ 126.920954113248584, 37.489028080148117 ], [ 126.919787209008433, 37.489443739042635 ], [ 126.918890701452483, 37.489562142469516 ], [ 126.924300928752857, 37.489964910696678 ], [ 126.927334972521322, 37.489536902332766 ], [ 126.934909927270141, 37.486397220056524 ] ] ] } },
{ "type": "Feature", "properties": { "adm_nm": "서울특별시 관악구 난향동", "ADM_CD": "1162071500", "sggnm": "관악구" }, "geometry": { "type": "Polygon", "coordinates": [ [ [ 126.922979611008515, 37.463460864731402 ], [ 126.92284338784502, 37.46298806875911 ], [ 126.924063552599449, 37.459902355061644 ], [ 126.924086247833699, 37.4597075463846 ], [ 126.922959314677627, 37.457835105027698 ], [ 126.922468437286511, 37.457247949955203 ], [ 126.918410725052041, 37.457162677883808 ], [ 126.914833864140419, 37.457667571013509 ], [ 126.914151283322582, 37.458092596853064 ], [ 126.913962578242149, 37.458644929883825 ], [ 126.912859408502143, 37.463974321718261 ], [ 126.91303063237504, 37.464401064822781 ], [ 126.913748824647229, 37.465282329054304 ], [ 126.9150827947675, 37.466155370643527 ], [ 126.918997199768427, 37.466574218686681 ], [ 126.922979611008515, 37.463460864731402 ] ] ] } },
{ "type": "Feature", "properties": { "adm_nm": "서울특별시 관악구 조원동", "ADM_CD": "1162072500", "sggnm": "관악구" }, "geometry": { "type": "Polygon", "coordinates": [ [ [ 126.914538719853951, 37.481813777710485 ], [ 126.902118715158537, 37.479542128360237 ], [ 126.900674141344453, 37.479326371640951 ], [ 126.899468525751971, 37.480344416596672 ], [ 126.903226979492047, 37.484986282537179 ], [ 126.905963490197578, 37.484988815554821 ], [ 126.907766778916312, 37.485424462704344 ], [ 126.908992746886, 37.485794948108492 ], [ 126.911154959757667, 37.486469368227603 ], [ 126.913323500570073, 37.487247376735048 ], [ 126.914538719853951, 37.481813777710485 ] ] ] } },
{ "type": "Feature", "properties": { "adm_nm": "서울특별시 관악구 대학동", "ADM_CD": "1162073500", "sggnm": "관악구" }, "geometry": { "type": "Polygon", "coordinates": [ [ [ 126.950992951207311, 37.471269446181857 ], [ 126.953140498081666, 37.471031463981653 ], [ 126.953327648008468, 37.470955714351675 ], [ 126.953496217246993, 37.470810023058739 ], [ 126.95563516070662, 37.466112539612141 ], [ 126.955962831932624, 37.465270149194893 ], [ 126.955698209886123, 37.464338274071103 ], [ 126.955503948566104, 37.462574150033447 ], [ 126.955652076940012, 37.462122966313899 ], [ 126.957668846611725, 37.458533550068601 ], [ 126.958231487303024, 37.457833068088902 ], [ 126.959601860434503, 37.456835449881964 ], [ 126.96155446715629, 37.4555464000535 ], [ 126.963291274552248, 37.455175728075048 ], [ 126.965723250976069, 37.455033508941298 ], [ 126.969726600338959, 37.449505906320233 ], [ 126.969847532073942, 37.44909182129242 ], [ 126.969743162962274, 37.447860990675039 ], [ 126.969493440478345, 37.447402427514987 ], [ 126.96881412759565, 37.446841647992521 ], [ 126.968697196801841, 37.44679042965236 ], [ 126.968107504007193, 37.446748343467839 ], [ 126.965566312216239, 37.446096910933946 ], [ 126.964561632076908, 37.445690129676549 ], [ 126.964410508429708, 37.445580153573871 ], [ 126.963992522408503, 37.444850479717957 ], [ 126.963827375772851, 37.444220955707692 ], [ 126.963832807868329, 37.443957332039275 ], [ 126.964049856588744, 37.443046811190413 ], [ 126.964111889709855, 37.442472472254629 ], [ 126.964089188834805, 37.442187312611367 ], [ 126.96398284298219, 37.442040357633225 ], [ 126.963803254839263, 37.440768205690389 ], [ 126.963020535720389, 37.440314217212006 ], [ 126.959975327918414, 37.440261174810331 ], [ 126.959246126436753, 37.439200297809606 ], [ 126.95524710269909, 37.438594410458755 ], [ 126.952590078998597, 37.43920882680613 ], [ 126.951023961500141, 37.438418198064099 ], [ 126.948223289641476, 37.438522661642807 ], [ 126.946900521939654, 37.438046460162589 ], [ 126.944918571709479, 37.437038378649291 ], [ 126.941403687691206, 37.43741350228305 ], [ 126.940212823172558, 37.435723633571115 ], [ 126.938638572925328, 37.436049097653104 ], [ 126.937269797337251, 37.438451435795479 ], [ 126.937846338585089, 37.440177581302663 ], [ 126.935370154179537, 37.44284880051098 ], [ 126.933891175616751, 37.443546753330821 ], [ 126.930512914340198, 37.445293092043968 ], [ 126.930259424580484, 37.446329826886718 ], [ 126.930325092621317, 37.447387683875782 ], [ 126.931025717282353, 37.447820681342442 ], [ 126.933830265605366, 37.449867818313862 ], [ 126.935511348838972, 37.451761591583754 ], [ 126.936005753441904, 37.452524846215113 ], [ 126.938359772553241, 37.45665528221646 ], [ 126.938527021658658, 37.457537158171988 ], [ 126.938595998130808, 37.459275987171765 ], [ 126.938271495885388, 37.460051747694131 ], [ 126.937598750441424, 37.461270014130214 ], [ 126.934289384211823, 37.464994864145552 ], [ 126.932268511308621, 37.465962021452306 ], [ 126.931437540537104, 37.4657743919946 ], [ 126.931402817090287, 37.466423366505886 ], [ 126.931574435666434, 37.467182282001666 ], [ 126.934139183472325, 37.471794905923218 ], [ 126.935015866117553, 37.471388982476483 ], [ 126.936808025847768, 37.471055022347151 ], [ 126.944741688201432, 37.469970521335263 ], [ 126.94544645726674, 37.469458784790781 ], [ 126.945842706666696, 37.469590214319936 ], [ 126.946790667881061, 37.470047715982354 ], [ 126.946749142139325, 37.472423605785011 ], [ 126.946545461533972, 37.472745969698018 ], [ 126.947545659663177, 37.472486777276735 ], [ 126.949147733982656, 37.472474246736112 ], [ 126.94986882395537, 37.472166637018788 ], [ 126.95028878896828, 37.471669464315518 ], [ 126.950992951207311, 37.471269446181857 ] ] ] } },
{ "type": "Feature", "properties": { "adm_nm": "서울특별시 관악구 은천동", "ADM_CD": "1162060500", "sggnm": "관악구" }, "geometry": { "type": "Polygon", "coordinates": [ [ [ 126.942829000084686, 37.492237319640807 ], [ 126.944974948899244, 37.491534191820961 ], [ 126.946102363020017, 37.490136844481803 ], [ 126.946135800952746, 37.489282748057313 ], [ 126.946497016099542, 37.487824392466315 ], [ 126.946569572455914, 37.487572352262355 ], [ 126.946952633504125, 37.486930814675937 ], [ 126.946337294644053, 37.481972702412655 ], [ 126.943005011360626, 37.482314285976479 ], [ 126.937854540318313, 37.484107232771869 ], [ 126.934201313874198, 37.484836734645839 ], [ 126.934909927270141, 37.486397220056524 ], [ 126.939329134761309, 37.486208692044656 ], [ 126.940142197533177, 37.487707564377644 ], [ 126.93963783773188, 37.488034295705532 ], [ 126.939376553570085, 37.48808939093918 ], [ 126.939101811012279, 37.487865000966998 ], [ 126.938916140158554, 37.487829191728693 ], [ 126.938679221936908, 37.488219029989551 ], [ 126.938989503006567, 37.489454114603902 ], [ 126.939509208700557, 37.490876298687873 ], [ 126.941646201998054, 37.492251951827555 ], [ 126.942829000084686, 37.492237319640807 ] ] ] } },
{ "type": "Feature", "properties": { "adm_nm": "서울특별시 관악구 성현동", "ADM_CD": "1162056500", "sggnm": "관악구" }, "geometry": { "type": "Polygon", "coordinates": [ [ [ 126.956106476859944, 37.491582558113706 ], [ 126.957142502324103, 37.489786918461306 ], [ 126.957966236773046, 37.488697804385779 ], [ 126.958053905207976, 37.488403011875235 ], [ 126.958059146762523, 37.488167556166566 ], [ 126.957967890252661, 37.487687160802963 ], [ 126.956304195644378, 37.485664983542108 ], [ 126.946952633504125, 37.486930814675937 ], [ 126.946569572455914, 37.487572352262355 ], [ 126.946497016099542, 37.487824392466315 ], [ 126.946135800952746, 37.489282748057313 ], [ 126.946102363020017, 37.490136844481803 ], [ 126.944974948899244, 37.491534191820961 ], [ 126.94338797715929, 37.492082217187736 ], [ 126.94739248742782, 37.493909343967395 ], [ 126.947679774593809, 37.493739746983152 ], [ 126.948517627445966, 37.493676889616154 ], [ 126.951246819859477, 37.492410797473575 ], [ 126.95345635281538, 37.491133787630439 ], [ 126.954041023034478, 37.491039034475818 ], [ 126.954804276139811, 37.491177762855465 ], [ 126.956106476859944, 37.491582558113706 ] ] ] } },
{ "type": "Feature", "properties": { "adm_nm": "서울특별시 관악구 청룡동", "ADM_CD": "1162059500", "sggnm": "관악구" }, "geometry": { "type": "Polygon", "coordinates": [ [ [ 126.943005011360626, 37.482314285976479 ], [ 126.952260039895521, 37.481352688910292 ], [ 126.952554337899315, 37.480460351140621 ], [ 126.953105188360666, 37.473257660149748 ], [ 126.953109135270992, 37.472813758606577 ], [ 126.952918477257114, 37.472108687523033 ], [ 126.952534978362422, 37.471098515451828 ], [ 126.950992951207311, 37.471269446181857 ], [ 126.95028878896828, 37.471669464315518 ], [ 126.94986882395537, 37.472166637018788 ], [ 126.949147733982656, 37.472474246736112 ], [ 126.947545659663177, 37.472486777276735 ], [ 126.946545461533972, 37.472745969698018 ], [ 126.944494261237736, 37.474730647230373 ], [ 126.94360531446597, 37.475407242342492 ], [ 126.943297058769858, 37.475085555437275 ], [ 126.943250578572474, 37.475060558065159 ], [ 126.943138495967645, 37.475116355825435 ], [ 126.941164600978183, 37.476495129577678 ], [ 126.940107442626399, 37.477292144969503 ], [ 126.939478649802581, 37.478115222912599 ], [ 126.938191115275046, 37.479195244876166 ], [ 126.937147923350395, 37.479453927257623 ], [ 126.936951907123657, 37.479575803390581 ], [ 126.93573298589655, 37.480823048470668 ], [ 126.935642576842355, 37.481101866415649 ], [ 126.935648748159693, 37.481315968439112 ], [ 126.935735619254658, 37.481427939935784 ], [ 126.936745841753762, 37.481978068401943 ], [ 126.937065294871118, 37.482268084059697 ], [ 126.937849180653529, 37.48331958640626 ], [ 126.937854540318313, 37.484107232771869 ], [ 126.943005011360626, 37.482314285976479 ] ] ] } },
{ "type": "Feature", "properties": { "adm_nm": "서울특별시 관악구 난곡동", "ADM_CD": "1162077500", "sggnm": "관악구" }, "geometry": { "type": "Polygon", "coordinates": [ [ [ 126.926591989374842, 37.474460310053807 ], [ 126.926701012239405, 37.472948845658344 ], [ 126.926495744612353, 37.471876359869789 ], [ 126.926013708329378, 37.467995820392204 ], [ 126.924690849700667, 37.466563714541962 ], [ 126.923435046539566, 37.465627201093483 ], [ 126.922946920658362, 37.464505112933658 ], [ 126.922979611008515, 37.463460864731402 ], [ 126.918997199768427, 37.466574218686681 ], [ 126.9150827947675, 37.466155370643527 ], [ 126.914282068529971, 37.469410944686835 ], [ 126.91443663910951, 37.470073082901934 ], [ 126.915001268566286, 37.471538334307496 ], [ 126.917796680629849, 37.474000433912025 ], [ 126.91951616450352, 37.474575623061433 ], [ 126.924176322755073, 37.477165122282912 ], [ 126.926591989374842, 37.474460310053807 ] ] ] } },
{ "type": "Feature", "properties": { "adm_nm": "서울특별시 관악구 삼성동", "ADM_CD": "1162074500", "sggnm": "관악구" }, "geometry": { "type": "Polygon", "coordinates": [ [ [ 126.934139183472325, 37.471794905923218 ], [ 126.931574435666434, 37.467182282001666 ], [ 126.931402817090287, 37.466423366505886 ], [ 126.931437540537104, 37.4657743919946 ], [ 126.932268511308621, 37.465962021452306 ], [ 126.934289384211823, 37.464994864145552 ], [ 126.937598750441424, 37.461270014130214 ], [ 126.938271495885388, 37.460051747694131 ], [ 126.938595998130808, 37.459275987171765 ], [ 126.938527021658658, 37.457537158171988 ], [ 126.938359772553241, 37.45665528221646 ], [ 126.936005753441904, 37.452524846215113 ], [ 126.935511348838972, 37.451761591583754 ], [ 126.933830265605366, 37.449867818313862 ], [ 126.931025717282353, 37.447820681342442 ], [ 126.92874943387082, 37.450192651427095 ], [ 126.92707175557058, 37.451689800869701 ], [ 126.925301730614621, 37.45288001830184 ], [ 126.923184056764867, 37.454427930434264 ], [ 126.923055983603945, 37.454634618424947 ], [ 126.922638428047151, 37.455542954313422 ], [ 126.922430006483538, 37.456731732842876 ], [ 126.92250890979318, 37.456947318440733 ], [ 126.922468437286511, 37.457247949955203 ], [ 126.922959314677627, 37.457835105027698 ], [ 126.924086247833699, 37.4597075463846 ], [ 126.924063552599449, 37.459902355061644 ], [ 126.92284338784502, 37.46298806875911 ], [ 126.922979611008515, 37.463460864731402 ], [ 126.922946920658362, 37.464505112933658 ], [ 126.923435046539566, 37.465627201093483 ], [ 126.924690849700667, 37.466563714541962 ], [ 126.926013708329378, 37.467995820392204 ], [ 126.926495744612353, 37.471876359869789 ], [ 126.926701012239405, 37.472948845658344 ], [ 126.926591989374842, 37.474460310053807 ], [ 126.929412004017408, 37.475048455425657 ], [ 126.929443829731525, 37.474580060272125 ], [ 126.933533008340703, 37.473069678277987 ], [ 126.934139183472325, 37.471794905923218 ] ] ] } },
{ "type": "Feature", "properties": { "adm_nm": "서울특별시 관악구 미성동", "ADM_CD": "1162076500", "sggnm": "관악구" }, "geometry": { "type": "Polygon", "coordinates": [ [ [ 126.924176322755073, 37.477165122282912 ], [ 126.91951616450352, 37.474575623061433 ], [ 126.917796680629849, 37.474000433912025 ], [ 126.915001268566286, 37.471538334307496 ], [ 126.91443663910951, 37.470073082901934 ], [ 126.914282068529971, 37.469410944686835 ], [ 126.9150827947675, 37.466155370643527 ], [ 126.913748824647229, 37.465282329054304 ], [ 126.912436172870386, 37.465676914383444 ], [ 126.912399603382838, 37.466010239142577 ], [ 126.911617354110973, 37.466627153421534 ], [ 126.91012524491768, 37.469072537613592 ], [ 126.909007209101276, 37.471213311308453 ], [ 126.908635638315076, 37.472083516526503 ], [ 126.908228470828874, 37.472625673092324 ], [ 126.909881698027917, 37.473260385354578 ], [ 126.910721256532881, 37.47363976575862 ], [ 126.910934013126379, 37.473819971574649 ], [ 126.911639551055814, 37.475519166773708 ], [ 126.911937578086949, 37.476905361448907 ], [ 126.911621636353388, 37.478165690161546 ], [ 126.910648484519356, 37.478100876320845 ], [ 126.90948515762085, 37.478202351925788 ], [ 126.909240045277457, 37.478396155132387 ], [ 126.908824324203309, 37.478864916942833 ], [ 126.908822842374917, 37.479442643491879 ], [ 126.909723721389639, 37.480949313461437 ], [ 126.921573711485607, 37.483121595046541 ], [ 126.923008994686086, 37.478872187196274 ], [ 126.924176322755073, 37.477165122282912 ] ] ] } },
{ "type": "Feature", "properties": { "adm_nm": "서울특별시 서초구 서초1동", "ADM_CD": "1165051000", "sggnm": "서초구" }, "geometry": { "type": "Polygon", "coordinates": [ [ [ 127.027014792841157, 37.480508107226981 ], [ 127.025512909164632, 37.480798407022988 ], [ 127.02452529760123, 37.480592769696472 ], [ 127.024119715802698, 37.480333109471083 ], [ 127.024040869174328, 37.479359763010486 ], [ 127.021779360846693, 37.477529438861175 ], [ 127.02027512093629, 37.476867600239494 ], [ 127.019831941772324, 37.47687481366637 ], [ 127.019331079207916, 37.478692401202473 ], [ 127.019345640843184, 37.480054728655404 ], [ 127.018734783061916, 37.481618262602581 ], [ 127.017992248411517, 37.482229909848556 ], [ 127.014934328795903, 37.487208120237796 ], [ 127.014583910515071, 37.488373888206546 ], [ 127.013932286394208, 37.49216142827666 ], [ 127.013903484358835, 37.49327836164197 ], [ 127.014021048270067, 37.493579676655294 ], [ 127.015762370027915, 37.494318581104643 ], [ 127.021276880188026, 37.496009857874277 ], [ 127.022498736294665, 37.492670702091644 ], [ 127.024962565863689, 37.486327172458431 ], [ 127.027014792841157, 37.480508107226981 ] ] ] } },
{ "type": "Feature", "properties": { "adm_nm": "서울특별시 서초구 서초2동", "ADM_CD": "1165052000", "sggnm": "서초구" }, "geometry": { "type": "Polygon", "coordinates": [ [ [ 127.031623257520422, 37.489540076728723 ], [ 127.033777478523902, 37.485099256250635 ], [ 127.03396794290876, 37.484797248593857 ], [ 127.033629546917538, 37.484013469554853 ], [ 127.034359000393849, 37.48286955361116 ], [ 127.034364516441926, 37.482777185796827 ], [ 127.033927923437247, 37.48221195113485 ], [ 127.03252269600759, 37.481007749876767 ], [ 127.0304119726419, 37.480200543392897 ], [ 127.029407982459304, 37.480455694819987 ], [ 127.028655603730044, 37.481056608020324 ], [ 127.027911781739249, 37.480856465473892 ], [ 127.027014792841157, 37.480508107226981 ], [ 127.024962565863689, 37.486327172458431 ], [ 127.022498736294665, 37.492670702091644 ], [ 127.021276880188026, 37.496009857874277 ], [ 127.0276351080783, 37.497964303421121 ], [ 127.031623257520422, 37.489540076728723 ] ] ] } },
{ "type": "Feature", "properties": { "adm_nm": "서울특별시 서초구 서초3동", "ADM_CD": "1165053000", "sggnm": "서초구" }, "geometry": { "type": "Polygon", "coordinates": [ [ [ 127.015762370027915, 37.494318581104643 ], [ 127.014021048270067, 37.493579676655294 ], [ 127.013903484358835, 37.49327836164197 ], [ 127.013932286394208, 37.49216142827666 ], [ 127.014583910515071, 37.488373888206546 ], [ 127.014934328795903, 37.487208120237796 ], [ 127.01733371762171, 37.483262048687095 ], [ 127.017992248411517, 37.482229909848556 ], [ 127.018734783061916, 37.481618262602581 ], [ 127.019345640843184, 37.480054728655404 ], [ 127.019331079207916, 37.478692401202473 ], [ 127.019831941772324, 37.47687481366637 ], [ 127.018070682984842, 37.476603994661694 ], [ 127.01683988426673, 37.475966888078801 ], [ 127.015506093436528, 37.474755854803959 ], [ 127.014995242125977, 37.47420072377637 ], [ 127.013594403899958, 37.473176250416927 ], [ 127.010310076186059, 37.47226020215308 ], [ 127.009089387811017, 37.474853306726914 ], [ 127.006640613688361, 37.478215309867331 ], [ 127.005416022872012, 37.47901579789405 ], [ 127.004101791262812, 37.478553975211312 ], [ 127.002948852744467, 37.480316924732371 ], [ 127.00267030856503, 37.480853188937807 ], [ 127.002963899737139, 37.481274215089833 ], [ 127.002151626307906, 37.482295399684482 ], [ 127.001885464989186, 37.482796822339445 ], [ 127.000828630264095, 37.483656492487114 ], [ 127.000828858530994, 37.484461005155673 ], [ 127.000585268172571, 37.485159633918741 ], [ 127.000275963939444, 37.48564854236691 ], [ 127.000560896984823, 37.485951623452742 ], [ 127.001184113375743, 37.486957019127587 ], [ 127.000797463489519, 37.489921986317199 ], [ 127.000267893683628, 37.491946693102001 ], [ 127.00206912723705, 37.493255621161275 ], [ 127.002906618050574, 37.493946434158623 ], [ 127.00360709823876, 37.494828204268309 ], [ 127.009651538163908, 37.498400294545469 ], [ 127.010094182995729, 37.498613950271583 ], [ 127.010544113913596, 37.498763977002056 ], [ 127.012450160221164, 37.499047334818393 ], [ 127.013554842378909, 37.494343430011057 ], [ 127.014143172544152, 37.494015201935824 ], [ 127.015762370027915, 37.494318581104643 ] ] ] } },
{ "type": "Feature", "properties": { "adm_nm": "서울특별시 서초구 서초4동", "ADM_CD": "1165053100", "sggnm": "서초구" }, "geometry": { "type": "Polygon", "coordinates": [ [ [ 127.0276351080783, 37.497964303421121 ], [ 127.015762370027915, 37.494318581104643 ], [ 127.014143172544152, 37.494015201935824 ], [ 127.013554842378909, 37.494343430011057 ], [ 127.012907225786435, 37.496976546561022 ], [ 127.012382306771187, 37.499370417029183 ], [ 127.013613079532078, 37.499626744595737 ], [ 127.017850296438951, 37.500778699565501 ], [ 127.01867000250887, 37.502834883618192 ], [ 127.021074174156979, 37.503452449180422 ], [ 127.024495838972257, 37.504518107419756 ], [ 127.0276351080783, 37.497964303421121 ] ] ] } },
{ "type": "Feature", "properties": { "adm_nm": "서울특별시 서초구 잠원동", "ADM_CD": "1165054000", "sggnm": "서초구" }, "geometry": { "type": "Polygon", "coordinates": [ [ [ 127.019441049560442, 37.515987241640666 ], [ 127.01985687415457, 37.515040799940856 ], [ 127.021307993874174, 37.511167953937672 ], [ 127.020350039213824, 37.510805198905665 ], [ 127.011621929679123, 37.508307996262189 ], [ 127.011661469383398, 37.509158579947432 ], [ 127.009363280605854, 37.512508775680963 ], [ 127.008612229350206, 37.513275127679158 ], [ 127.007704274366063, 37.512828555753202 ], [ 127.007325444075761, 37.512577976613755 ], [ 127.006758358507838, 37.513531048096517 ], [ 127.0074609357806, 37.514228293442464 ], [ 127.007697617950086, 37.514381113558954 ], [ 127.008894376183022, 37.515645680758304 ], [ 127.008124131789032, 37.51617686680418 ], [ 127.007482430496935, 37.516777821449907 ], [ 127.004427431653781, 37.520261173676964 ], [ 127.007972176188559, 37.524588976548777 ], [ 127.011868114871191, 37.527841004460903 ], [ 127.014602276824931, 37.525508752887198 ], [ 127.017073602424119, 37.522886928629433 ], [ 127.017609208351644, 37.52209029170141 ], [ 127.017981371414578, 37.521301997922627 ], [ 127.018283465804814, 37.520519051452474 ], [ 127.019025197172894, 37.518237138365137 ], [ 127.019478305733685, 37.516341954190622 ], [ 127.019441049560442, 37.515987241640666 ] ] ] } },
{ "type": "Feature", "properties": { "adm_nm": "서울특별시 서초구 반포본동", "ADM_CD": "1165055000", "sggnm": "서초구" }, "geometry": { "type": "Polygon", "coordinates": [ [ [ 126.990616673394143, 37.513025433501134 ], [ 126.992501248866247, 37.509711700772009 ], [ 126.991857227525031, 37.507995778481202 ], [ 126.992208763250474, 37.506430381083398 ], [ 126.99185212415054, 37.505646342747468 ], [ 126.99181632507937, 37.505399442380948 ], [ 126.991904899075649, 37.505066262870066 ], [ 126.992903126630821, 37.502899467700182 ], [ 126.993922358920869, 37.50286099268483 ], [ 126.994176014183708, 37.50246776694518 ], [ 126.994532591672979, 37.501629172498916 ], [ 126.994521353852406, 37.50148451245515 ], [ 126.99110317536551, 37.499512764325161 ], [ 126.990061883515096, 37.499165758094968 ], [ 126.988233264962474, 37.498665483783952 ], [ 126.987842501623092, 37.49860813145191 ], [ 126.986947324418637, 37.498631737520476 ], [ 126.986200025191451, 37.499037471472199 ], [ 126.981149473721004, 37.50228958451801 ], [ 126.980703887452506, 37.502743736405222 ], [ 126.980445180882, 37.503309623282512 ], [ 126.980315931360948, 37.504004131230893 ], [ 126.980297400758388, 37.504841184374698 ], [ 126.980131725682199, 37.506492752972662 ], [ 126.980734375814606, 37.50656852615716 ], [ 126.985677358731706, 37.506631936306263 ], [ 126.990616673394143, 37.513025433501134 ] ] ] } },
{ "type": "Feature", "properties": { "adm_nm": "서울특별시 서초구 반포1동", "ADM_CD": "1165056000", "sggnm": "서초구" }, "geometry": { "type": "Polygon", "coordinates": [ [ [ 127.021374832426787, 37.511029317603565 ], [ 127.024495838972257, 37.504518107419756 ], [ 127.021074174156979, 37.503452449180422 ], [ 127.01867000250887, 37.502834883618192 ], [ 127.017850296438951, 37.500778699565501 ], [ 127.013613079532078, 37.499626744595737 ], [ 127.012382306771187, 37.499370417029183 ], [ 127.011799858385046, 37.501838859058829 ], [ 127.011558994821897, 37.502558949589826 ], [ 127.009108548084271, 37.50725780408343 ], [ 127.009751611938484, 37.507784093734557 ], [ 127.020350039213824, 37.510805198905665 ], [ 127.021374832426787, 37.511029317603565 ] ] ] } },
{ "type": "Feature", "properties": { "adm_nm": "서울특별시 서초구 반포2동", "ADM_CD": "1165057000", "sggnm": "서초구" }, "geometry": { "type": "Polygon", "coordinates": [ [ [ 127.000928036282815, 37.505270510313991 ], [ 127.002899853445967, 37.502752674770996 ], [ 127.003063482078616, 37.502488672423809 ], [ 127.003112631496975, 37.50212261888089 ], [ 127.002951875691053, 37.501945051165485 ], [ 126.994842295240687, 37.498672558405751 ], [ 126.994004085216389, 37.498396275182593 ], [ 126.992868550594039, 37.498184093585181 ], [ 126.992176478309105, 37.498163093383603 ], [ 126.990707272529988, 37.498155641740496 ], [ 126.98774761094846, 37.49823523403149 ], [ 126.987842501623092, 37.49860813145191 ], [ 126.988233264962474, 37.498665483783952 ], [ 126.990061883515096, 37.499165758094968 ], [ 126.99110317536551, 37.499512764325161 ], [ 126.994521353852406, 37.50148451245515 ], [ 126.994532591672979, 37.501629172498916 ], [ 126.994176014183708, 37.50246776694518 ], [ 126.993922358920869, 37.50286099268483 ], [ 126.992903126630821, 37.502899467700182 ], [ 126.991904899075649, 37.505066262870066 ], [ 126.99181632507937, 37.505399442380948 ], [ 126.99185212415054, 37.505646342747468 ], [ 126.992208763250474, 37.506430381083398 ], [ 126.991857227525031, 37.507995778481202 ], [ 126.992501248866247, 37.509711700772009 ], [ 126.990616673394143, 37.513025433501134 ], [ 126.995941489679623, 37.515742140684928 ], [ 126.999563084505922, 37.508248128718897 ], [ 127.000928036282815, 37.505270510313991 ] ] ] } },
{ "type": "Feature", "properties": { "adm_nm": "서울특별시 서초구 반포3동", "ADM_CD": "1165058000", "sggnm": "서초구" }, "geometry": { "type": "Polygon", "coordinates": [ [ [ 127.011621929679123, 37.508307996262189 ], [ 127.000928036282815, 37.505270510313991 ], [ 126.999563084505922, 37.508248128718897 ], [ 126.995941489679623, 37.515742140684928 ], [ 127.000387320579776, 37.517949077834622 ], [ 127.004427431653781, 37.520261173676964 ], [ 127.007482430496935, 37.516777821449907 ], [ 127.008124131789032, 37.51617686680418 ], [ 127.008894376183022, 37.515645680758304 ], [ 127.007697617950086, 37.514381113558954 ], [ 127.0074609357806, 37.514228293442464 ], [ 127.006758358507838, 37.513531048096517 ], [ 127.007325444075761, 37.512577976613755 ], [ 127.007704274366063, 37.512828555753202 ], [ 127.008612229350206, 37.513275127679158 ], [ 127.009363280605854, 37.512508775680963 ], [ 127.011661469383398, 37.509158579947432 ], [ 127.011621929679123, 37.508307996262189 ] ] ] } },
{ "type": "Feature", "properties": { "adm_nm": "서울특별시 서초구 반포4동", "ADM_CD": "1165058100", "sggnm": "서초구" }, "geometry": { "type": "Polygon", "coordinates": [ [ [ 127.011799858385046, 37.501838859058829 ], [ 127.012450160221164, 37.499047334818393 ], [ 127.010544113913596, 37.498763977002056 ], [ 127.010094182995729, 37.498613950271583 ], [ 127.009651538163908, 37.498400294545469 ], [ 127.00360709823876, 37.494828204268309 ], [ 127.002906618050574, 37.493946434158623 ], [ 127.00206912723705, 37.493255621161275 ], [ 127.000267893683628, 37.491946693102001 ], [ 126.997245108905815, 37.493679108340757 ], [ 126.995460399266804, 37.49401965026918 ], [ 126.995330992353189, 37.494758211396658 ], [ 126.9949071580252, 37.495326038631298 ], [ 126.995048444107184, 37.495768778649115 ], [ 126.994835455052012, 37.49598655737416 ], [ 126.994849050557718, 37.49605493935703 ], [ 126.994525239470804, 37.496134971242512 ], [ 126.994236622926877, 37.496114694760024 ], [ 126.99377954047975, 37.496173447954334 ], [ 126.993612597857407, 37.496012232140458 ], [ 126.992949595059201, 37.496341153838024 ], [ 126.99294339081348, 37.496631826873234 ], [ 126.992762262026531, 37.496911596039773 ], [ 126.991877950189703, 37.497141022031961 ], [ 126.991251451489944, 37.497250995351372 ], [ 126.990917361041156, 37.497512076539223 ], [ 126.990707693792245, 37.497880729469578 ], [ 126.990707272529988, 37.498155641740496 ], [ 126.992868550594039, 37.498184093585181 ], [ 126.994004085216389, 37.498396275182593 ], [ 126.994842295240687, 37.498672558405751 ], [ 127.002951875691053, 37.501945051165485 ], [ 127.003112631496975, 37.50212261888089 ], [ 127.003063482078616, 37.502488672423809 ], [ 127.002899853445967, 37.502752674770996 ], [ 127.000928036282815, 37.505270510313991 ], [ 127.009751611938484, 37.507784093734557 ], [ 127.009108548084271, 37.50725780408343 ], [ 127.011558994821897, 37.502558949589826 ], [ 127.011799858385046, 37.501838859058829 ] ] ] } },
{ "type": "Feature", "properties": { "adm_nm": "서울특별시 서초구 방배본동", "ADM_CD": "1165059000", "sggnm": "서초구" }, "geometry": { "type": "Polygon", "coordinates": [ [ [ 126.98774761094846, 37.49823523403149 ], [ 126.990707272529988, 37.498155641740496 ], [ 126.990707693792245, 37.497880729469578 ], [ 126.990917361041156, 37.497512076539223 ], [ 126.991251451489944, 37.497250995351372 ], [ 126.991877950189703, 37.497141022031961 ], [ 126.992762262026531, 37.496911596039773 ], [ 126.99294339081348, 37.496631826873234 ], [ 126.992949595059201, 37.496341153838024 ], [ 126.993612597857407, 37.496012232140458 ], [ 126.99377954047975, 37.496173447954334 ], [ 126.994236622926877, 37.496114694760024 ], [ 126.994525239470804, 37.496134971242512 ], [ 126.994849050557718, 37.49605493935703 ], [ 126.994835455052012, 37.49598655737416 ], [ 126.995048444107184, 37.495768778649115 ], [ 126.9949071580252, 37.495326038631298 ], [ 126.995330992353189, 37.494758211396658 ], [ 126.995460399266804, 37.49401965026918 ], [ 126.992286863015565, 37.493554811484572 ], [ 126.985501853590122, 37.490882851751437 ], [ 126.982651561595361, 37.490891745800234 ], [ 126.982778132061014, 37.495240227141316 ], [ 126.982900199874734, 37.496352810695527 ], [ 126.983244867264133, 37.497126106316337 ], [ 126.98348802943417, 37.497546300982684 ], [ 126.984766486985492, 37.499277879623271 ], [ 126.986249112514813, 37.498576875017008 ], [ 126.98774761094846, 37.49823523403149 ] ] ] } },
{ "type": "Feature", "properties": { "adm_nm": "서울특별시 서초구 방배1동", "ADM_CD": "1165060000", "sggnm": "서초구" }, "geometry": { "type": "Polygon", "coordinates": [ [ [ 127.002151626307906, 37.482295399684482 ], [ 127.000626675857205, 37.481911555488033 ], [ 126.996269488690743, 37.481026612782685 ], [ 126.993637846175403, 37.480180513626159 ], [ 126.989629514812108, 37.486442282269635 ], [ 126.99907571815136, 37.489320927254894 ], [ 127.000797463489519, 37.489921986317199 ], [ 127.001184113375743, 37.486957019127587 ], [ 127.000560896984823, 37.485951623452742 ], [ 127.000275963939444, 37.48564854236691 ], [ 127.000585268172571, 37.485159633918741 ], [ 127.000828858530994, 37.484461005155673 ], [ 127.000828630264095, 37.483656492487114 ], [ 127.001885464989186, 37.482796822339445 ], [ 127.002151626307906, 37.482295399684482 ] ] ] } },
{ "type": "Feature", "properties": { "adm_nm": "서울특별시 서초구 방배2동", "ADM_CD": "1165061000", "sggnm": "서초구" }, "geometry": { "type": "Polygon", "coordinates": [ [ [ 126.993637846175403, 37.480180513626159 ], [ 126.990290241561539, 37.47908897199185 ], [ 126.987318618852854, 37.47762041690126 ], [ 126.986598889244974, 37.477123797685287 ], [ 126.986063675475791, 37.476004910256599 ], [ 126.985675975630301, 37.47461062063622 ], [ 126.985945948292667, 37.472771729734212 ], [ 126.986807037852557, 37.471182478625288 ], [ 126.989075215175944, 37.470661631207449 ], [ 126.992874216048094, 37.469525380173721 ], [ 126.994747745367164, 37.468819076500317 ], [ 126.99627509882059, 37.46671749087119 ], [ 126.996461082407961, 37.464804059436851 ], [ 126.997219499822521, 37.463936599151062 ], [ 126.996958519457351, 37.462500941928937 ], [ 126.996832011816068, 37.46218492617583 ], [ 126.988620463878362, 37.458135323217356 ], [ 126.987639488840841, 37.459401902982989 ], [ 126.987467278227697, 37.46040934010766 ], [ 126.987639232945369, 37.46130377836149 ], [ 126.98792118158778, 37.46224129135372 ], [ 126.988234454944276, 37.463872988570785 ], [ 126.988163830260774, 37.465524429698803 ], [ 126.987591577505071, 37.466937119197382 ], [ 126.986862993493204, 37.467849969562394 ], [ 126.984527623968262, 37.469744953206892 ], [ 126.98323495774352, 37.47157026974844 ], [ 126.982537541737102, 37.472770534916627 ], [ 126.981860324740964, 37.474698129271999 ], [ 126.981722822363253, 37.476364805634546 ], [ 126.981609752905854, 37.477153299346831 ], [ 126.982082981406819, 37.485386555251374 ], [ 126.989629514812108, 37.486442282269635 ], [ 126.993637846175403, 37.480180513626159 ] ] ] } },
{ "type": "Feature", "properties": { "adm_nm": "서울특별시 서초구 방배3동", "ADM_CD": "1165062000", "sggnm": "서초구" }, "geometry": { "type": "Polygon", "coordinates": [ [ [ 127.010310076186059, 37.47226020215308 ], [ 127.009679414172737, 37.471603038251814 ], [ 127.00741939264995, 37.470531157577888 ], [ 127.005667896057389, 37.46996830645994 ], [ 127.004468620185264, 37.46928486824978 ], [ 127.004172723594223, 37.468834212146504 ], [ 127.003421937005811, 37.467259348791039 ], [ 126.999747343854807, 37.467159306272229 ], [ 126.99627509882059, 37.46671749087119 ], [ 126.994747745367164, 37.468819076500317 ], [ 126.992874216048094, 37.469525380173721 ], [ 126.989075215175944, 37.470661631207449 ], [ 126.986807037852557, 37.471182478625288 ], [ 126.985945948292667, 37.472771729734212 ], [ 126.985675975630301, 37.47461062063622 ], [ 126.986063675475791, 37.476004910256599 ], [ 126.986598889244974, 37.477123797685287 ], [ 126.987318618852854, 37.47762041690126 ], [ 126.98999708809707, 37.478954756288104 ], [ 126.990290241561539, 37.47908897199185 ], [ 126.996269488690743, 37.481026612782685 ], [ 127.000626675857205, 37.481911555488033 ], [ 127.002151626307906, 37.482295399684482 ], [ 127.002963899737139, 37.481274215089833 ], [ 127.00267030856503, 37.480853188937807 ], [ 127.002948852744467, 37.480316924732371 ], [ 127.004101791262812, 37.478553975211312 ], [ 127.005416022872012, 37.47901579789405 ], [ 127.006640613688361, 37.478215309867331 ], [ 127.009089387811017, 37.474853306726914 ], [ 127.010310076186059, 37.47226020215308 ] ] ] } },
{ "type": "Feature", "properties": { "adm_nm": "서울특별시 서초구 방배4동", "ADM_CD": "1165062100", "sggnm": "서초구" }, "geometry": { "type": "Polygon", "coordinates": [ [ [ 127.000267893683628, 37.491946693102001 ], [ 127.000797463489519, 37.489921986317199 ], [ 126.99907571815136, 37.489320927254894 ], [ 126.989629514812108, 37.486442282269635 ], [ 126.982082981406819, 37.485386555251374 ], [ 126.982651561595361, 37.490891745800234 ], [ 126.985501853590122, 37.490882851751437 ], [ 126.992286863015565, 37.493554811484572 ], [ 126.995460399266804, 37.49401965026918 ], [ 126.997245108905815, 37.493679108340757 ], [ 127.000267893683628, 37.491946693102001 ] ] ] } },
{ "type": "Feature", "properties": { "adm_nm": "서울특별시 서초구 양재1동", "ADM_CD": "1165065100", "sggnm": "서초구" }, "geometry": { "type": "Polygon", "coordinates": [ [ [ 127.043942189842113, 37.47971047664744 ], [ 127.041413111733391, 37.476670983070463 ], [ 127.040307672007259, 37.475500549438998 ], [ 127.039321862064185, 37.474711970006339 ], [ 127.037529629499971, 37.474026121755394 ], [ 127.033780462704755, 37.472900458335353 ], [ 127.032745962885983, 37.472170774790932 ], [ 127.030804261281844, 37.470369367936719 ], [ 127.028972457439096, 37.467850607624342 ], [ 127.029861118653287, 37.465445300547302 ], [ 127.030076099427689, 37.46418424593989 ], [ 127.029862362719669, 37.463453553046811 ], [ 127.026104979219866, 37.458510142023812 ], [ 127.024692132484134, 37.457811472440042 ], [ 127.020533873364926, 37.456167710917896 ], [ 127.017859172951532, 37.455608123024405 ], [ 127.016171063209669, 37.455369122383111 ], [ 127.01106032839904, 37.455388649737863 ], [ 127.005155755720295, 37.463060595794893 ], [ 127.004171241365441, 37.464778072938358 ], [ 127.003421937005811, 37.467259348791039 ], [ 127.004172723594223, 37.468834212146504 ], [ 127.004468620185264, 37.46928486824978 ], [ 127.005667896057389, 37.46996830645994 ], [ 127.00741939264995, 37.470531157577888 ], [ 127.009679414172737, 37.471603038251814 ], [ 127.010310076186059, 37.47226020215308 ], [ 127.013594403899958, 37.473176250416927 ], [ 127.014995242125977, 37.47420072377637 ], [ 127.015506093436528, 37.474755854803959 ], [ 127.01683988426673, 37.475966888078801 ], [ 127.018070682984842, 37.476603994661694 ], [ 127.019831941772324, 37.47687481366637 ], [ 127.02027512093629, 37.476867600239494 ], [ 127.021779360846693, 37.477529438861175 ], [ 127.024040869174328, 37.479359763010486 ], [ 127.024119715802698, 37.480333109471083 ], [ 127.02452529760123, 37.480592769696472 ], [ 127.025512909164632, 37.480798407022988 ], [ 127.027014792841157, 37.480508107226981 ], [ 127.027911781739249, 37.480856465473892 ], [ 127.028655603730044, 37.481056608020324 ], [ 127.029407982459304, 37.480455694819987 ], [ 127.0304119726419, 37.480200543392897 ], [ 127.03252269600759, 37.481007749876767 ], [ 127.033927923437247, 37.48221195113485 ], [ 127.034364516441926, 37.482777185796827 ], [ 127.034359000393849, 37.48286955361116 ], [ 127.033629546917538, 37.484013469554853 ], [ 127.03396794290876, 37.484797248593857 ], [ 127.041345846097684, 37.485570527805727 ], [ 127.043942189842113, 37.47971047664744 ] ] ] } },
{ "type": "Feature", "properties": { "adm_nm": "서울특별시 서초구 양재2동", "ADM_CD": "1165065200", "sggnm": "서초구" }, "geometry": { "type": "Polygon", "coordinates": [ [ [ 127.049580587995692, 37.470487492555989 ], [ 127.043032700214169, 37.465620747602458 ], [ 127.045358228358992, 37.463468856490017 ], [ 127.04555901678458, 37.461270739042234 ], [ 127.045518996235899, 37.461194654133564 ], [ 127.045528862270416, 37.460849919894812 ], [ 127.045819968902364, 37.459340125437578 ], [ 127.046368787297027, 37.458453261674606 ], [ 127.047678203794362, 37.457528747372407 ], [ 127.049480119150317, 37.455845749545652 ], [ 127.0506994507804, 37.453840165383902 ], [ 127.050498443955476, 37.453067605963881 ], [ 127.050867010966499, 37.452051625682515 ], [ 127.051904566194978, 37.450952480450987 ], [ 127.054160237166016, 37.448788716460818 ], [ 127.05613744035297, 37.446973142790512 ], [ 127.058670114866317, 37.443319692943284 ], [ 127.059932405226633, 37.441203930189978 ], [ 127.060511598422195, 37.440891689643529 ], [ 127.061459413694678, 37.440566253789143 ], [ 127.063358792311362, 37.438215079021937 ], [ 127.063538614310886, 37.437908150916321 ], [ 127.063909340162709, 37.436844776716477 ], [ 127.063956702271412, 37.435744153904373 ], [ 127.063368584737617, 37.434463164620688 ], [ 127.063108609285379, 37.43361040949582 ], [ 127.063031758020443, 37.431640631836622 ], [ 127.063156028424132, 37.429706556568213 ], [ 127.057888510537268, 37.430135372927971 ], [ 127.054593055257413, 37.429414299175562 ], [ 127.050893488369411, 37.42965493838711 ], [ 127.049865241996386, 37.430311280848123 ], [ 127.04746704771722, 37.430871092229097 ], [ 127.047242878702477, 37.431969364078206 ], [ 127.047093709610365, 37.432221739477896 ], [ 127.04665340618557, 37.432720310819228 ], [ 127.046343186487931, 37.433554014079974 ], [ 127.046160366123331, 37.433678408832556 ], [ 127.045229349891216, 37.433980137841125 ], [ 127.044722609239813, 37.434303207358965 ], [ 127.044542821689163, 37.434536343427354 ], [ 127.044351906400848, 37.435030233947089 ], [ 127.044099851739148, 37.435353754909372 ], [ 127.040974839857824, 37.438173084963296 ], [ 127.039906028768186, 37.438497928857529 ], [ 127.039015504241888, 37.438434743408543 ], [ 127.037311794205408, 37.438487802121266 ], [ 127.035864267087447, 37.439155899625554 ], [ 127.035799428570272, 37.439271701560237 ], [ 127.035448432074361, 37.440536175906743 ], [ 127.035393003080543, 37.440988332063881 ], [ 127.035413112466003, 37.441172670533135 ], [ 127.036654001272154, 37.441987602651956 ], [ 127.036813048964063, 37.442147655472056 ], [ 127.038086457819475, 37.444410564867241 ], [ 127.038322780697015, 37.445160749885609 ], [ 127.03836990001075, 37.445539677668584 ], [ 127.037876517289135, 37.449135161181921 ], [ 127.035834736553767, 37.457545918602712 ], [ 127.03540844571107, 37.457531711798758 ], [ 127.03516222071535, 37.457618764582293 ], [ 127.034924643839247, 37.457867958733338 ], [ 127.033784814615103, 37.460030492546082 ], [ 127.033429462899889, 37.461075226757792 ], [ 127.034734914894017, 37.463847834388574 ], [ 127.034368147094099, 37.464189970021749 ], [ 127.033142414131476, 37.465023402545299 ], [ 127.03272117313513, 37.4652527121224 ], [ 127.031268940285514, 37.465775357273621 ], [ 127.029861118653287, 37.465445300547302 ], [ 127.028972457439096, 37.467850607624342 ], [ 127.030804261281844, 37.470369367936719 ], [ 127.032745962885983, 37.472170774790932 ], [ 127.033780462704755, 37.472900458335353 ], [ 127.037529629499971, 37.474026121755394 ], [ 127.039321862064185, 37.474711970006339 ], [ 127.040307672007259, 37.475500549438998 ], [ 127.041413111733391, 37.476670983070463 ], [ 127.043942189842113, 37.47971047664744 ], [ 127.044574874802436, 37.478194121372361 ], [ 127.04502995335379, 37.477286625048237 ], [ 127.051057455032691, 37.471491353567096 ], [ 127.049580587995692, 37.470487492555989 ] ] ] } },
{ "type": "Feature", "properties": { "adm_nm": "서울특별시 서초구 내곡동", "ADM_CD": "1165066000", "sggnm": "서초구" }, "geometry": { "type": "Polygon", "coordinates": [ [ [ 127.085161826709708, 37.475273337651359 ], [ 127.08449158172867, 37.472872211212454 ], [ 127.08519858602186, 37.471562082884574 ], [ 127.086211665678576, 37.470363479976335 ], [ 127.088764519454458, 37.468073870044279 ], [ 127.093360180006613, 37.464396426740102 ], [ 127.094035920870994, 37.463987501801952 ], [ 127.095016554659267, 37.463657361092217 ], [ 127.0959959704971, 37.462499077608321 ], [ 127.096317631286396, 37.461432021370484 ], [ 127.095866597985491, 37.46106208218081 ], [ 127.095406448452195, 37.460289839053161 ], [ 127.094627320311233, 37.458781886206779 ], [ 127.094945825965539, 37.458424684915343 ], [ 127.095121769067049, 37.458300223147951 ], [ 127.094283330760845, 37.456523907590565 ], [ 127.093069304898634, 37.454818402392796 ], [ 127.092138547628679, 37.453622828642182 ], [ 127.091380122100162, 37.453307289942934 ], [ 127.090960052045105, 37.452977964247481 ], [ 127.08968720897488, 37.451197857163287 ], [ 127.088324242871707, 37.44863730582032 ], [ 127.088193025772455, 37.446369181124645 ], [ 127.087989623693332, 37.445061519871594 ], [ 127.085650362612739, 37.445027427768331 ], [ 127.085426844725333, 37.44494214062432 ], [ 127.084127048903156, 37.443996770443611 ], [ 127.08394220713889, 37.443818099535505 ], [ 127.082573973545522, 37.441462955150094 ], [ 127.082311193162624, 37.441199502984134 ], [ 127.081577484697689, 37.441004240163188 ], [ 127.081001203162941, 37.440959382723072 ], [ 127.077336606342229, 37.441806016791745 ], [ 127.076738198001365, 37.442176816818723 ], [ 127.076329966008188, 37.442274504795698 ], [ 127.074757795367603, 37.442418711429113 ], [ 127.072423819889664, 37.442353118186858 ], [ 127.071920094767421, 37.442085101685123 ], [ 127.071651133152827, 37.441795689190549 ], [ 127.071968678053267, 37.440005365822998 ], [ 127.073377726772961, 37.439340069370694 ], [ 127.072630764711889, 37.436389892436317 ], [ 127.071430146708309, 37.435201370712107 ], [ 127.070920126841116, 37.431850930217458 ], [ 127.070456310003067, 37.430063405275675 ], [ 127.069347973406622, 37.430424427689672 ], [ 127.068160157991699, 37.430576356765329 ], [ 127.066746465623908, 37.430130989515902 ], [ 127.066014165048088, 37.42959424205165 ], [ 127.065701638210442, 37.42915480275974 ], [ 127.065674259099254, 37.429010703691922 ], [ 127.064285687828843, 37.429203674300616 ], [ 127.063156028424132, 37.429706556568213 ], [ 127.063031758020443, 37.431640631836622 ], [ 127.063108609285379, 37.43361040949582 ], [ 127.063368584737617, 37.434463164620688 ], [ 127.063956702271412, 37.435744153904373 ], [ 127.063909340162709, 37.436844776716477 ], [ 127.063538614310886, 37.437908150916321 ], [ 127.063358792311362, 37.438215079021937 ], [ 127.061459413694678, 37.440566253789143 ], [ 127.060511598422195, 37.440891689643529 ], [ 127.059932405226633, 37.441203930189978 ], [ 127.058670114866317, 37.443319692943284 ], [ 127.05613744035297, 37.446973142790512 ], [ 127.054160237166016, 37.448788716460818 ], [ 127.051904566194978, 37.450952480450987 ], [ 127.050867010966499, 37.452051625682515 ], [ 127.050498443955476, 37.453067605963881 ], [ 127.0506994507804, 37.453840165383902 ], [ 127.049480119150317, 37.455845749545652 ], [ 127.047678203794362, 37.457528747372407 ], [ 127.046368787297027, 37.458453261674606 ], [ 127.045819968902364, 37.459340125437578 ], [ 127.045528862270416, 37.460849919894812 ], [ 127.045518996235899, 37.461194654133564 ], [ 127.04555901678458, 37.461270739042234 ], [ 127.045358228358992, 37.463468856490017 ], [ 127.043032700214169, 37.465620747602458 ], [ 127.049580587995692, 37.470487492555989 ], [ 127.050069930938534, 37.470099525065869 ], [ 127.05381069832805, 37.468731242287618 ], [ 127.054527186751628, 37.468526631780989 ], [ 127.056206655830223, 37.468385352901223 ], [ 127.061611661350156, 37.46895874049018 ], [ 127.062163188291322, 37.469646949053917 ], [ 127.062280421594522, 37.470225797912477 ], [ 127.062531887836442, 37.472842468948144 ], [ 127.069243633897869, 37.473885724699862 ], [ 127.069758050209558, 37.474776569093891 ], [ 127.070813752975269, 37.47483449027618 ], [ 127.072653177739156, 37.47479946922747 ], [ 127.073913208545392, 37.472858199879113 ], [ 127.07594359211663, 37.47379503591845 ], [ 127.077162387722623, 37.475009465250281 ], [ 127.07833523016167, 37.474857063454166 ], [ 127.079247921474462, 37.474829895962692 ], [ 127.080351009476672, 37.474885648165191 ], [ 127.081023047389863, 37.475169709358696 ], [ 127.082188455442335, 37.475331574772341 ], [ 127.083872265299277, 37.475445680516074 ], [ 127.085161826709708, 37.475273337651359 ] ] ] } },
{ "type": "Feature", "properties": { "adm_nm": "서울특별시 강남구 신사동", "ADM_CD": "1168051000", "sggnm": "강남구" }, "geometry": { "type": "Polygon", "coordinates": [ [ [ 127.02807815323149, 37.519584003369005 ], [ 127.025260801464455, 37.518556420544876 ], [ 127.021168729959513, 37.516819200932005 ], [ 127.019441049560442, 37.515987241640666 ], [ 127.019478305733685, 37.516341954190622 ], [ 127.019025197172894, 37.518237138365137 ], [ 127.018283465804814, 37.520519051452474 ], [ 127.017981371414578, 37.521301997922627 ], [ 127.017609208351644, 37.52209029170141 ], [ 127.017073602424119, 37.522886928629433 ], [ 127.014602276824931, 37.525508752887198 ], [ 127.011868114871191, 37.527841004460903 ], [ 127.012609176484162, 37.528312769126096 ], [ 127.020059302699053, 37.53456262055564 ], [ 127.021564918498868, 37.535530965877896 ], [ 127.02524305031038, 37.530236796099473 ], [ 127.026175535430482, 37.529315526425194 ], [ 127.027998930903834, 37.527773625269994 ], [ 127.028344110190019, 37.52721391113645 ], [ 127.028564254371972, 37.52730820109506 ], [ 127.028621594149811, 37.526612759083299 ], [ 127.028590958593313, 37.525937687078844 ], [ 127.028373454163045, 37.524575311381987 ], [ 127.02807815323149, 37.519584003369005 ] ] ] } },
{ "type": "Feature", "properties": { "adm_nm": "서울특별시 강남구 논현1동", "ADM_CD": "1168052100", "sggnm": "강남구" }, "geometry": { "type": "Polygon", "coordinates": [ [ [ 127.033887352846634, 37.507392031326411 ], [ 127.02447004920468, 37.504571875057607 ], [ 127.021374832426787, 37.511029317603565 ], [ 127.020350039213824, 37.510805198905665 ], [ 127.021307993874174, 37.511167953937672 ], [ 127.01985687415457, 37.515040799940856 ], [ 127.019441049560442, 37.515987241640666 ], [ 127.021168729959513, 37.516819200932005 ], [ 127.025260801464455, 37.518556420544876 ], [ 127.02807815323149, 37.519584003369005 ], [ 127.028272637627836, 37.519463116207916 ], [ 127.030769420415055, 37.514095212037041 ], [ 127.030462265641276, 37.513901532844926 ], [ 127.03085200679682, 37.513917867378858 ], [ 127.033887352846634, 37.507392031326411 ] ] ] } },
{ "type": "Feature", "properties": { "adm_nm": "서울특별시 강남구 논현2동", "ADM_CD": "1168053100", "sggnm": "강남구" }, "geometry": { "type": "Polygon", "coordinates": [ [ [ 127.039178075190492, 37.52290539552294 ], [ 127.041241711237177, 37.517303763305392 ], [ 127.040270517416459, 37.516928580440052 ], [ 127.041313185036714, 37.517102307395454 ], [ 127.043054006643843, 37.512372324299974 ], [ 127.043765799387856, 37.510263267325946 ], [ 127.033887352846634, 37.507392031326411 ], [ 127.03085200679682, 37.513917867378858 ], [ 127.030462265641276, 37.513901532844926 ], [ 127.030769420415055, 37.514095212037041 ], [ 127.028272637627836, 37.519463116207916 ], [ 127.02807815323149, 37.519584003369005 ], [ 127.038836707158822, 37.522984051177687 ], [ 127.039178075190492, 37.52290539552294 ] ] ] } },
{ "type": "Feature", "properties": { "adm_nm": "서울특별시 강남구 삼성1동", "ADM_CD": "1168058000", "sggnm": "강남구" }, "geometry": { "type": "Polygon", "coordinates": [ [ [ 127.066961859022427, 37.525081392754259 ], [ 127.06649665521077, 37.520929722147798 ], [ 127.06715825743936, 37.519980434804616 ], [ 127.068381481414733, 37.512306471856583 ], [ 127.068463142507227, 37.51028434761372 ], [ 127.066549381608269, 37.509937077588603 ], [ 127.056691825239952, 37.506855029477634 ], [ 127.054646209278246, 37.510515861798972 ], [ 127.052410061239343, 37.514663794577132 ], [ 127.050272556044078, 37.518852645184893 ], [ 127.057313632560621, 37.520108443776635 ], [ 127.060563897986512, 37.521235972408569 ], [ 127.061548529913665, 37.521726402144907 ], [ 127.065264906169787, 37.525603519889067 ], [ 127.066961859022427, 37.525081392754259 ] ] ] } },
{ "type": "Feature", "properties": { "adm_nm": "서울특별시 강남구 삼성2동", "ADM_CD": "1168059000", "sggnm": "강남구" }, "geometry": { "type": "Polygon", "coordinates": [ [ [ 127.056691825239952, 37.506855029477634 ], [ 127.049042848995242, 37.50439748322853 ], [ 127.047178234951417, 37.503974029697552 ], [ 127.048929706412238, 37.504630808699559 ], [ 127.048141307536596, 37.506207452453211 ], [ 127.04776955407246, 37.506591319033461 ], [ 127.045733333465193, 37.507865729335492 ], [ 127.04486972413541, 37.508475328389174 ], [ 127.044175970130709, 37.509202014922913 ], [ 127.041313185036714, 37.517102307395454 ], [ 127.040270517416459, 37.516928580440052 ], [ 127.041241711237177, 37.517303763305392 ], [ 127.050272556044078, 37.518852645184893 ], [ 127.052410061239343, 37.514663794577132 ], [ 127.054646209278246, 37.510515861798972 ], [ 127.056691825239952, 37.506855029477634 ] ] ] } },
{ "type": "Feature", "properties": { "adm_nm": "서울특별시 강남구 대치1동", "ADM_CD": "1168060000", "sggnm": "강남구" }, "geometry": { "type": "Polygon", "coordinates": [ [ [ 127.065530017232064, 37.490069582282587 ], [ 127.059989172957458, 37.489037329126596 ], [ 127.058798913604676, 37.488745581179266 ], [ 127.057903178548514, 37.488383941528994 ], [ 127.056559174803638, 37.487681501391386 ], [ 127.055398283131183, 37.49103510274756 ], [ 127.053396973728724, 37.49525902376422 ], [ 127.053032332899264, 37.495667364287293 ], [ 127.052728765355454, 37.496272501694193 ], [ 127.052510242759567, 37.497053881550904 ], [ 127.055674062845341, 37.497219054929026 ], [ 127.060860603265525, 37.498873222071552 ], [ 127.062201852372638, 37.49645811688719 ], [ 127.065530017232064, 37.490069582282587 ] ] ] } },
{ "type": "Feature", "properties": { "adm_nm": "서울특별시 강남구 대치4동", "ADM_CD": "1168063000", "sggnm": "강남구" }, "geometry": { "type": "Polygon", "coordinates": [ [ [ 127.060860603265525, 37.498873222071552 ], [ 127.055674062845341, 37.497219054929026 ], [ 127.052510242759567, 37.497053881550904 ], [ 127.049042848995242, 37.50439748322853 ], [ 127.056691825239952, 37.506855029477634 ], [ 127.060860603265525, 37.498873222071552 ] ] ] } },
{ "type": "Feature", "properties": { "adm_nm": "서울특별시 강남구 역삼1동", "ADM_CD": "1168064000", "sggnm": "강남구" }, "geometry": { "type": "Polygon", "coordinates": [ [ [ 127.047178234951417, 37.503974029697552 ], [ 127.038398676075886, 37.501282166790276 ], [ 127.03704419580815, 37.500616432514242 ], [ 127.040888375285618, 37.492413584680669 ], [ 127.031623257520422, 37.489540076728723 ], [ 127.02447004920468, 37.504571875057607 ], [ 127.033887352846634, 37.507392031326411 ], [ 127.043765799387856, 37.510263267325946 ], [ 127.044175970130709, 37.509202014922913 ], [ 127.04486972413541, 37.508475328389174 ], [ 127.045733333465193, 37.507865729335492 ], [ 127.04776955407246, 37.506591319033461 ], [ 127.048141307536596, 37.506207452453211 ], [ 127.048929706412238, 37.504630808699559 ], [ 127.047178234951417, 37.503974029697552 ] ] ] } },
{ "type": "Feature", "properties": { "adm_nm": "서울특별시 강남구 역삼2동", "ADM_CD": "1168065000", "sggnm": "강남구" }, "geometry": { "type": "Polygon", "coordinates": [ [ [ 127.052510242759567, 37.497053881550904 ], [ 127.052728765355454, 37.496272501694193 ], [ 127.040888375285618, 37.492413584680669 ], [ 127.03704419580815, 37.500616432514242 ], [ 127.038398676075886, 37.501282166790276 ], [ 127.047178234951417, 37.503974029697552 ], [ 127.049042848995242, 37.50439748322853 ], [ 127.052510242759567, 37.497053881550904 ] ] ] } },
{ "type": "Feature", "properties": { "adm_nm": "서울특별시 강남구 도곡1동", "ADM_CD": "1168065500", "sggnm": "강남구" }, "geometry": { "type": "Polygon", "coordinates": [ [ [ 127.041345846097684, 37.485570527805727 ], [ 127.03396794290876, 37.484797248593857 ], [ 127.033777478523902, 37.485099256250635 ], [ 127.031623257520422, 37.489540076728723 ], [ 127.040888375285618, 37.492413584680669 ], [ 127.046692264025225, 37.494305112972256 ], [ 127.049823039172196, 37.48838037967024 ], [ 127.048379960577932, 37.487716969477411 ], [ 127.048008459737375, 37.487677229213425 ], [ 127.046747534871614, 37.487147898183736 ], [ 127.045282303064624, 37.48648448414103 ], [ 127.045374464330109, 37.486356667940882 ], [ 127.045035110613384, 37.486229283697035 ], [ 127.044174292667293, 37.485954430544524 ], [ 127.041345846097684, 37.485570527805727 ] ] ] } },
{ "type": "Feature", "properties": { "adm_nm": "서울특별시 강남구 도곡2동", "ADM_CD": "1168065600", "sggnm": "강남구" }, "geometry": { "type": "Polygon", "coordinates": [ [ [ 127.056559174803638, 37.487681501391386 ], [ 127.051725600133793, 37.484854426518027 ], [ 127.047895312622074, 37.482499611399113 ], [ 127.044853589288635, 37.480724643465969 ], [ 127.043942189842113, 37.47971047664744 ], [ 127.041345846097684, 37.485570527805727 ], [ 127.044174292667293, 37.485954430544524 ], [ 127.045035110613384, 37.486229283697035 ], [ 127.045374464330109, 37.486356667940882 ], [ 127.045282303064624, 37.48648448414103 ], [ 127.046747534871614, 37.487147898183736 ], [ 127.048008459737375, 37.487677229213425 ], [ 127.048379960577932, 37.487716969477411 ], [ 127.049823039172196, 37.48838037967024 ], [ 127.046692264025225, 37.494305112972256 ], [ 127.052728765355454, 37.496272501694193 ], [ 127.053032332899264, 37.495667364287293 ], [ 127.053396973728724, 37.49525902376422 ], [ 127.055398283131183, 37.49103510274756 ], [ 127.056559174803638, 37.487681501391386 ] ] ] } },
{ "type": "Feature", "properties": { "adm_nm": "서울특별시 강남구 개포1동", "ADM_CD": "1168066000", "sggnm": "강남구" }, "geometry": { "type": "Polygon", "coordinates": [ [ [ 127.076410007440657, 37.483704946771631 ], [ 127.075893981215373, 37.482447947883529 ], [ 127.074819933281645, 37.480617700876856 ], [ 127.074567608801601, 37.480362157506768 ], [ 127.074106966458871, 37.480067554934813 ], [ 127.073528903315506, 37.479538172348583 ], [ 127.072861252585838, 37.47872791373328 ], [ 127.073350467267502, 37.477850013661161 ], [ 127.074376628586208, 37.476268177173687 ], [ 127.077162387722623, 37.475009465250281 ], [ 127.07594359211663, 37.47379503591845 ], [ 127.073913208545392, 37.472858199879113 ], [ 127.072653177739156, 37.47479946922747 ], [ 127.070813752975269, 37.47483449027618 ], [ 127.069758050209558, 37.474776569093891 ], [ 127.069243633897869, 37.473885724699862 ], [ 127.062531887836442, 37.472842468948144 ], [ 127.058738893924797, 37.475992207178834 ], [ 127.053772561996752, 37.481090474303357 ], [ 127.051725600133793, 37.484854426518027 ], [ 127.056521078709764, 37.487661020074917 ], [ 127.056824571258247, 37.486549009804918 ], [ 127.058001947534635, 37.484819425574841 ], [ 127.064741395777588, 37.479189523446685 ], [ 127.064810629360011, 37.4790670353593 ], [ 127.070475979213882, 37.482493697158617 ], [ 127.075529352388088, 37.486199488645546 ], [ 127.076410007440657, 37.483704946771631 ] ] ] } },
{ "type": "Feature", "properties": { "adm_nm": "서울특별시 강남구 개포4동", "ADM_CD": "1168069000", "sggnm": "강남구" }, "geometry": { "type": "Polygon", "coordinates": [ [ [ 127.062531887836442, 37.472842468948144 ], [ 127.062280421594522, 37.470225797912477 ], [ 127.062163188291322, 37.469646949053917 ], [ 127.061611661350156, 37.46895874049018 ], [ 127.056206655830223, 37.468385352901223 ], [ 127.054527186751628, 37.468526631780989 ], [ 127.05381069832805, 37.468731242287618 ], [ 127.050069930938534, 37.470099525065869 ], [ 127.049580587995692, 37.470487492555989 ], [ 127.051057455032691, 37.471491353567096 ], [ 127.04502995335379, 37.477286625048237 ], [ 127.044574874802436, 37.478194121372361 ], [ 127.043942189842113, 37.47971047664744 ], [ 127.044853589288635, 37.480724643465969 ], [ 127.047895312622074, 37.482499611399113 ], [ 127.051725600133793, 37.484854426518027 ], [ 127.053772561996752, 37.481090474303357 ], [ 127.058738893924797, 37.475992207178834 ], [ 127.062531887836442, 37.472842468948144 ] ] ] } },
{ "type": "Feature", "properties": { "adm_nm": "서울특별시 강남구 일원본동", "ADM_CD": "1168072000", "sggnm": "강남구" }, "geometry": { "type": "Polygon", "coordinates": [ [ [ 127.092990675192269, 37.477261003048717 ], [ 127.091941852877795, 37.477374577289595 ], [ 127.086687985869446, 37.476029057274324 ], [ 127.085558156717767, 37.475549567033489 ], [ 127.085161826709708, 37.475273337651359 ], [ 127.083872265299277, 37.475445680516074 ], [ 127.082188455442335, 37.475331574772341 ], [ 127.081023047389863, 37.475169709358696 ], [ 127.080351009476672, 37.474885648165191 ], [ 127.07904012413799, 37.474826902419544 ], [ 127.07833523016167, 37.474857063454166 ], [ 127.077162387722623, 37.475009465250281 ], [ 127.074376628586208, 37.476268177173687 ], [ 127.073350467267502, 37.477850013661161 ], [ 127.072861252585838, 37.47872791373328 ], [ 127.073528903315506, 37.479538172348583 ], [ 127.074106966458871, 37.480067554934813 ], [ 127.074567608801601, 37.480362157506768 ], [ 127.074819933281645, 37.480617700876856 ], [ 127.075893981215373, 37.482447947883529 ], [ 127.076410007440657, 37.483704946771631 ], [ 127.077449063762558, 37.487123752338952 ], [ 127.081804817236261, 37.488672401090781 ], [ 127.090746725957871, 37.491335936512101 ], [ 127.091313879659225, 37.490273165893086 ], [ 127.094094041971573, 37.487352195886942 ], [ 127.09417259947017, 37.48720599432032 ], [ 127.095008532890958, 37.482828239200899 ], [ 127.094916857451111, 37.482398767766142 ], [ 127.094192132145878, 37.481516171432339 ], [ 127.093778435873404, 37.480853661788878 ], [ 127.093104989173611, 37.479530595103974 ], [ 127.093000007484903, 37.478554507083594 ], [ 127.092990675192269, 37.477261003048717 ] ] ] } },
{ "type": "Feature", "properties": { "adm_nm": "서울특별시 강남구 일원1동", "ADM_CD": "1168073000", "sggnm": "강남구" }, "geometry": { "type": "Polygon", "coordinates": [ [ [ 127.09674069464802, 37.495830862402251 ], [ 127.101965306367561, 37.493637812114933 ], [ 127.099217954007059, 37.492813917828236 ], [ 127.098290714392107, 37.492613595621499 ], [ 127.092276472025404, 37.491764865984223 ], [ 127.081804817236261, 37.488672401090781 ], [ 127.079854845794841, 37.492929166994074 ], [ 127.079616520116247, 37.493665362351408 ], [ 127.081121869647632, 37.494187686104191 ], [ 127.088458063218297, 37.496504054635935 ], [ 127.09047000261522, 37.497473249421788 ], [ 127.09674069464802, 37.495830862402251 ] ] ] } },
{ "type": "Feature", "properties": { "adm_nm": "서울특별시 강남구 개포3동", "ADM_CD": "1168067500", "sggnm": "강남구" }, "geometry": { "type": "Polygon", "coordinates": [ [ [ 127.083628999949951, 37.499264463566824 ], [ 127.09047000261522, 37.497473249421788 ], [ 127.088458063218297, 37.496504054635935 ], [ 127.081121869647632, 37.494187686104191 ], [ 127.079616520116247, 37.493665362351408 ], [ 127.079854845794841, 37.492929166994074 ], [ 127.081804817236261, 37.488672401090781 ], [ 127.077449063762558, 37.487123752338952 ], [ 127.078040818088269, 37.487868316624358 ], [ 127.077210370697841, 37.490585207223184 ], [ 127.076208494896349, 37.492589415649711 ], [ 127.074944629084428, 37.492172485162129 ], [ 127.075000347487773, 37.492063073765117 ], [ 127.072778656425982, 37.491311627505915 ], [ 127.072401995513246, 37.491345928080435 ], [ 127.071835968357419, 37.493025442318284 ], [ 127.073579364631854, 37.494663210637761 ], [ 127.073851237654353, 37.495095718213506 ], [ 127.074239651395516, 37.496671119971822 ], [ 127.074302992967915, 37.497470179083493 ], [ 127.074178188455434, 37.498529954531143 ], [ 127.074074477661441, 37.498863083980254 ], [ 127.074654637457769, 37.50029608371127 ], [ 127.075490888551016, 37.50120046540529 ], [ 127.083628999949951, 37.499264463566824 ] ] ] } },
{ "type": "Feature", "properties": { "adm_nm": "서울특별시 강남구 수서동", "ADM_CD": "1168075000", "sggnm": "강남구" }, "geometry": { "type": "Polygon", "coordinates": [ [ [ 127.108139645463879, 37.489309599671238 ], [ 127.11019171574128, 37.486878882675079 ], [ 127.11156286921063, 37.484558106389002 ], [ 127.112275793894639, 37.483538527936354 ], [ 127.112176642259314, 37.483435672382434 ], [ 127.111740381725028, 37.483179603379924 ], [ 127.111097600035933, 37.482940882235489 ], [ 127.1100323915758, 37.483188626340421 ], [ 127.108283257989285, 37.483088196952778 ], [ 127.106938740136655, 37.482806562296325 ], [ 127.105602901206908, 37.482741363259741 ], [ 127.104952559363767, 37.483425258988682 ], [ 127.103987517382251, 37.484778580309751 ], [ 127.102620846601582, 37.484939617041803 ], [ 127.102226426233415, 37.484773349312213 ], [ 127.099493497380962, 37.483184918997047 ], [ 127.098569024075829, 37.482620682794895 ], [ 127.097983119235707, 37.482199542175053 ], [ 127.097685498607703, 37.48180532367023 ], [ 127.097362748930237, 37.480825117920261 ], [ 127.097288145852602, 37.480370743059794 ], [ 127.097427634773766, 37.479929608702754 ], [ 127.097476235612746, 37.479172628552853 ], [ 127.097342843539366, 37.478080509437454 ], [ 127.095759168272167, 37.477601772987363 ], [ 127.092990675192269, 37.477261003048717 ], [ 127.093000007484903, 37.478554507083594 ], [ 127.093104989173611, 37.479530595103974 ], [ 127.093778435873404, 37.480853661788878 ], [ 127.094192132145878, 37.481516171432339 ], [ 127.094916857451111, 37.482398767766142 ], [ 127.095008532890958, 37.482828239200899 ], [ 127.09417259947017, 37.48720599432032 ], [ 127.094094041971573, 37.487352195886942 ], [ 127.091313879659225, 37.490273165893086 ], [ 127.090746725957871, 37.491335936512101 ], [ 127.092276472025404, 37.491764865984223 ], [ 127.098290714392107, 37.492613595621499 ], [ 127.099217954007059, 37.492813917828236 ], [ 127.101965306367561, 37.493637812114933 ], [ 127.103647159064479, 37.49273309101708 ], [ 127.104799025901286, 37.492037266557396 ], [ 127.105682535207336, 37.491414898640997 ], [ 127.108139645463879, 37.489309599671238 ] ] ] } },
{ "type": "Feature", "properties": { "adm_nm": "서울특별시 강남구 세곡동", "ADM_CD": "1168070000", "sggnm": "강남구" }, "geometry": { "type": "Polygon", "coordinates": [ [ [ 127.111035420645408, 37.482935044024877 ], [ 127.111695423764701, 37.482440337252299 ], [ 127.119605288564927, 37.471682364265298 ], [ 127.120537817402877, 37.470378382065086 ], [ 127.121514010365999, 37.468818769333886 ], [ 127.12218211950136, 37.467517305364083 ], [ 127.122423695200524, 37.465859562920144 ], [ 127.122403465113806, 37.465596411851529 ], [ 127.122293371858149, 37.46521354246407 ], [ 127.121847077010443, 37.465028659924229 ], [ 127.117460489781422, 37.462171656657539 ], [ 127.117180277483115, 37.461822596161511 ], [ 127.116952600844584, 37.461012881252117 ], [ 127.116747131875641, 37.458594296695395 ], [ 127.11560171615524, 37.458595082431124 ], [ 127.113643934479995, 37.459737941639425 ], [ 127.113245933769775, 37.460035217718954 ], [ 127.11287825202389, 37.460484697495332 ], [ 127.113367664611843, 37.460827823288369 ], [ 127.113396778456462, 37.461071098408318 ], [ 127.11202039312181, 37.461560144676703 ], [ 127.10826139671002, 37.462167992189585 ], [ 127.106307030659622, 37.462538385867475 ], [ 127.104733060336699, 37.462148924063946 ], [ 127.104480335671582, 37.461021369841262 ], [ 127.103955835610492, 37.460105852366411 ], [ 127.103501835590038, 37.459625478690157 ], [ 127.100557222505927, 37.459051080242013 ], [ 127.098214453100795, 37.458794136514648 ], [ 127.096848269730643, 37.459607474336977 ], [ 127.0959959704971, 37.462499077608321 ], [ 127.095016554659267, 37.463657361092217 ], [ 127.094035920870994, 37.463987501801952 ], [ 127.093360180006613, 37.464396426740102 ], [ 127.088764519454458, 37.468073870044279 ], [ 127.086211665678576, 37.470363479976335 ], [ 127.08519858602186, 37.471562082884574 ], [ 127.08449158172867, 37.472872211212454 ], [ 127.085161826709708, 37.475273337651359 ], [ 127.085558156717767, 37.475549567033489 ], [ 127.086687985869446, 37.476029057274324 ], [ 127.091941852877795, 37.477374577289595 ], [ 127.092990675192269, 37.477261003048717 ], [ 127.095759168272167, 37.477601772987363 ], [ 127.097342843539366, 37.478080509437454 ], [ 127.097476235612746, 37.479172628552853 ], [ 127.097427634773766, 37.479929608702754 ], [ 127.097288145852602, 37.480370743059794 ], [ 127.097362748930237, 37.480825117920261 ], [ 127.097685498607703, 37.48180532367023 ], [ 127.097983119235707, 37.482199542175053 ], [ 127.098569024075829, 37.482620682794895 ], [ 127.099493497380962, 37.483184918997047 ], [ 127.102226426233415, 37.484773349312213 ], [ 127.102620846601582, 37.484939617041803 ], [ 127.103987517382251, 37.484778580309751 ], [ 127.104952559363767, 37.483425258988682 ], [ 127.105602901206908, 37.482741363259741 ], [ 127.106938740136655, 37.482806562296325 ], [ 127.108283257989285, 37.483088196952778 ], [ 127.1100323915758, 37.483188626340421 ], [ 127.111035420645408, 37.482935044024877 ] ] ] } },
{ "type": "Feature", "properties": { "adm_nm": "서울특별시 강남구 압구정동", "ADM_CD": "1168054500", "sggnm": "강남구" }, "geometry": { "type": "Polygon", "coordinates": [ [ [ 127.046668709452106, 37.533999725415882 ], [ 127.043790030543462, 37.527052857425609 ], [ 127.040797345689654, 37.527791299083233 ], [ 127.040177177004352, 37.526421188990206 ], [ 127.039122306950375, 37.523468517905123 ], [ 127.039127762186155, 37.523041625674352 ], [ 127.039178075190492, 37.52290539552294 ], [ 127.038836707158822, 37.522984051177687 ], [ 127.02807815323149, 37.519584003369005 ], [ 127.028373454163045, 37.524575311381987 ], [ 127.028590958593313, 37.525937687078844 ], [ 127.028621594149811, 37.526612759083299 ], [ 127.028564254371972, 37.52730820109506 ], [ 127.028344110190019, 37.52721391113645 ], [ 127.027998930903834, 37.527773625269994 ], [ 127.026175535430482, 37.529315526425194 ], [ 127.02524305031038, 37.530236796099473 ], [ 127.021564918498868, 37.535530965877896 ], [ 127.040308266555172, 37.535897207727338 ], [ 127.046668709452106, 37.533999725415882 ] ] ] } },
{ "type": "Feature", "properties": { "adm_nm": "서울특별시 강남구 청담동", "ADM_CD": "1168056500", "sggnm": "강남구" }, "geometry": { "type": "Polygon", "coordinates": [ [ [ 127.056566563763568, 37.529101172908732 ], [ 127.060252002125495, 37.527521807660072 ], [ 127.065264906169787, 37.525603519889067 ], [ 127.061548529913665, 37.521726402144907 ], [ 127.060563897986512, 37.521235972408569 ], [ 127.058400052721936, 37.520477598100669 ], [ 127.057313632560621, 37.520108443776635 ], [ 127.056220774622105, 37.519888017870535 ], [ 127.041241711237177, 37.517303763305392 ], [ 127.039127762186155, 37.523041625674352 ], [ 127.039122306950375, 37.523468517905123 ], [ 127.040177177004352, 37.526421188990206 ], [ 127.040797345689654, 37.527791299083233 ], [ 127.043790030543462, 37.527052857425609 ], [ 127.046668709452106, 37.533999725415882 ], [ 127.049058425591625, 37.532552153182337 ], [ 127.056566563763568, 37.529101172908732 ] ] ] } },
{ "type": "Feature", "properties": { "adm_nm": "서울특별시 강남구 대치2동", "ADM_CD": "1168061000", "sggnm": "강남구" }, "geometry": { "type": "Polygon", "coordinates": [ [ [ 127.06880349802961, 37.51000278936197 ], [ 127.069425044677587, 37.506448711423765 ], [ 127.069806450009054, 37.505044465727408 ], [ 127.071212490393009, 37.503516140229848 ], [ 127.073181326113328, 37.502130611156765 ], [ 127.075490888551016, 37.50120046540529 ], [ 127.074654637457769, 37.50029608371127 ], [ 127.074074477661441, 37.498863083980254 ], [ 127.074178188455434, 37.498529954531143 ], [ 127.074302992967915, 37.497470179083493 ], [ 127.074239651395516, 37.496671119971822 ], [ 127.073851237654353, 37.495095718213506 ], [ 127.073579364631854, 37.494663210637761 ], [ 127.071835968357419, 37.493025442318284 ], [ 127.068529500710824, 37.491011262156448 ], [ 127.067813919382573, 37.490660495727923 ], [ 127.067207835982899, 37.490446457054837 ], [ 127.065530017232064, 37.490069582282587 ], [ 127.062201852372638, 37.49645811688719 ], [ 127.060860603265525, 37.498873222071552 ], [ 127.056691825239952, 37.506855029477634 ], [ 127.066549381608269, 37.509937077588603 ], [ 127.068463142507227, 37.51028434761372 ], [ 127.06880349802961, 37.51000278936197 ] ] ] } },
{ "type": "Feature", "properties": { "adm_nm": "서울특별시 강남구 개포2동", "ADM_CD": "1168067000", "sggnm": "강남구" }, "geometry": { "type": "Polygon", "coordinates": [ [ [ 127.077449063762558, 37.487123752338952 ], [ 127.076410007440657, 37.483704946771631 ], [ 127.075529352388088, 37.486199488645546 ], [ 127.070475979213882, 37.482493697158617 ], [ 127.064810629360011, 37.4790670353593 ], [ 127.064741395777588, 37.479189523446685 ], [ 127.058001947534635, 37.484819425574841 ], [ 127.056824571258247, 37.486549009804918 ], [ 127.056521078709764, 37.487661020074917 ], [ 127.057903178548514, 37.488383941528994 ], [ 127.058798913604676, 37.488745581179266 ], [ 127.059989172957458, 37.489037329126596 ], [ 127.065530017232064, 37.490069582282587 ], [ 127.067207835982899, 37.490446457054837 ], [ 127.067813919382573, 37.490660495727923 ], [ 127.068529500710824, 37.491011262156448 ], [ 127.071835968357419, 37.493025442318284 ], [ 127.072401995513246, 37.491345928080435 ], [ 127.072778656425982, 37.491311627505915 ], [ 127.075000347487773, 37.492063073765117 ], [ 127.074944629084428, 37.492172485162129 ], [ 127.076208494896349, 37.492589415649711 ], [ 127.077210370697841, 37.490585207223184 ], [ 127.078040818088269, 37.487868316624358 ], [ 127.077449063762558, 37.487123752338952 ] ] ] } },
{ "type": "Feature", "properties": { "adm_nm": "서울특별시 송파구 풍납1동", "ADM_CD": "1171051000", "sggnm": "송파구" }, "geometry": { "type": "Polygon", "coordinates": [ [ [ 127.123211434257598, 37.538528693894229 ], [ 127.122432618232992, 37.536264928936255 ], [ 127.121260837392271, 37.533107550202153 ], [ 127.110935928965944, 37.536037201110958 ], [ 127.10415822683737, 37.536003409903827 ], [ 127.10956437773541, 37.543469981099015 ], [ 127.118500297923887, 37.54093032629325 ], [ 127.119083681209105, 37.540706870765312 ], [ 127.119515054511695, 37.540464895543209 ], [ 127.12046496460421, 37.539811089663317 ], [ 127.121610119216257, 37.539156775119693 ], [ 127.123211434257598, 37.538528693894229 ] ] ] } },
{ "type": "Feature", "properties": { "adm_nm": "서울특별시 송파구 풍납2동", "ADM_CD": "1171052000", "sggnm": "송파구" }, "geometry": { "type": "Polygon", "coordinates": [ [ [ 127.121260837392271, 37.533107550202153 ], [ 127.120719828246109, 37.531317250199855 ], [ 127.119161315601062, 37.528065646034186 ], [ 127.116404662338894, 37.52396341162023 ], [ 127.106159006353238, 37.523901483050565 ], [ 127.104338926539654, 37.524222258887939 ], [ 127.098957171276368, 37.527953652564285 ], [ 127.103201800662319, 37.534665067060743 ], [ 127.10415822683737, 37.536003409903827 ], [ 127.110935928965944, 37.536037201110958 ], [ 127.121260837392271, 37.533107550202153 ] ] ] } },
{ "type": "Feature", "properties": { "adm_nm": "서울특별시 송파구 거여1동", "ADM_CD": "1171053100", "sggnm": "송파구" }, "geometry": { "type": "Polygon", "coordinates": [ [ [ 127.146580295666311, 37.497980056815777 ], [ 127.14545548975326, 37.495455873371213 ], [ 127.143664918637612, 37.491160375180968 ], [ 127.142716185668192, 37.489121453848313 ], [ 127.142560955512536, 37.489170037421538 ], [ 127.142374429041126, 37.489421198589689 ], [ 127.142478270580582, 37.490052038383148 ], [ 127.142468189663546, 37.490493887843556 ], [ 127.142378451984825, 37.490926582586802 ], [ 127.142095389918651, 37.491039981328427 ], [ 127.141826699950997, 37.491653038766174 ], [ 127.141493026599136, 37.491679655266033 ], [ 127.13776119229972, 37.490430482678448 ], [ 127.136674371702782, 37.489152782311741 ], [ 127.135832859315428, 37.489521154784008 ], [ 127.135895672821164, 37.490230327529872 ], [ 127.137280458815809, 37.491467061880712 ], [ 127.137314662394886, 37.493099264200126 ], [ 127.137843131172772, 37.493639898670402 ], [ 127.137962536162533, 37.494302267016522 ], [ 127.139276149607227, 37.495657237938971 ], [ 127.139811266975471, 37.495380589377028 ], [ 127.140756811466403, 37.497401393984866 ], [ 127.141973145783339, 37.499428662086309 ], [ 127.146580295666311, 37.497980056815777 ] ] ] } },
{ "type": "Feature", "properties": { "adm_nm": "서울특별시 송파구 거여2동", "ADM_CD": "1171053200", "sggnm": "송파구" }, "geometry": { "type": "Polygon", "coordinates": [ [ [ 127.146580295666311, 37.497980056815777 ], [ 127.150322305242923, 37.495360339867155 ], [ 127.150923645666154, 37.494830314076758 ], [ 127.151512202083055, 37.494225343267665 ], [ 127.15249924278514, 37.492967080339731 ], [ 127.151313562212508, 37.492679039856753 ], [ 127.150328435029536, 37.492050783834536 ], [ 127.150487848715898, 37.491595233215023 ], [ 127.150651738638544, 37.491438000064761 ], [ 127.150357054789069, 37.491200971036392 ], [ 127.149653518433695, 37.49047712795636 ], [ 127.148417302288721, 37.490054407920383 ], [ 127.147299692230689, 37.489015142894019 ], [ 127.14732825421703, 37.48888213907567 ], [ 127.147202301488065, 37.488200679805011 ], [ 127.146811672573079, 37.487452319738075 ], [ 127.146698349246762, 37.487330504068062 ], [ 127.146305402597818, 37.487257385968412 ], [ 127.145990173803852, 37.48727313420072 ], [ 127.145716420982268, 37.487097706762569 ], [ 127.145274301673055, 37.487367018325124 ], [ 127.145089076388757, 37.487426115224331 ], [ 127.144578974775797, 37.487426367365835 ], [ 127.1445126537227, 37.487526231858617 ], [ 127.144477066015156, 37.487738754742573 ], [ 127.144212908929518, 37.488156377200653 ], [ 127.144335008214227, 37.488464812091927 ], [ 127.143258046812718, 37.488760765571612 ], [ 127.143037496168319, 37.488978057276803 ], [ 127.142716185668192, 37.489121453848313 ], [ 127.143664918637612, 37.491160375180968 ], [ 127.14545548975326, 37.495455873371213 ], [ 127.146580295666311, 37.497980056815777 ] ] ] } },
{ "type": "Feature", "properties": { "adm_nm": "서울특별시 송파구 마천1동", "ADM_CD": "1171054000", "sggnm": "송파구" }, "geometry": { "type": "Polygon", "coordinates": [ [ [ 127.160095433526749, 37.497160050159195 ], [ 127.16004833198636, 37.494445677588473 ], [ 127.159977226500217, 37.494222384615014 ], [ 127.159743530186844, 37.493604277802142 ], [ 127.158418484450038, 37.490695555392406 ], [ 127.158201335985893, 37.490458572609207 ], [ 127.157678869648166, 37.49016640067002 ], [ 127.15638570360629, 37.490935537275433 ], [ 127.15249924278514, 37.492967080339731 ], [ 127.151512202083055, 37.494225343267665 ], [ 127.150923645666154, 37.494830314076758 ], [ 127.150322305242923, 37.495360339867155 ], [ 127.148971768661497, 37.496283612598461 ], [ 127.156855001218773, 37.498386668634751 ], [ 127.160095433526749, 37.497160050159195 ] ] ] } },
{ "type": "Feature", "properties": { "adm_nm": "서울특별시 송파구 마천2동", "ADM_CD": "1171055000", "sggnm": "송파구" }, "geometry": { "type": "Polygon", "coordinates": [ [ [ 127.160095433526749, 37.497160050159195 ], [ 127.156855001218773, 37.498386668634751 ], [ 127.148971768661497, 37.496283612598461 ], [ 127.146580295666311, 37.497980056815777 ], [ 127.141973145783339, 37.499428662086309 ], [ 127.144372177170851, 37.504387705688501 ], [ 127.145236894176023, 37.50350250614558 ], [ 127.146052125989698, 37.503369747407667 ], [ 127.147686140213196, 37.503269912830007 ], [ 127.150122653243741, 37.50450970356701 ], [ 127.150840155245646, 37.504105086208341 ], [ 127.151903245750134, 37.503149931932988 ], [ 127.152150944873625, 37.503088162058162 ], [ 127.152632339542365, 37.503119999593473 ], [ 127.152824965447024, 37.503057470541961 ], [ 127.153213177067087, 37.502752147797231 ], [ 127.153963405651155, 37.502755474547094 ], [ 127.156471223240729, 37.501900866655468 ], [ 127.157616971849649, 37.503088356557335 ], [ 127.157869057555729, 37.503011345363618 ], [ 127.160552527380645, 37.501145379324392 ], [ 127.161378218747103, 37.500250659975649 ], [ 127.161376158662932, 37.499612046804152 ], [ 127.160563196856728, 37.497695444536141 ], [ 127.160095433526749, 37.497160050159195 ] ] ] } },
{ "type": "Feature", "properties": { "adm_nm": "서울특별시 송파구 방이1동", "ADM_CD": "1171056100", "sggnm": "송파구" }, "geometry": { "type": "Polygon", "coordinates": [ [ [ 127.127988931336503, 37.511735197973799 ], [ 127.12390421005378, 37.505371059850972 ], [ 127.122432663532763, 37.505376504873979 ], [ 127.116659404683276, 37.507761161802193 ], [ 127.121027815811914, 37.514588359850158 ], [ 127.127988931336503, 37.511735197973799 ] ] ] } },
{ "type": "Feature", "properties": { "adm_nm": "서울특별시 송파구 방이2동", "ADM_CD": "1171056200", "sggnm": "송파구" }, "geometry": { "type": "Polygon", "coordinates": [ [ [ 127.121027815811914, 37.514588359850158 ], [ 127.116659404683276, 37.507761161802193 ], [ 127.11224528201727, 37.510361824667555 ], [ 127.108090578092998, 37.511975038719996 ], [ 127.106649113986009, 37.515512726096588 ], [ 127.112759267179698, 37.517719224336027 ], [ 127.112552093656547, 37.517515162360851 ], [ 127.119027742933582, 37.515126174484607 ], [ 127.121027815811914, 37.514588359850158 ] ] ] } },
{ "type": "Feature", "properties": { "adm_nm": "서울특별시 송파구 오륜동", "ADM_CD": "1171056600", "sggnm": "송파구" }, "geometry": { "type": "Polygon", "coordinates": [ [ [ 127.128741861317806, 37.523790957935773 ], [ 127.143205450786667, 37.517443814948464 ], [ 127.144613052271652, 37.516960197817589 ], [ 127.145408129466148, 37.516485993537756 ], [ 127.145398656702284, 37.516096226188573 ], [ 127.144662939817238, 37.515546937041783 ], [ 127.141132125887353, 37.515644651224051 ], [ 127.143287427519041, 37.513978778417645 ], [ 127.1435243959871, 37.512689026940834 ], [ 127.1420614099831, 37.512790463765526 ], [ 127.141125307264986, 37.512323720301652 ], [ 127.14024606386316, 37.509831866959182 ], [ 127.139971965620461, 37.508593914388278 ], [ 127.140226742974306, 37.50839417575326 ], [ 127.136362171468022, 37.508369910353608 ], [ 127.121027815811914, 37.514588359850158 ], [ 127.119027742933582, 37.515126174484607 ], [ 127.112552093656547, 37.517515162360851 ], [ 127.112759267179698, 37.517719224336027 ], [ 127.116404662338894, 37.52396341162023 ], [ 127.119161315601062, 37.528065646034186 ], [ 127.128741861317806, 37.523790957935773 ] ] ] } },
{ "type": "Feature", "properties": { "adm_nm": "서울특별시 송파구 오금동", "ADM_CD": "1171057000", "sggnm": "송파구" }, "geometry": { "type": "Polygon", "coordinates": [ [ [ 127.140226742974306, 37.50839417575326 ], [ 127.141283126749499, 37.506942921065594 ], [ 127.141160808359558, 37.506307745302735 ], [ 127.140934759975337, 37.505701944022299 ], [ 127.141135441716969, 37.50545395934769 ], [ 127.143561456550728, 37.504451779045546 ], [ 127.144372177170851, 37.504387705688501 ], [ 127.141973145783339, 37.499428662086309 ], [ 127.140756811466403, 37.497401393984866 ], [ 127.139811266975471, 37.495380589377028 ], [ 127.134981990941895, 37.497819914106429 ], [ 127.132152719159635, 37.499526916784234 ], [ 127.130677413996736, 37.500309878519204 ], [ 127.128136235976285, 37.501998719568206 ], [ 127.12390421005378, 37.505371059850972 ], [ 127.127988931336503, 37.511735197973799 ], [ 127.136362171468022, 37.508369910353608 ], [ 127.140226742974306, 37.50839417575326 ] ] ] } },
{ "type": "Feature", "properties": { "adm_nm": "서울특별시 송파구 송파1동", "ADM_CD": "1171058000", "sggnm": "송파구" }, "geometry": { "type": "Polygon", "coordinates": [ [ [ 127.116659404683276, 37.507761161802193 ], [ 127.114755569973468, 37.504764705787927 ], [ 127.113808208572124, 37.503764482112807 ], [ 127.112611049842783, 37.502943703977685 ], [ 127.111983306979056, 37.502636306798934 ], [ 127.111440690483889, 37.5024125631004 ], [ 127.110146037827306, 37.501991418099806 ], [ 127.105701365009921, 37.50650511347083 ], [ 127.104026452822666, 37.508749290567494 ], [ 127.108090578092998, 37.511975038719996 ], [ 127.11224528201727, 37.510361824667555 ], [ 127.116659404683276, 37.507761161802193 ] ] ] } },
{ "type": "Feature", "properties": { "adm_nm": "서울특별시 송파구 송파2동", "ADM_CD": "1171059000", "sggnm": "송파구" }, "geometry": { "type": "Polygon", "coordinates": [ [ [ 127.122432663532763, 37.505376504873979 ], [ 127.121661978039782, 37.502274483119464 ], [ 127.119836785547108, 37.500908694582918 ], [ 127.118469971219966, 37.50007278216151 ], [ 127.1149285328367, 37.498210120077019 ], [ 127.114795609750942, 37.498206224590248 ], [ 127.111622254856016, 37.500396364844306 ], [ 127.110146037827306, 37.501991418099806 ], [ 127.111440690483889, 37.5024125631004 ], [ 127.111983306979056, 37.502636306798934 ], [ 127.112611049842783, 37.502943703977685 ], [ 127.113808208572124, 37.503764482112807 ], [ 127.114755569973468, 37.504764705787927 ], [ 127.116659404683276, 37.507761161802193 ], [ 127.122432663532763, 37.505376504873979 ] ] ] } },
{ "type": "Feature", "properties": { "adm_nm": "서울특별시 송파구 석촌동", "ADM_CD": "1171060000", "sggnm": "송파구" }, "geometry": { "type": "Polygon", "coordinates": [ [ [ 127.110146037827306, 37.501991418099806 ], [ 127.111622254856016, 37.500396364844306 ], [ 127.11059372368301, 37.500069615536852 ], [ 127.109635025993057, 37.500997106756607 ], [ 127.097618744215524, 37.497425728179614 ], [ 127.09734410722811, 37.496942541585462 ], [ 127.09656346296282, 37.497214793398442 ], [ 127.096940231729477, 37.502362850076423 ], [ 127.097313731857255, 37.506538559911213 ], [ 127.097673356548057, 37.506475552624934 ], [ 127.098461922869774, 37.506456828532265 ], [ 127.099418741531153, 37.506580634058395 ], [ 127.099877054176275, 37.506699364188854 ], [ 127.101178378775472, 37.507199513879463 ], [ 127.102648501141729, 37.50787710813362 ], [ 127.102992697684854, 37.508047269536149 ], [ 127.104026452822666, 37.508749290567494 ], [ 127.105701365009921, 37.50650511347083 ], [ 127.110146037827306, 37.501991418099806 ] ] ] } },
{ "type": "Feature", "properties": { "adm_nm": "서울특별시 송파구 삼전동", "ADM_CD": "1171061000", "sggnm": "송파구" }, "geometry": { "type": "Polygon", "coordinates": [ [ [ 127.097313731857255, 37.506538559911213 ], [ 127.096940231729477, 37.502362850076423 ], [ 127.09656346296282, 37.497214793398442 ], [ 127.09734410722811, 37.496942541585462 ], [ 127.09674069464802, 37.495830862402251 ], [ 127.083628999949951, 37.499264463566824 ], [ 127.090722627449566, 37.507532128450045 ], [ 127.097313731857255, 37.506538559911213 ] ] ] } },
{ "type": "Feature", "properties": { "adm_nm": "서울특별시 송파구 가락본동", "ADM_CD": "1171062000", "sggnm": "송파구" }, "geometry": { "type": "Polygon", "coordinates": [ [ [ 127.12390421005378, 37.505371059850972 ], [ 127.128136235976285, 37.501998719568206 ], [ 127.127340630902509, 37.501168087438337 ], [ 127.126644897766255, 37.500305089400939 ], [ 127.12334760138863, 37.494975206768956 ], [ 127.12625522176495, 37.491511040179546 ], [ 127.12108331871373, 37.488997870020434 ], [ 127.116668997538497, 37.494821027993709 ], [ 127.115223255435211, 37.49644328554038 ], [ 127.1146273841414, 37.497234541631421 ], [ 127.114795609750942, 37.498206224590248 ], [ 127.1149285328367, 37.498210120077019 ], [ 127.118469971219966, 37.50007278216151 ], [ 127.119836785547108, 37.500908694582918 ], [ 127.121661978039782, 37.502274483119464 ], [ 127.122432663532763, 37.505376504873979 ], [ 127.12390421005378, 37.505371059850972 ] ] ] } },
{ "type": "Feature", "properties": { "adm_nm": "서울특별시 송파구 가락1동", "ADM_CD": "1171063100", "sggnm": "송파구" }, "geometry": { "type": "Polygon", "coordinates": [ [ [ 127.111622254856016, 37.500396364844306 ], [ 127.114795609750942, 37.498206224590248 ], [ 127.1146273841414, 37.497234541631421 ], [ 127.115223255435211, 37.49644328554038 ], [ 127.116668997538497, 37.494821027993709 ], [ 127.11843477335286, 37.492516362358778 ], [ 127.108139645463879, 37.489309599671238 ], [ 127.105682535207336, 37.491414898640997 ], [ 127.104799025901286, 37.492037266557396 ], [ 127.103647159064479, 37.49273309101708 ], [ 127.102220387805829, 37.49353388794119 ], [ 127.09674069464802, 37.495830862402251 ], [ 127.097618744215524, 37.497425728179614 ], [ 127.109635025993057, 37.500997106756607 ], [ 127.11059372368301, 37.500069615536852 ], [ 127.111622254856016, 37.500396364844306 ] ] ] } },
{ "type": "Feature", "properties": { "adm_nm": "서울특별시 송파구 가락2동", "ADM_CD": "1171063200", "sggnm": "송파구" }, "geometry": { "type": "Polygon", "coordinates": [ [ [ 127.139276149607227, 37.495657237938971 ], [ 127.137962536162533, 37.494302267016522 ], [ 127.133551381961666, 37.490531205886647 ], [ 127.129905208458041, 37.493158532410874 ], [ 127.129613512361942, 37.493221832235783 ], [ 127.128716944354693, 37.492824678916513 ], [ 127.12625522176495, 37.491511040179546 ], [ 127.12334760138863, 37.494975206768956 ], [ 127.126644897766255, 37.500305089400939 ], [ 127.127340630902509, 37.501168087438337 ], [ 127.128136235976285, 37.501998719568206 ], [ 127.130677413996736, 37.500309878519204 ], [ 127.132152719159635, 37.499526916784234 ], [ 127.134981990941895, 37.497819914106429 ], [ 127.139276149607227, 37.495657237938971 ] ] ] } },
{ "type": "Feature", "properties": { "adm_nm": "서울특별시 송파구 문정1동", "ADM_CD": "1171064100", "sggnm": "송파구" }, "geometry": { "type": "Polygon", "coordinates": [ [ [ 127.133551381961666, 37.490531205886647 ], [ 127.129809256726347, 37.487245279877634 ], [ 127.126397600464514, 37.482807726026756 ], [ 127.124166744773689, 37.48236582453692 ], [ 127.12108331871373, 37.488997870020434 ], [ 127.12625522176495, 37.491511040179546 ], [ 127.128716944354693, 37.492824678916513 ], [ 127.129613512361942, 37.493221832235783 ], [ 127.129905208458041, 37.493158532410874 ], [ 127.133551381961666, 37.490531205886647 ] ] ] } },
{ "type": "Feature", "properties": { "adm_nm": "서울특별시 송파구 문정2동", "ADM_CD": "1171064200", "sggnm": "송파구" }, "geometry": { "type": "Polygon", "coordinates": [ [ [ 127.12108331871373, 37.488997870020434 ], [ 127.124166744773689, 37.48236582453692 ], [ 127.125069468180271, 37.480932062860568 ], [ 127.125338906738577, 37.48038390450737 ], [ 127.125779130505165, 37.479388471389441 ], [ 127.126485365264188, 37.477532766699582 ], [ 127.127029835913063, 37.475940909873458 ], [ 127.126589291403931, 37.46885064813597 ], [ 127.125773357317286, 37.469205275692509 ], [ 127.12506666419759, 37.468901077766148 ], [ 127.123827260604799, 37.466298949672272 ], [ 127.122293371858149, 37.46521354246407 ], [ 127.122403465113806, 37.465596411851529 ], [ 127.122423695200524, 37.465859562920144 ], [ 127.12218211950136, 37.467517305364083 ], [ 127.121514010365999, 37.468818769333886 ], [ 127.120537817402877, 37.470378382065086 ], [ 127.119605288564927, 37.471682364265298 ], [ 127.111695423764701, 37.482440337252299 ], [ 127.111035420645408, 37.482935044024877 ], [ 127.111740381725028, 37.483179603379924 ], [ 127.112176642259314, 37.483435672382434 ], [ 127.112275793894639, 37.483538527936354 ], [ 127.11156286921063, 37.484558106389002 ], [ 127.11019171574128, 37.486878882675079 ], [ 127.108139645463879, 37.489309599671238 ], [ 127.11843477335286, 37.492516362358778 ], [ 127.12108331871373, 37.488997870020434 ] ] ] } },
{ "type": "Feature", "properties": { "adm_nm": "서울특별시 송파구 잠실본동", "ADM_CD": "1171065000", "sggnm": "송파구" }, "geometry": { "type": "Polygon", "coordinates": [ [ [ 127.086687575015773, 37.511717438493918 ], [ 127.085573370684955, 37.511426395825922 ], [ 127.085939666212781, 37.510181279579236 ], [ 127.086225513502129, 37.509642592539528 ], [ 127.086642139515064, 37.509111123569923 ], [ 127.08697277714586, 37.50880241450173 ], [ 127.087514450868056, 37.508402099165814 ], [ 127.088261801168315, 37.508038528448857 ], [ 127.088966595364084, 37.507826910192115 ], [ 127.090722627449566, 37.507532128450045 ], [ 127.083628999949951, 37.499264463566824 ], [ 127.075490888551016, 37.50120046540529 ], [ 127.073181326113328, 37.502130611156765 ], [ 127.079474216947943, 37.506731118934169 ], [ 127.07832580815861, 37.511870305782381 ], [ 127.081326645493377, 37.51176294038175 ], [ 127.086687575015773, 37.511717438493918 ] ] ] } },
{ "type": "Feature", "properties": { "adm_nm": "서울특별시 송파구 잠실4동", "ADM_CD": "1171069000", "sggnm": "송파구" }, "geometry": { "type": "Polygon", "coordinates": [ [ [ 127.116404662338894, 37.52396341162023 ], [ 127.112759267179698, 37.517719224336027 ], [ 127.106649113986009, 37.515512726096588 ], [ 127.103014933402108, 37.522007138459387 ], [ 127.098117540978194, 37.527558708238594 ], [ 127.098957171276368, 37.527953652564285 ], [ 127.104338926539654, 37.524222258887939 ], [ 127.106159006353238, 37.523901483050565 ], [ 127.116404662338894, 37.52396341162023 ] ] ] } },
{ "type": "Feature", "properties": { "adm_nm": "서울특별시 송파구 잠실6동", "ADM_CD": "1171071000", "sggnm": "송파구" }, "geometry": { "type": "Polygon", "coordinates": [ [ [ 127.106649113986009, 37.515512726096588 ], [ 127.108090578092998, 37.511975038719996 ], [ 127.104026452822666, 37.508749290567494 ], [ 127.1012746609956, 37.511699875456848 ], [ 127.098881490603731, 37.51487244283858 ], [ 127.09420586198047, 37.520905710954615 ], [ 127.090437875091126, 37.52600227280481 ], [ 127.092250747011079, 37.526786026199801 ], [ 127.098117540978194, 37.527558708238594 ], [ 127.103014933402108, 37.522007138459387 ], [ 127.106649113986009, 37.515512726096588 ] ] ] } },
{ "type": "Feature", "properties": { "adm_nm": "서울특별시 송파구 잠실7동", "ADM_CD": "1171072000", "sggnm": "송파구" }, "geometry": { "type": "Polygon", "coordinates": [ [ [ 127.073181326113328, 37.502130611156765 ], [ 127.071212490393009, 37.503516140229848 ], [ 127.069806450009054, 37.505044465727408 ], [ 127.069425044677587, 37.506448711423765 ], [ 127.06880349802961, 37.51000278936197 ], [ 127.073633259967806, 37.511174060618757 ], [ 127.07832580815861, 37.511870305782381 ], [ 127.079474216947943, 37.506731118934169 ], [ 127.073181326113328, 37.502130611156765 ] ] ] } },
{ "type": "Feature", "properties": { "adm_nm": "서울특별시 송파구 잠실2동", "ADM_CD": "1171067000", "sggnm": "송파구" }, "geometry": { "type": "Polygon", "coordinates": [ [ [ 127.086687575015773, 37.511717438493918 ], [ 127.081326645493377, 37.51176294038175 ], [ 127.07832580815861, 37.511870305782381 ], [ 127.073633259967806, 37.511174060618757 ], [ 127.06880349802961, 37.51000278936197 ], [ 127.068463142507227, 37.51028434761372 ], [ 127.068381481414733, 37.512306471856583 ], [ 127.06715825743936, 37.519980434804616 ], [ 127.06649665521077, 37.520929722147798 ], [ 127.066961859022427, 37.525081392754259 ], [ 127.072854603031161, 37.523712509860573 ], [ 127.077580180752861, 37.523575149724273 ], [ 127.084285079076324, 37.524420303658218 ], [ 127.088519623798433, 37.525490859692319 ], [ 127.08851308213076, 37.523195744301944 ], [ 127.091167955297806, 37.515595233630933 ], [ 127.092253603409176, 37.512614380944058 ], [ 127.09255026866893, 37.511913495811136 ], [ 127.088770489005356, 37.5115037918154 ], [ 127.086687575015773, 37.511717438493918 ] ] ] } },
{ "type": "Feature", "properties": { "adm_nm": "서울특별시 송파구 잠실3동", "ADM_CD": "1171068000", "sggnm": "송파구" }, "geometry": { "type": "Polygon", "coordinates": [ [ [ 127.104026452822666, 37.508749290567494 ], [ 127.102992697684854, 37.508047269536149 ], [ 127.102142070880063, 37.507629782919444 ], [ 127.100285755046642, 37.506837078570584 ], [ 127.099418741531153, 37.506580634058395 ], [ 127.098461922869774, 37.506456828532265 ], [ 127.098025637433011, 37.506453091262429 ], [ 127.097673356548057, 37.506475552624934 ], [ 127.088966595364084, 37.507826910192115 ], [ 127.088261801168315, 37.508038528448857 ], [ 127.087514450868056, 37.508402099165814 ], [ 127.08697277714586, 37.50880241450173 ], [ 127.086642139515064, 37.509111123569923 ], [ 127.086225513502129, 37.509642592539528 ], [ 127.085939666212781, 37.510181279579236 ], [ 127.085573370684955, 37.511426395825922 ], [ 127.086687575015773, 37.511717438493918 ], [ 127.088770489005356, 37.5115037918154 ], [ 127.09255026866893, 37.511913495811136 ], [ 127.092253603409176, 37.512614380944058 ], [ 127.091167955297806, 37.515595233630933 ], [ 127.08851308213076, 37.523195744301944 ], [ 127.088519623798433, 37.525490859692319 ], [ 127.090437875091126, 37.52600227280481 ], [ 127.09420586198047, 37.520905710954615 ], [ 127.098881490603731, 37.51487244283858 ], [ 127.1012746609956, 37.511699875456848 ], [ 127.104026452822666, 37.508749290567494 ] ] ] } },
{ "type": "Feature", "properties": { "adm_nm": "서울특별시 송파구 장지동", "ADM_CD": "1171064600", "sggnm": "송파구" }, "geometry": { "type": "Polygon", "coordinates": [ [ [ 127.136674371702782, 37.489152782311741 ], [ 127.135346501853846, 37.481415078854809 ], [ 127.136843074401071, 37.481479495634701 ], [ 127.137689882773998, 37.481664711899597 ], [ 127.139065546438601, 37.481706863503113 ], [ 127.138543773752303, 37.480808081400895 ], [ 127.13829937897421, 37.480476792150803 ], [ 127.137587636374576, 37.479879347914434 ], [ 127.137193839662288, 37.479627729339889 ], [ 127.136851682549633, 37.47946498413063 ], [ 127.135752393996427, 37.479184001519364 ], [ 127.13512435966031, 37.478959071419219 ], [ 127.13367763776273, 37.478260534743747 ], [ 127.130367351146646, 37.475793556071118 ], [ 127.126897534901289, 37.4735054910754 ], [ 127.127029835913063, 37.475940909873458 ], [ 127.126485365264188, 37.477532766699582 ], [ 127.125779130505165, 37.479388471389441 ], [ 127.125338906738577, 37.48038390450737 ], [ 127.125069468180271, 37.480932062860568 ], [ 127.124166744773689, 37.48236582453692 ], [ 127.126397600464514, 37.482807726026756 ], [ 127.129809256726347, 37.487245279877634 ], [ 127.133551381961666, 37.490531205886647 ], [ 127.137962536162533, 37.494302267016522 ], [ 127.137843131172772, 37.493639898670402 ], [ 127.137314662394886, 37.493099264200126 ], [ 127.137280458815809, 37.491467061880712 ], [ 127.135895672821164, 37.490230327529872 ], [ 127.135832859315428, 37.489521154784008 ], [ 127.136674371702782, 37.489152782311741 ] ] ] } },
{ "type": "Feature", "properties": { "adm_nm": "서울특별시 송파구 위례동", "ADM_CD": "1171064700", "sggnm": "송파구" }, "geometry": { "type": "Polygon", "coordinates": [ [ [ 127.157678869648166, 37.49016640067002 ], [ 127.157297258532211, 37.489628649239023 ], [ 127.157638637478911, 37.489142800542808 ], [ 127.152250347132167, 37.486245783115145 ], [ 127.151963182625451, 37.486578774961536 ], [ 127.149839723316461, 37.485270635586971 ], [ 127.14874266819794, 37.483985814413082 ], [ 127.147719686027884, 37.481750243005322 ], [ 127.147399570713816, 37.477217809094022 ], [ 127.144244948196061, 37.477324717487541 ], [ 127.144189119908589, 37.476559408932481 ], [ 127.143538369500916, 37.475245566397348 ], [ 127.143445260624105, 37.474104184997621 ], [ 127.137153259109709, 37.474343178500945 ], [ 127.132588892980309, 37.474846847260416 ], [ 127.132290408957857, 37.470280825369187 ], [ 127.131867022980558, 37.469734177728434 ], [ 127.132676215428617, 37.468233949343592 ], [ 127.130959223055967, 37.467699264741945 ], [ 127.130564482145061, 37.467628469210453 ], [ 127.12987055561473, 37.467907433044843 ], [ 127.12873065029008, 37.46790874966559 ], [ 127.126589291403931, 37.46885064813597 ], [ 127.126897534901289, 37.4735054910754 ], [ 127.130367351146646, 37.475793556071118 ], [ 127.13367763776273, 37.478260534743747 ], [ 127.13512435966031, 37.478959071419219 ], [ 127.135752393996427, 37.479184001519364 ], [ 127.136851682549633, 37.47946498413063 ], [ 127.137587636374576, 37.479879347914434 ], [ 127.13829937897421, 37.480476792150803 ], [ 127.138543773752303, 37.480808081400895 ], [ 127.139065546438601, 37.481706863503113 ], [ 127.137689882773998, 37.481664711899597 ], [ 127.136843074401071, 37.481479495634701 ], [ 127.135346501853846, 37.481415078854809 ], [ 127.136674371702782, 37.489152782311741 ], [ 127.13776119229972, 37.490430482678448 ], [ 127.141493026599136, 37.491679655266033 ], [ 127.141826699950997, 37.491653038766174 ], [ 127.142095389918651, 37.491039981328427 ], [ 127.142378451984825, 37.490926582586802 ], [ 127.142468189663546, 37.490493887843556 ], [ 127.142478270580582, 37.490052038383148 ], [ 127.142374429041126, 37.489421198589689 ], [ 127.142560955512536, 37.489170037421538 ], [ 127.143037496168319, 37.488978057276803 ], [ 127.143258046812718, 37.488760765571612 ], [ 127.144335008214227, 37.488464812091927 ], [ 127.144212908929518, 37.488156377200653 ], [ 127.144477066015156, 37.487738754742573 ], [ 127.1445126537227, 37.487526231858617 ], [ 127.144578974775797, 37.487426367365835 ], [ 127.145089076388757, 37.487426115224331 ], [ 127.145274301673055, 37.487367018325124 ], [ 127.145716420982268, 37.487097706762569 ], [ 127.145990173803852, 37.48727313420072 ], [ 127.146305402597818, 37.487257385968412 ], [ 127.146698349246762, 37.487330504068062 ], [ 127.146811672573079, 37.487452319738075 ], [ 127.147202301488065, 37.488200679805011 ], [ 127.14732825421703, 37.48888213907567 ], [ 127.147299692230689, 37.489015142894019 ], [ 127.148417302288721, 37.490054407920383 ], [ 127.149653518433695, 37.49047712795636 ], [ 127.150357054789069, 37.491200971036392 ], [ 127.150651738638544, 37.491438000064761 ], [ 127.150487848715898, 37.491595233215023 ], [ 127.150328435029536, 37.492050783834536 ], [ 127.151313562212508, 37.492679039856753 ], [ 127.15249924278514, 37.492967080339731 ], [ 127.15638570360629, 37.490935537275433 ], [ 127.157678869648166, 37.49016640067002 ] ] ] } },
{ "type": "Feature", "properties": { "adm_nm": "서울특별시 강동구 상일제2동", "ADM_CD": "1174052600", "sggnm": "강동구" }, "geometry": { "type": "Polygon", "coordinates": [ [ [ 127.171486911521555, 37.55732415752265 ], [ 127.173138416048346, 37.557195902281492 ], [ 127.175825941663959, 37.557502278764076 ], [ 127.181878326396358, 37.558857874550348 ], [ 127.181584281077576, 37.557616593259453 ], [ 127.18136978094293, 37.55314980264275 ], [ 127.181389444386355, 37.55285240857274 ], [ 127.182825610153103, 37.546563686343575 ], [ 127.183551903455481, 37.54582646715933 ], [ 127.18090901654152, 37.545881348355991 ], [ 127.180131137420403, 37.546443749454909 ], [ 127.179046356445852, 37.5466413585008 ], [ 127.177631726369938, 37.546212740993433 ], [ 127.175590599214658, 37.545214531852778 ], [ 127.174387097297512, 37.545216853696921 ], [ 127.174127199700962, 37.54541112977806 ], [ 127.173641051598011, 37.546913848940456 ], [ 127.173050512651571, 37.549449530988632 ], [ 127.171486911521555, 37.55732415752265 ] ] ] } },
{ "type": "Feature", "properties": { "adm_nm": "서울특별시 강동구 상일제1동", "ADM_CD": "1174052500", "sggnm": "강동구" }, "geometry": { "type": "Polygon", "coordinates": [ [ [ 127.174127199700962, 37.54541112977806 ], [ 127.17397469013639, 37.545525555061779 ], [ 127.16410987374897, 37.54486470555748 ], [ 127.163193047455309, 37.545018685686891 ], [ 127.162794021479058, 37.545630415552154 ], [ 127.16251320674543, 37.545905715643819 ], [ 127.159687001606983, 37.545533691904161 ], [ 127.159010562468097, 37.545545259895022 ], [ 127.155939638338651, 37.54622363545257 ], [ 127.156578964797959, 37.555375370701171 ], [ 127.165204336385329, 37.556607983986538 ], [ 127.171486911521555, 37.55732415752265 ], [ 127.173050512651571, 37.549449530988632 ], [ 127.173641051598011, 37.546913848940456 ], [ 127.174127199700962, 37.54541112977806 ] ] ] } },
{ "type": "Feature", "properties": { "adm_nm": "서울특별시 강동구 명일1동", "ADM_CD": "1174053000", "sggnm": "강동구" }, "geometry": { "type": "Polygon", "coordinates": [ [ [ 127.150211600188527, 37.554693059836268 ], [ 127.149668788306855, 37.551222363550963 ], [ 127.148568549826251, 37.545779309349051 ], [ 127.147597582967393, 37.545991722309537 ], [ 127.145635331169245, 37.544855775715391 ], [ 127.145761463793988, 37.544361618337149 ], [ 127.142732898184178, 37.545071183392068 ], [ 127.142944239909099, 37.545175684894517 ], [ 127.143308222933399, 37.546203825946456 ], [ 127.143950826159127, 37.550788383478391 ], [ 127.141204290286453, 37.550869418116548 ], [ 127.140668466362015, 37.550926036016321 ], [ 127.140375806243171, 37.551151768015465 ], [ 127.140316254919583, 37.551320632002856 ], [ 127.143190356100121, 37.554612335017573 ], [ 127.144471784857714, 37.554770558241486 ], [ 127.150211600188527, 37.554693059836268 ] ] ] } },
{ "type": "Feature", "properties": { "adm_nm": "서울특별시 강동구 명일2동", "ADM_CD": "1174054000", "sggnm": "강동구" }, "geometry": { "type": "Polygon", "coordinates": [ [ [ 127.163193047455309, 37.545018685686891 ], [ 127.160402105155214, 37.541597804305688 ], [ 127.159746563887936, 37.542391510940377 ], [ 127.159170150887448, 37.542815739358304 ], [ 127.156822972704589, 37.543380026899392 ], [ 127.153621374398909, 37.543253651465022 ], [ 127.14871093513004, 37.545148892470827 ], [ 127.148568549826251, 37.545779309349051 ], [ 127.149668788306855, 37.551222363550963 ], [ 127.150211600188527, 37.554693059836268 ], [ 127.156578964797959, 37.555375370701171 ], [ 127.155939638338651, 37.54622363545257 ], [ 127.159010562468097, 37.545545259895022 ], [ 127.159687001606983, 37.545533691904161 ], [ 127.16251320674543, 37.545905715643819 ], [ 127.162794021479058, 37.545630415552154 ], [ 127.163193047455309, 37.545018685686891 ] ] ] } },
{ "type": "Feature", "properties": { "adm_nm": "서울특별시 강동구 고덕1동", "ADM_CD": "1174055000", "sggnm": "강동구" }, "geometry": { "type": "Polygon", "coordinates": [ [ [ 127.156578964797959, 37.555375370701171 ], [ 127.150211600188527, 37.554693059836268 ], [ 127.144471784857714, 37.554770558241486 ], [ 127.144604140230143, 37.556254810196272 ], [ 127.144074762814185, 37.558648521577382 ], [ 127.145943687462761, 37.560436606234418 ], [ 127.147253279273727, 37.561399340355976 ], [ 127.14523052845432, 37.565476406325189 ], [ 127.145411375354286, 37.568266223412174 ], [ 127.14924237405107, 37.568486587964017 ], [ 127.152906803663441, 37.570670188065698 ], [ 127.153322670337047, 37.567527668047973 ], [ 127.154722539517635, 37.568186070928292 ], [ 127.155315472198282, 37.568218224195832 ], [ 127.155935132480806, 37.567978920082481 ], [ 127.156363336365871, 37.567358234295682 ], [ 127.156927030999, 37.562962401950294 ], [ 127.156578964797959, 37.555375370701171 ] ] ] } },
{ "type": "Feature", "properties": { "adm_nm": "서울특별시 강동구 고덕2동", "ADM_CD": "1174056000", "sggnm": "강동구" }, "geometry": { "type": "Polygon", "coordinates": [ [ [ 127.171486911521555, 37.55732415752265 ], [ 127.165204336385329, 37.556607983986538 ], [ 127.156578964797959, 37.555375370701171 ], [ 127.156927030999, 37.562962401950294 ], [ 127.156363336365871, 37.567358234295682 ], [ 127.155935132480806, 37.567978920082481 ], [ 127.155315472198282, 37.568218224195832 ], [ 127.154722539517635, 37.568186070928292 ], [ 127.153322670337047, 37.567527668047973 ], [ 127.152906803663441, 37.570670188065698 ], [ 127.162277488422063, 37.576421776862425 ], [ 127.165354363315757, 37.573919165524998 ], [ 127.167417057066572, 37.570995299905171 ], [ 127.167313032857479, 37.57091163175344 ], [ 127.173357874808914, 37.563708821074364 ], [ 127.170492989736772, 37.562399388074496 ], [ 127.171032292505672, 37.559328404136764 ], [ 127.171486911521555, 37.55732415752265 ] ] ] } },
{ "type": "Feature", "properties": { "adm_nm": "서울특별시 강동구 암사2동", "ADM_CD": "1174058000", "sggnm": "강동구" }, "geometry": { "type": "Polygon", "coordinates": [ [ [ 127.129195531511328, 37.554761721140267 ], [ 127.12766533825895, 37.550069230897599 ], [ 127.126737386103159, 37.54789257637394 ], [ 127.122907398189881, 37.548776091874323 ], [ 127.123152786638343, 37.549472242929376 ], [ 127.112444475997691, 37.549507275034813 ], [ 127.11307043277391, 37.551331188907199 ], [ 127.113889395317472, 37.553330367458301 ], [ 127.113896892452587, 37.558598799072179 ], [ 127.113769177183897, 37.558885490922499 ], [ 127.113484389974062, 37.56025063398706 ], [ 127.115482651299416, 37.559851221369101 ], [ 127.116682597084278, 37.560020736819681 ], [ 127.117583590197157, 37.560974595076935 ], [ 127.119355510372699, 37.56265796260859 ], [ 127.120765869050715, 37.563506391107978 ], [ 127.121746500119002, 37.563994420093046 ], [ 127.12228096158411, 37.564254547880985 ], [ 127.131375903082542, 37.567454116614122 ], [ 127.133824681984649, 37.568445201911914 ], [ 127.133439904180548, 37.564942390827369 ], [ 127.132330755335531, 37.561523943792274 ], [ 127.131040102445937, 37.559629330474159 ], [ 127.130607697057854, 37.558631983601693 ], [ 127.129195531511328, 37.554761721140267 ] ] ] } },
{ "type": "Feature", "properties": { "adm_nm": "서울특별시 강동구 암사3동", "ADM_CD": "1174059000", "sggnm": "강동구" }, "geometry": { "type": "Polygon", "coordinates": [ [ [ 127.144471784857714, 37.554770558241486 ], [ 127.129195531511328, 37.554761721140267 ], [ 127.130607697057854, 37.558631983601693 ], [ 127.131040102445937, 37.559629330474159 ], [ 127.132330755335531, 37.561523943792274 ], [ 127.133439904180548, 37.564942390827369 ], [ 127.133824681984649, 37.568445201911914 ], [ 127.145411375354286, 37.568266223412174 ], [ 127.14523052845432, 37.565476406325189 ], [ 127.147253279273727, 37.561399340355976 ], [ 127.145943687462761, 37.560436606234418 ], [ 127.144074762814185, 37.558648521577382 ], [ 127.144604140230143, 37.556254810196272 ], [ 127.144471784857714, 37.554770558241486 ] ] ] } },
{ "type": "Feature", "properties": { "adm_nm": "서울특별시 강동구 천호1동", "ADM_CD": "1174060000", "sggnm": "강동구" }, "geometry": { "type": "Polygon", "coordinates": [ [ [ 127.142732898184178, 37.545071183392068 ], [ 127.141687015242042, 37.542277250363888 ], [ 127.138073279669911, 37.543131530943441 ], [ 127.13360749444638, 37.542423716219673 ], [ 127.132352698041217, 37.542364608172598 ], [ 127.131145584803917, 37.542392391200352 ], [ 127.134577832894664, 37.547120469952056 ], [ 127.135134860382507, 37.54781629414834 ], [ 127.137311341858592, 37.549915268565741 ], [ 127.137944691834548, 37.550261990231427 ], [ 127.141204290286453, 37.550869418116548 ], [ 127.143950826159127, 37.550788383478391 ], [ 127.143308222933399, 37.546203825946456 ], [ 127.142944239909099, 37.545175684894517 ], [ 127.142732898184178, 37.545071183392068 ] ] ] } },
{ "type": "Feature", "properties": { "adm_nm": "서울특별시 강동구 천호3동", "ADM_CD": "1174062000", "sggnm": "강동구" }, "geometry": { "type": "Polygon", "coordinates": [ [ [ 127.141687015242042, 37.542277250363888 ], [ 127.13968778060574, 37.541074617404497 ], [ 127.137914411715684, 37.541163835435121 ], [ 127.137391398794406, 37.541056321281488 ], [ 127.137084052085427, 37.540826658100954 ], [ 127.136809454555419, 37.540429246176423 ], [ 127.136312315634356, 37.539491403905814 ], [ 127.134387533586164, 37.535470687431406 ], [ 127.132947088911337, 37.535919475133831 ], [ 127.129937871448305, 37.536660507693028 ], [ 127.126423389678664, 37.537660119942025 ], [ 127.127424768616606, 37.539005133801311 ], [ 127.128672777452977, 37.540565031744705 ], [ 127.129344634654203, 37.540755299572389 ], [ 127.129769513351434, 37.540961690815919 ], [ 127.130524128182756, 37.541589368773082 ], [ 127.131145584803917, 37.542392391200352 ], [ 127.132352698041217, 37.542364608172598 ], [ 127.13360749444638, 37.542423716219673 ], [ 127.138073279669911, 37.543131530943441 ], [ 127.141687015242042, 37.542277250363888 ] ] ] } },
{ "type": "Feature", "properties": { "adm_nm": "서울특별시 강동구 성내1동", "ADM_CD": "1174064000", "sggnm": "강동구" }, "geometry": { "type": "Polygon", "coordinates": [ [ [ 127.131822687146894, 37.530141710367936 ], [ 127.128741861317806, 37.523790957935773 ], [ 127.119161315601062, 37.528065646034186 ], [ 127.120719828246109, 37.531317250199855 ], [ 127.121260837392271, 37.533107550202153 ], [ 127.125589754447518, 37.531865580259549 ], [ 127.126058064966898, 37.53261019843422 ], [ 127.126496915219278, 37.53301045105426 ], [ 127.127261442401959, 37.532013352092136 ], [ 127.127053173459245, 37.531466338916097 ], [ 127.131822687146894, 37.530141710367936 ] ] ] } },
{ "type": "Feature", "properties": { "adm_nm": "서울특별시 강동구 성내2동", "ADM_CD": "1174065000", "sggnm": "강동구" }, "geometry": { "type": "Polygon", "coordinates": [ [ [ 127.126423389678664, 37.537660119942025 ], [ 127.129937871448305, 37.536660507693028 ], [ 127.132947088911337, 37.535919475133831 ], [ 127.134387533586164, 37.535470687431406 ], [ 127.131822687146894, 37.530141710367936 ], [ 127.127053173459245, 37.531466338916097 ], [ 127.127261442401959, 37.532013352092136 ], [ 127.126496915219278, 37.53301045105426 ], [ 127.126058064966898, 37.53261019843422 ], [ 127.125589754447518, 37.531865580259549 ], [ 127.121260837392271, 37.533107550202153 ], [ 127.122432618232992, 37.536264928936255 ], [ 127.123211434257598, 37.538528693894229 ], [ 127.124076098735088, 37.538227018521681 ], [ 127.126423389678664, 37.537660119942025 ] ] ] } },
{ "type": "Feature", "properties": { "adm_nm": "서울특별시 강동구 성내3동", "ADM_CD": "1174066000", "sggnm": "강동구" }, "geometry": { "type": "Polygon", "coordinates": [ [ [ 127.138572270692976, 37.533987696520811 ], [ 127.133908383269699, 37.521540207109318 ], [ 127.128741861317806, 37.523790957935773 ], [ 127.134291223369317, 37.535271316526185 ], [ 127.138572270692976, 37.533987696520811 ] ] ] } },
{ "type": "Feature", "properties": { "adm_nm": "서울특별시 강동구 둔촌1동", "ADM_CD": "1174069000", "sggnm": "강동구" }, "geometry": { "type": "Polygon", "coordinates": [ [ [ 127.146048907511585, 37.522620537223247 ], [ 127.1447315398553, 37.519416757654255 ], [ 127.144837843236999, 37.518030110751852 ], [ 127.145009239739181, 37.51693322084499 ], [ 127.144613052271652, 37.516960197817589 ], [ 127.143205450786667, 37.517443814948464 ], [ 127.133908383269699, 37.521540207109318 ], [ 127.136632902169438, 37.528825961537535 ], [ 127.144728916971474, 37.526535235934659 ], [ 127.146113926420597, 37.523980656885698 ], [ 127.146162476322971, 37.523585331283556 ], [ 127.14614790097815, 37.523077146692621 ], [ 127.146048907511585, 37.522620537223247 ] ] ] } },
{ "type": "Feature", "properties": { "adm_nm": "서울특별시 강동구 둔촌2동", "ADM_CD": "1174070000", "sggnm": "강동구" }, "geometry": { "type": "Polygon", "coordinates": [ [ [ 127.153552422253881, 37.533996519079544 ], [ 127.153571844934461, 37.531020969009703 ], [ 127.153514907482986, 37.530330136647606 ], [ 127.153264858145036, 37.529331221105103 ], [ 127.153112491972166, 37.529091841713623 ], [ 127.152431982413347, 37.528333826941932 ], [ 127.149582194061367, 37.525882724229298 ], [ 127.149427758738653, 37.525630971714087 ], [ 127.149056287512664, 37.524600107035496 ], [ 127.148952270303894, 37.524305729688209 ], [ 127.148976878374171, 37.5241863728208 ], [ 127.148437665158511, 37.523031029922763 ], [ 127.147763461104319, 37.522169331260862 ], [ 127.14742156404894, 37.522066927169313 ], [ 127.145800088675486, 37.521989966841396 ], [ 127.146048907511585, 37.522620537223247 ], [ 127.14614790097815, 37.523077146692621 ], [ 127.146162476322971, 37.523585331283556 ], [ 127.146113926420597, 37.523980656885698 ], [ 127.144728916971474, 37.526535235934659 ], [ 127.136632902169438, 37.528825961537535 ], [ 127.138572270692976, 37.533987696520811 ], [ 127.139310121096841, 37.533851348064893 ], [ 127.140486374398023, 37.533738885081242 ], [ 127.140931942958147, 37.533759394513602 ], [ 127.141757771610614, 37.533847531477242 ], [ 127.143053177562166, 37.534263823901938 ], [ 127.160402105155214, 37.541597804305688 ], [ 127.158677160101803, 37.540148654591711 ], [ 127.157563253519328, 37.539034606133121 ], [ 127.156993759008174, 37.538366878779541 ], [ 127.156987220574905, 37.537940968778862 ], [ 127.156731381255085, 37.537576301709294 ], [ 127.154556904109739, 37.534925606063418 ], [ 127.153852254810971, 37.534172036255768 ], [ 127.153552422253881, 37.533996519079544 ] ] ] } },
{ "type": "Feature", "properties": { "adm_nm": "서울특별시 강동구 암사1동", "ADM_CD": "1174057000", "sggnm": "강동구" }, "geometry": { "type": "Polygon", "coordinates": [ [ [ 127.144471784857714, 37.554770558241486 ], [ 127.143190356100121, 37.554612335017573 ], [ 127.140316254919583, 37.551320632002856 ], [ 127.140375806243171, 37.551151768015465 ], [ 127.140668466362015, 37.550926036016321 ], [ 127.141204290286453, 37.550869418116548 ], [ 127.137944691834548, 37.550261990231427 ], [ 127.137311341858592, 37.549915268565741 ], [ 127.135134860382507, 37.54781629414834 ], [ 127.134577832894664, 37.547120469952056 ], [ 127.12766533825895, 37.550069230897599 ], [ 127.129195531511328, 37.554761721140267 ], [ 127.144471784857714, 37.554770558241486 ] ] ] } },
{ "type": "Feature", "properties": { "adm_nm": "서울특별시 강동구 천호2동", "ADM_CD": "1174061000", "sggnm": "강동구" }, "geometry": { "type": "Polygon", "coordinates": [ [ [ 127.134577832894664, 37.547120469952056 ], [ 127.130524128182756, 37.541589368773082 ], [ 127.129769513351434, 37.540961690815919 ], [ 127.129344634654203, 37.540755299572389 ], [ 127.128672777452977, 37.540565031744705 ], [ 127.127424768616606, 37.539005133801311 ], [ 127.126423389678664, 37.537660119942025 ], [ 127.124076098735088, 37.538227018521681 ], [ 127.121610119216257, 37.539156775119693 ], [ 127.12046496460421, 37.539811089663317 ], [ 127.119515054511695, 37.540464895543209 ], [ 127.119083681209105, 37.540706870765312 ], [ 127.118500297923887, 37.54093032629325 ], [ 127.10956437773541, 37.543469981099015 ], [ 127.111568510682446, 37.54650964728895 ], [ 127.112071860299253, 37.547545605849237 ], [ 127.112444475997691, 37.549507275034813 ], [ 127.123152786638343, 37.549472242929376 ], [ 127.122907398189881, 37.548776091874323 ], [ 127.126737386103159, 37.54789257637394 ], [ 127.12766533825895, 37.550069230897599 ], [ 127.134577832894664, 37.547120469952056 ] ] ] } },
{ "type": "Feature", "properties": { "adm_nm": "서울특별시 강동구 길동", "ADM_CD": "1174068500", "sggnm": "강동구" }, "geometry": { "type": "Polygon", "coordinates": [ [ [ 127.148568549826251, 37.545779309349051 ], [ 127.14871093513004, 37.545148892470827 ], [ 127.153621374398909, 37.543253651465022 ], [ 127.156822972704589, 37.543380026899392 ], [ 127.159170150887448, 37.542815739358304 ], [ 127.159746563887936, 37.542391510940377 ], [ 127.160402105155214, 37.541597804305688 ], [ 127.144795781601275, 37.534980072082568 ], [ 127.143053177562166, 37.534263823901938 ], [ 127.141757771610614, 37.533847531477242 ], [ 127.140486374398023, 37.533738885081242 ], [ 127.139310121096841, 37.533851348064893 ], [ 127.138572270692976, 37.533987696520811 ], [ 127.134291223369317, 37.535271316526185 ], [ 127.136312315634356, 37.539491403905814 ], [ 127.136809454555419, 37.540429246176423 ], [ 127.137084052085427, 37.540826658100954 ], [ 127.137391398794406, 37.541056321281488 ], [ 127.137914411715684, 37.541163835435121 ], [ 127.13968778060574, 37.541074617404497 ], [ 127.141687015242042, 37.542277250363888 ], [ 127.142732898184178, 37.545071183392068 ], [ 127.145761463793988, 37.544361618337149 ], [ 127.145635331169245, 37.544855775715391 ], [ 127.147597582967393, 37.545991722309537 ], [ 127.148568549826251, 37.545779309349051 ] ] ] } },
{ "type": "Feature", "properties": { "adm_nm": "서울특별시 구로구 오류2동", "ADM_CD": "1153078000", "sggnm": "구로구" }, "geometry": { "type": "Polygon", "coordinates": [ [ [ 126.831793689308398, 37.477574560161877 ], [ 126.832350541048001, 37.478263466237536 ], [ 126.832554710199048, 37.479049140344266 ], [ 126.831993438690745, 37.480091615498758 ], [ 126.832124194149941, 37.480818574926452 ], [ 126.830843596778493, 37.481215301683172 ], [ 126.831151330648126, 37.48173151655628 ], [ 126.832075397109364, 37.482905048576093 ], [ 126.832073088419776, 37.483936594366455 ], [ 126.830439215143997, 37.484414868859268 ], [ 126.829936581367178, 37.485516028084092 ], [ 126.828876892525869, 37.485760663024898 ], [ 126.82818275038143, 37.486967036238589 ], [ 126.828195957467173, 37.487623495297171 ], [ 126.827797508919957, 37.488173855745572 ], [ 126.825973255895121, 37.488229793416359 ], [ 126.824051609593539, 37.48884914198792 ], [ 126.826409626280352, 37.490631512382208 ], [ 126.827023742927153, 37.491211877465908 ], [ 126.826845153926556, 37.491259307640135 ], [ 126.826785727462862, 37.493154060704768 ], [ 126.82693604697144, 37.493206744942086 ], [ 126.83223551118158, 37.493222171508044 ], [ 126.832500694919787, 37.493210420308181 ], [ 126.832501255628372, 37.493073823624073 ], [ 126.835896163111627, 37.493094084696835 ], [ 126.838078821607056, 37.493162668991225 ], [ 126.839806984527158, 37.493378523686559 ], [ 126.8441106593949, 37.49377655742628 ], [ 126.845070848947742, 37.494013982745287 ], [ 126.845552521340025, 37.49439747342128 ], [ 126.84861953566562, 37.49521323350411 ], [ 126.848285387958242, 37.493885290477309 ], [ 126.848142030769097, 37.490459364147455 ], [ 126.847619678933214, 37.490236796752129 ], [ 126.846369310836849, 37.489104295717162 ], [ 126.844655494093217, 37.486525944925468 ], [ 126.845807512601326, 37.485508166818008 ], [ 126.847586093130573, 37.484625098456156 ], [ 126.849865363511086, 37.48387770900181 ], [ 126.848269602410056, 37.482356895713785 ], [ 126.846483960212524, 37.481704817371138 ], [ 126.846034211186051, 37.479695688929624 ], [ 126.845816191811409, 37.476566781474006 ], [ 126.845539286427922, 37.474273514128654 ], [ 126.845487984117199, 37.474080604942735 ], [ 126.845327827260846, 37.473803677626208 ], [ 126.84418398752338, 37.474024901323517 ], [ 126.843606700144719, 37.474429421898904 ], [ 126.843468185514823, 37.47469213282303 ], [ 126.843278241213198, 37.474826607683632 ], [ 126.842777678671141, 37.474920720990148 ], [ 126.842581852830122, 37.47492413834604 ], [ 126.842168814396999, 37.474800056498729 ], [ 126.841867391064312, 37.474825518631647 ], [ 126.841007597154515, 37.474615663641075 ], [ 126.839996711625588, 37.474788043354408 ], [ 126.839736065221572, 37.475052476874517 ], [ 126.838841426811712, 37.475464359705313 ], [ 126.836849628225579, 37.475052094563416 ], [ 126.835792501546351, 37.475256849186266 ], [ 126.833013961616032, 37.477251417030637 ], [ 126.831793689308398, 37.477574560161877 ] ] ] } },
{ "type": "Feature", "properties": { "adm_nm": "서울특별시 강동구 강일동", "ADM_CD": "1174051500", "sggnm": "강동구" }, "geometry": { "type": "Polygon", "coordinates": [ [ [ 127.181878326396358, 37.558857874550348 ], [ 127.175825941663959, 37.557502278764076 ], [ 127.173138416048346, 37.557195902281492 ], [ 127.171486911521555, 37.55732415752265 ], [ 127.171032292505672, 37.559328404136764 ], [ 127.170492989736772, 37.562399388074496 ], [ 127.173357874808914, 37.563708821074364 ], [ 127.167313032857479, 37.57091163175344 ], [ 127.167417057066572, 37.570995299905171 ], [ 127.165354363315757, 37.573919165524998 ], [ 127.162277488422063, 37.576421776862425 ], [ 127.166623794361755, 37.578920278482713 ], [ 127.168566218121143, 37.578946640140799 ], [ 127.171920033443641, 37.579419761166641 ], [ 127.173952945659934, 37.579582003364855 ], [ 127.175010545655496, 37.580052495453423 ], [ 127.176936544817366, 37.580710119440418 ], [ 127.177667259253823, 37.580834941347462 ], [ 127.176973080084224, 37.579455013747619 ], [ 127.175509753356565, 37.578379609640919 ], [ 127.175359490859506, 37.577286308390285 ], [ 127.175817407657902, 37.574847158173185 ], [ 127.176139001170725, 37.57413484646591 ], [ 127.177822987763633, 37.571469199470343 ], [ 127.179113651309521, 37.569147789257912 ], [ 127.179232904461756, 37.568817429654253 ], [ 127.179452741250614, 37.567560639905999 ], [ 127.179475622441515, 37.566537252929827 ], [ 127.179569669346392, 37.565707550585813 ], [ 127.179759313866413, 37.56505007744942 ], [ 127.181116490156441, 37.562442079813657 ], [ 127.181824645033856, 37.56133194537491 ], [ 127.18196925443641, 37.560941372822619 ], [ 127.182021156874484, 37.560218176193899 ], [ 127.181984239908459, 37.559413618390828 ], [ 127.181878326396358, 37.558857874550348 ] ] ] } }
]
}
